dataset	level	iteration	method	parameters	seq_id               	observed_taxonomy	expected_taxonomy	result	mismatch_level
F1-REF	5	1	rdp	0.4	AF224395	Root;Ascomycota;Lecanoromycetes;Teloschistales;Physciaceae	Root;Ascomycota;Lecanoromycetes;Teloschistales;Physciaceae;Physcia	match	5
F1-REF	5	1	rdp	0.4	AB213454	Root;Ascomycota	Root;Ascomycota;Sordariomycetes;Microascales;Microascaceae;Pithoascus	underclassification	2
F1-REF	5	1	rdp	0.4	U57988	Root;Ascomycota;Leotiomycetes;Helotiales;Hyaloscyphaceae;Lachnum	Root;Ascomycota;Leotiomycetes;Helotiales;Hyaloscyphaceae;Perrotia	overclassification	5
F1-REF	5	1	rdp	0.4	FN547645	Root;Glomeromycota;Glomeromycetes;Diversisporales;Diversisporaceae;Otospora;Otospora_bareae	Root;Glomeromycota;Glomeromycetes;Diversisporales;Diversisporaceae;Diversispora	overclassification	5
F1-REF	5	1	rdp	0.4	EU293816	Root;Basidiomycota;Agaricomycetes;Thelephorales;Bankeraceae;Boletopsis;Boletopsis_subsquamosa	Root;Basidiomycota;Agaricomycetes;Thelephorales;Bankeraceae;Sarcodon	overclassification	5
F1-REF	5	1	rdp	0.4	GU590932	Root;Basidiomycota;Agaricomycetes;Cantharellales;Cantharellaceae;Craterellus;Craterellus_carolinensis	Root;Basidiomycota;Agaricomycetes;Cantharellales;Cantharellaceae;Pseudocraterellus	overclassification	5
F1-REF	5	1	rdp	0.4	GQ919278	Root;Ascomycota;Lecanoromycetes;Lecanorales;Parmeliaceae;Hypotrachyna;Hypotrachyna_incognita	Root;Ascomycota;Lecanoromycetes;Lecanorales;Parmeliaceae;Remototrachyna_aff_infirma_MAF_Lich_15611	overclassification	5
F1-REF	5	1	rdp	0.4	FJ596839	Root;Basidiomycota;Agaricomycetes;Agaricales	Root;Basidiomycota;Agaricomycetes;Agaricales;Hygrophoraceae;Camarophyllopsis	underclassification	4
F1-REF	5	1	rdp	0.4	AY367612	Root;Basidiomycota;Agaricomycetes;Agaricales	Root;Basidiomycota;Agaricomycetes;Agaricales;Tricholomataceae;Apterostigma_manni_fungal_symbiont_s86	underclassification	4
F1-REF	5	1	rdp	0.4	JN207313	Root;Ascomycota;Dothideomycetes;Pleosporales;Pleosporaceae;Exserohilum;Exserohilum_rostratum	Root;Ascomycota;Dothideomycetes;Pleosporales;Pleosporaceae;Pleosporaceae_P28E3	overclassification	5
F1-REF	5	1	rdp	0.4	JN849459	Root;Basidiomycota;Microbotryomycetes;Microbotryales;Microbotryaceae;Microbotryum	Root;Basidiomycota;Microbotryomycetes;Microbotryales;Ustilentylomataceae;Microbotryozyma_collariae	misclassification	4
F1-REF	5	1	rdp	0.4	DQ384578	Root;Basidiomycota;Agaricomycetes;Boletales;Boletaceae	Root;Basidiomycota;Agaricomycetes;Boletales;Boletaceae;Boletellus	match	5
F1-REF	5	1	rdp	0.4	FJ594063	Root;Basidiomycota;Agaricomycetes;Polyporales	Root;Basidiomycota;Agaricomycetes;Polyporales;Meruliaceae;Phlebia	underclassification	4
F1-REF	5	1	rdp	0.4	FJ914687	Root;Ascomycota;Sordariomycetes;Microascales;Microascaceae;Doratomyces;Doratomyces_verrucisporus	Root;Ascomycota;Sordariomycetes;Microascales;Microascaceae;Cephalotrichum	overclassification	5
F1-REF	5	1	rdp	0.4	GQ922520	Root;Ascomycota;Sordariomycetes;Sordariales;Chaetomiaceae;Chaetomium;Chaetomium_longicolleum	Root;Ascomycota;Sordariomycetes;Sordariales;Lasiosphaeriaceae;Apiosordaria	misclassification	4
F1-REF	5	1	rdp	0.4	HM005147	Root;Basidiomycota;Agaricomycetes;Agaricales;Physalacriaceae	Root;Basidiomycota;Agaricomycetes;Agaricales;Physalacriaceae;Protoxerula_flavo_olivacea	match	5
F1-REF	5	1	rdp	0.4	AF385213	Root;Ascomycota;Sordariomycetes;Hypocreales;Clavicipitaceae;Neotyphodium;Neotyphodium_coenophialum	Root;Ascomycota;Sordariomycetes;Hypocreales;Clavicipitaceae;Epichloe	overclassification	5
F1-REF	5	1	rdp	0.4	GQ355335	Root;Ascomycota;Dothideomycetes;Capnodiales;Mycosphaerellaceae;Mycosphaerella	Root;Ascomycota;Dothideomycetes;Pleosporales;Venturiaceae;Rosenscheldiella	misclassification	3
F1-REF	5	1	rdp	0.4	EF191243	Root;Ascomycota;Leotiomycetes;Rhytismatales;Rhytismataceae;Hypoderma;Hypoderma_rubi	Root;Ascomycota;Leotiomycetes;Rhytismatales;Rhytismataceae;Coccomyces	overclassification	5
F1-REF	5	1	rdp	0.4	AY789280	Root;Ascomycota;Leotiomycetes;Helotiales	Root;Ascomycota;Leotiomycetes;Helotiales;Sclerotiniaceae;Mitrula	underclassification	4
F1-REF	5	1	rdp	0.4	DQ497617	Root;Ascomycota;Taphrinomycetes;Taphrinales;Taphrinaceae	Root;Ascomycota;Taphrinomycetes;Taphrinales;Protomycetaceae;Protomyces	misclassification	4
F1-REF	5	1	rdp	0.4	HM060327	Root;Basidiomycota;Agaricomycetes;Agaricales	Root;Basidiomycota;Agaricomycetes;Boletales;Boletaceae;Austroboletus	misclassification	3
F1-REF	5	1	rdp	0.4	EU819439	Root;Basidiomycota;Agaricomycetes;Boletales;Sclerodermataceae;Pisolithus	Root;Basidiomycota;Agaricomycetes;Boletales;Sclerodermataceae;Scleroderma	overclassification	5
F1-REF	5	1	rdp	0.4	GQ913359	Root;Basidiomycota;Agaricomycetes;Agaricales;Physalacriaceae;Hymenopellis_rubrobrunnescens;Hymenopellis_rubrobrunnescens	Root;Basidiomycota;Agaricomycetes;Agaricales;Physalacriaceae;Hymenopellis_gigaspora	overclassification	5
F1-REF	5	1	rdp	0.4	AB524791	Root;Ascomycota;Dothideomycetes;Pleosporales;Tetraplosphaeriaceae;Quadricrura;Quadricrura_bicornis	Root;Ascomycota;Dothideomycetes;Pleosporales;Tetraplosphaeriaceae;Polyplosphaeria	overclassification	5
F1-REF	5	1	rdp	0.4	GU300790	Root;Ascomycota;Lecanoromycetes;Lecanorales;Parmeliaceae	Root;Ascomycota;Lecanoromycetes;Lecanorales;Parmeliaceae;Pseudevernia	match	5
F1-REF	5	1	rdp	0.4	FJ645263	Root;Ascomycota;Eurotiomycetes;Verrucariales;Verrucariaceae	Root;Ascomycota;Eurotiomycetes;Verrucariales;Verrucariaceae;Sporodictyon	match	5
F1-REF	5	1	rdp	0.4	AB072233	Root;Basidiomycota;Tremellomycetes;Cystofilobasidiales;Cystofilobasidiaceae;Udeniomyces;Udeniomyces_pannonicus	Root;Basidiomycota;Tremellomycetes;Cystofilobasidiales;Cystofilobasidiaceae;Itersonilia	overclassification	5
F1-REF	5	1	rdp	0.4	EF989122	Root;Basidiomycota;Agaricomycetes	Root;Basidiomycota;Agaricomycetes;Hysterangiales;Mesophelliaceae;Chondrogaster	underclassification	3
F1-REF	5	1	rdp	0.4	FJ172271	Root;Ascomycota;Sordariomycetes;Xylariales;Xylariaceae	Root;Ascomycota;Sordariomycetes;Xylariales;Xylariaceae;Xylotumulus	match	5
F1-REF	5	1	rdp	0.4	AJ005367	Root;Ascomycota;Eurotiomycetes;Onygenales	Root;Ascomycota;Eurotiomycetes;Onygenales;Onygenaceae;Chrysosporium	underclassification	4
F1-REF	5	1	rdp	0.4	AJ866977	Root;Basidiomycota;Tremellomycetes;Cystofilobasidiales;Cystofilobasidiaceae;Udeniomyces;Udeniomyces_pseudopyricola	Root;Basidiomycota;Tremellomycetes;Cystofilobasidiales;Cystofilobasidiaceae;Mrakia	overclassification	5
F1-REF	5	1	rdp	0.4	EU860055	Root;Ascomycota;Sordariomycetes;Hypocreales;Nectriaceae	Root;Ascomycota;Sordariomycetes;Hypocreales;Nectriaceae;Viridispora	match	5
F1-REF	5	1	rdp	0.4	FJ010207	Root;Basidiomycota;Agaricomycetes;Polyporales;Phanerochaetaceae;Phanerochaete;Phanerochaete_laevis	Root;Basidiomycota;Agaricomycetes;Polyporales;Meruliaceae;Flavodon	misclassification	4
F1-REF	5	1	rdp	0.4	DQ534469	Root;Ascomycota;Lecanoromycetes;Lecanorales;Parmeliaceae	Root;Ascomycota;Lecanoromycetes;Lecanorales;Lecanoraceae;Lecanora	misclassification	4
F1-REF	5	1	rdp	0.4	GQ456166	Root;Ascomycota;Leotiomycetes;Helotiales;Dermateaceae	Root;Ascomycota;Leotiomycetes;Helotiales;Dermateaceae;Marssonina	match	5
F1-REF	5	1	rdp	0.4	FJ588711	Root;Ascomycota;Lecanoromycetes	Root;Ascomycota;Lecanoromycetes;Ostropales;Stictidaceae;Petractis	underclassification	3
F1-REF	5	1	rdp	0.4	JN053487	Root;Basidiomycota	Root;Basidiomycota;Pucciniomycetes;Platygloeales;Platygloeaceae;Biatoropsis	underclassification	2
F1-REF	5	1	rdp	0.4	DQ631933	Root;Ascomycota;Sordariomycetes;Xylariales;Xylariaceae	Root;Ascomycota;Sordariomycetes;Xylariales;Xylariaceae;Biscogniauxia	match	5
F1-REF	5	1	rdp	0.4	AB097450	Root;Basidiomycota;Pucciniomycetes;Pucciniales;Uropyxidaceae;Tranzschelia	Root;Basidiomycota;Pucciniomycetes;Pucciniales;Uropyxidaceae;Leucotelium	overclassification	5
F1-REF	5	1	rdp	0.4	GU234149	Root;Basidiomycota;Agaricomycetes;Agaricales	Root;Basidiomycota;Agaricomycetes;Agaricales;Marasmiaceae;Hydropus	underclassification	4
F1-REF	5	1	rdp	0.4	HQ650610	Root;Ascomycota;Lecanoromycetes;Lecanorales;Parmeliaceae;Usnea	Root;Ascomycota;Lecanoromycetes;Lecanorales;Parmeliaceae;Bryoria	overclassification	5
F1-REF	5	1	rdp	0.4	JF419899	Root;Ascomycota;Dothideomycetes;Pleosporales;Lindgomycetaceae;Lindgomyces_apiculatus;Lindgomyces_apiculatus	Root;Ascomycota;Dothideomycetes;Pleosporales;Lindgomycetaceae;Lindgomyces_ingoldianus	overclassification	5
F1-REF	5	1	rdp	0.4	EF469157	Root;Ascomycota;Eurotiomycetes;Verrucariales;Verrucariaceae	Root;Ascomycota;Eurotiomycetes;Verrucariales;Verrucariaceae;Dermatocarpon	match	5
F1-REF	5	1	rdp	0.4	FJ000402	Root;Ascomycota;Leotiomycetes;Helotiales;Helotiaceae;Varicosporium;Varicosporium_delicatum	Root;Ascomycota;Leotiomycetes;Helotiales;Helotiaceae;Articulospora	overclassification	5
F1-REF	5	1	rdp	0.4	DQ241471	Root;Basidiomycota;Agaricomycetes	Root;Basidiomycota;Pucciniomycetes;Septobasidiales;Septobasidiaceae;Uredinella	misclassification	2
F1-REF	5	1	rdp	0.4	JF419894	Root;Basidiomycota;Agaricomycetes;Agaricales	Root;Ascomycota;Dothideomycetes;Pleosporales;Lindgomycetaceae;Lindgomyces_lemonweirensis	misclassification	1
F1-REF	5	1	rdp	0.4	EU834222	Root;Ascomycota;Pezizomycetes;Pezizales;Sarcosomataceae;Strumella;Strumella_coryneoidea	Root;Ascomycota;Pezizomycetes;Pezizales;Sarcosomataceae;Urnula	overclassification	5
F1-REF	5	1	rdp	0.4	AF444299	Root;Basidiomycota;Agaricomycetes	Root;Basidiomycota;Tremellomycetes;Cystofilobasidiales;Cystofilobasidiaceae;Cystofilobasidium	misclassification	2
F1-REF	5	1	rdp	0.4	EF568065	Root;Ascomycota;Saccharomycetes;Saccharomycetales	Root;Ascomycota;Saccharomycetes;Saccharomycetales;Saccharomycetaceae;Kuraishia	underclassification	4
F1-REF	5	1	rdp	0.4	DQ328168	Root;Basidiomycota;Agaricomycetes;Agaricales;Cortinariaceae;Descolea;Descolea_phlebophora	Root;Basidiomycota;Agaricomycetes;Agaricales;Cortinariaceae;Descomyces	overclassification	5
F1-REF	5	1	rdp	0.4	AF141637	Root;Basidiomycota;Agaricomycetes	Root;Basidiomycota;Agaricomycetes;Agaricales;Cyphellaceae;Gloeostereum	underclassification	3
F1-REF	5	1	rdp	0.4	EF026118	Root;Ascomycota;Sordariomycetes;Xylariales;Xylariaceae	Root;Ascomycota;Sordariomycetes;Xylariales;Xylariaceae;Rosellinia	match	5
F1-REF	5	1	rdp	0.4	U66011	Root;Ascomycota;Pezizomycetes;Pezizales;Sarcoscyphaceae;Phillipsia;Phillipsia_chinensis	Root;Ascomycota;Pezizomycetes;Pezizales;Sarcoscyphaceae;Sarcoscypha	overclassification	5
F1-REF	5	1	rdp	0.4	AB607172	Root;Basidiomycota;Agaricomycetes;Agaricales;Physalacriaceae;Hymenopellis_chiangmaiae;Hymenopellis_chiangmaiae	Root;Basidiomycota;Agaricomycetes;Agaricales;Physalacriaceae;Ponticulomyces_orientalis	overclassification	5
F1-REF	5	1	rdp	0.4	AF072224	Root;Ascomycota;Lecanoromycetes;Lecanorales;Parmeliaceae;Tuckermanella;Tuckermanella_fendleri	Root;Ascomycota;Lecanoromycetes;Lecanorales;Parmeliaceae;Ahtiana	overclassification	5
F1-REF	5	1	rdp	0.4	AF274086	Root;Ascomycota;Lecanoromycetes	Root;Ascomycota;Lecanoromycetes;Agyriales;Agyriaceae;Trapeliopsis	underclassification	3
F1-REF	5	1	rdp	0.4	EF192226	Root;Ascomycota;Saccharomycetes;Saccharomycetales;Pichiaceae;Pichia;Pichia_castillae	Root;Ascomycota;Saccharomycetes;Saccharomycetales;Saccharomycetaceae;Debaryomyces	misclassification	4
F1-REF	5	1	rdp	0.4	EF373565	Root;Ascomycota;Lecanoromycetes;Lecanorales;Parmeliaceae;Tuckermannopsis	Root;Ascomycota;Lecanoromycetes;Lecanorales;Parmeliaceae;Kaernefeltia	overclassification	5
F1-REF	5	1	rdp	0.4	EU118629	Root;Basidiomycota;Agaricomycetes;Cantharellales;Botryobasidiaceae;Botryobasidium;Botryobasidium_subcoronatum	Root;Basidiomycota;Agaricomycetes;Cantharellales;Botryobasidiaceae;Haplotrichum	overclassification	5
F1-REF	5	1	rdp	0.4	U57494	Root;Ascomycota;Leotiomycetes;Helotiales	Root;Ascomycota;Leotiomycetes;Helotiales;Hyaloscyphaceae;Calycellina	underclassification	4
F1-REF	5	1	rdp	0.4	EF114691	Root;Ascomycota;Dothideomycetes;Pleosporales;Venturiaceae;Venturia	Root;Ascomycota;Dothideomycetes;Pleosporales;Venturiaceae;Apiosporina	overclassification	5
F1-REF	5	1	rdp	0.4	EF010926	Root;Ascomycota	Root;Ascomycota;Dothideomycetes;Pleosporales;Tubeufiaceae;Helicoma	underclassification	2
F1-REF	5	1	rdp	0.4	UDB011365	Root;Basidiomycota;Agaricomycetes;Russulales;Russulaceae;Cystangium;Cystangium_theodoroui	Root;Basidiomycota;Agaricomycetes;Russulales;Russulaceae;Russula	overclassification	5
F1-REF	5	1	rdp	0.4	AB056132	Root;Ascomycota;Saccharomycetes;Saccharomycetales;Saccharomycetaceae	Root;Ascomycota;Saccharomycetes;Saccharomycetales;Saccharomycodaceae;Saccharomycodes	misclassification	4
F1-REF	5	1	rdp	0.4	AF357062	Root;Basidiomycota;Agaricomycetes;Agaricales;Tricholomataceae;Clitocybe	Root;Basidiomycota;Agaricomycetes;Agaricales;Tricholomataceae;Lepista	overclassification	5
F1-REF	5	1	rdp	0.4	JF681959	Root;Ascomycota;Sordariomycetes;Diaporthales;Valsaceae;Winterella;Winterella_aurantiaca	Root;Ascomycota;Sordariomycetes;Diaporthales;Valsaceae;Sillia	overclassification	5
F1-REF	5	1	rdp	0.4	GQ981522	Root	Root;Ascomycota;Pezizomycetes;Pezizales;Sarcosomataceae;Pseudoplectania	underclassification	1
F1-REF	5	1	rdp	0.4	GQ981488	Root;Basidiomycota;Agaricomycetes;Agaricales;Lycoperdaceae;Vascellum;Vascellum_pratense	Root;Basidiomycota;Agaricomycetes;Agaricales;Agaricaceae;Abstoma	misclassification	4
F1-REF	5	1	rdp	0.4	FJ810171	Root;Basidiomycota;Agaricomycetes;Hymenochaetales;Hymenochaetaceae;Inonotus;Inonotus_hispidus	Root;Basidiomycota;Agaricomycetes;Hymenochaetales;Hymenochaetaceae;Hymenochaete	overclassification	5
F1-REF	5	1	rdp	0.4	EF596819	Root;Ascomycota	Root;Ascomycota;Dothideomycetes;Pleosporales;Mytilinidiaceae;Lophium	underclassification	2
F1-REF	5	1	rdp	0.4	FJ499393	Root;Ascomycota	Root;Ascomycota;Pezizomycetes;Pezizales;Sarcosomataceae;Sarcosoma	underclassification	2
F1-REF	5	1	rdp	0.4	AJ972459	Root;Glomeromycota;Glomeromycetes;Glomerales;Glomeraceae;Rhizophagus	Root;Glomeromycota;Glomeromycetes;Glomerales;Glomeraceae;Glomus	overclassification	5
F1-REF	5	1	rdp	0.4	JN942174	Root;Ascomycota;Sordariomycetes;Sordariales;Lasiosphaeriaceae	Root;Ascomycota;Sordariomycetes;Sordariales;Lasiosphaeriaceae;Lasiosphaeris	match	5
F1-REF	5	1	rdp	0.4	AY652759	Root;Basidiomycota;Pucciniomycetes;Pucciniales;Pucciniaceae;Puccinia	Root;Basidiomycota;Pucciniomycetes;Pucciniales;Pucciniaceae;Endophyllum	overclassification	5
F1-REF	5	1	rdp	0.4	AF071340	Root;Ascomycota;Dothideomycetes;Pleosporales;Pleosporaceae;Exserohilum;Exserohilum_fusiforme	Root;Ascomycota;Dothideomycetes;Pleosporales;Pleosporaceae;Setosphaeria	overclassification	5
F1-REF	5	1	rdp	0.4	AB221419	Root;Basidiomycota;Pucciniomycetes;Pucciniales;Pucciniastraceae;Melampsoridium;Melampsoridium_betulinum	Root;Basidiomycota;Pucciniomycetes;Pucciniales;Pucciniastraceae;Pucciniastrum	overclassification	5
F1-REF	5	1	rdp	0.4	GU222301	Root;Basidiomycota;Agaricomycetes;Boletales;Boletaceae;Rossbeevera_eucyanea;Rossbeevera_eucyanea	Root;Basidiomycota;Agaricomycetes;Boletales;Boletaceae;Chamonixia	overclassification	5
F1-REF	5	1	rdp	0.4	DQ365668	Root;Basidiomycota;Agaricomycetes;Atheliales;Atheliaceae;Amphinema;Amphinema	Root;Basidiomycota;Agaricomycetes;Atheliales;Atheliaceae;Piloderma	overclassification	5
F1-REF	5	1	rdp	0.4	AF201713	Root;Ascomycota;Sordariomycetes;Xylariales;Xylariaceae;Coniolariella;Coniolariella_hispanica	Root;Ascomycota;Sordariomycetes;Xylariales;Xylariaceae;Entoleuca	overclassification	5
F1-REF	5	1	rdp	0.4	AF226661	Root;Ascomycota;Lecanoromycetes;Lecanorales;Parmeliaceae;Cetraria;Cetraria_islandica	Root;Ascomycota;Lecanoromycetes;Lecanorales;Parmeliaceae;Cetrariella	overclassification	5
F1-REF	5	1	rdp	0.4	AF345807	Root;Basidiomycota;Agaricomycetes;Agaricales;Strophariaceae	Root;Basidiomycota;Agaricomycetes;Agaricales;Strophariaceae;Kuehneromyces	match	5
F1-REF	5	1	rdp	0.4	FJ534886	Root;Basidiomycota;Tremellomycetes;Tremellales;Tremellaceae;Filobasidiella;Filobasidiella	Root;Basidiomycota;Tremellomycetes;Tremellales;Tremellaceae;Tsuchiyaea	overclassification	5
F1-REF	5	1	rdp	0.4	EU402595	Root;Basidiomycota;Agaricomycetes	Root;Basidiomycota;Agaricomycetes;Polyporales;Polyporaceae;Wolfiporia	underclassification	3
F1-REF	5	1	rdp	0.4	JN865203	Root;Ascomycota;Dothideomycetes;Pleosporales;Tubeufiaceae;Helicosporium;Helicosporium_linderi	Root;Ascomycota;Dothideomycetes;Pleosporales;Tubeufiaceae;Tubeufia	overclassification	5
F1-REF	5	1	rdp	0.4	GU367909	Root;Ascomycota;Leotiomycetes	Root;Ascomycota;Leotiomycetes;Rhytismatales;Rhytismataceae;Hypohelion	underclassification	3
F1-REF	5	1	rdp	0.4	AF405301	Root;Ascomycota;Sordariomycetes;Xylariales;Amphisphaeriaceae;Truncatella;Truncatella_angustata	Root;Ascomycota;Sordariomycetes;Xylariales;Amphisphaeriaceae;Bartalinia	overclassification	5
F1-REF	5	1	rdp	0.4	AY789408	Root;Ascomycota;Leotiomycetes;Helotiales;Rutstroemiaceae	Root;Ascomycota;Leotiomycetes;Helotiales;Rutstroemiaceae;Scleromitrula	match	5
F1-REF	5	1	rdp	0.4	DQ875353	Root;Basidiomycota;Ustilaginomycetes;Ustilaginales;Ustilaginaceae;Schizonella;Schizonella_melanogramma	Root;Basidiomycota;Ustilaginomycetes;Ustilaginales;Ustilaginaceae;Stegocintractia	overclassification	5
F1-REF	5	1	rdp	0.4	DQ875356	Root;Basidiomycota;Ustilaginomycetes;Urocystidales;Urocystidaceae;Urocystis;Urocystis_eranthidis	Root;Basidiomycota;Ustilaginomycetes;Urocystidales;Urocystidaceae;Ustacystis	overclassification	5
F1-REF	5	1	rdp	0.4	EU520134	Root;Basidiomycota;Agaricomycetes;Agaricales;Psathyrellaceae;Psathyrella;Psathyrella_candolleana	Root;Basidiomycota;Agaricomycetes;Agaricales;Marasmiaceae;Marasmius	misclassification	4
F1-REF	5	1	rdp	0.4	EF527210	Root;Basidiomycota;Agaricomycetes	Root;Basidiomycota;Agaricomycetes;Hymenochaetales;Hymenochaetaceae;Phellinidium	underclassification	3
F1-REF	5	1	rdp	0.4	EF026128	Root;Ascomycota;Sordariomycetes	Root;Ascomycota;Sordariomycetes;Xylariales;Xylariaceae;Theissenia	underclassification	3
F1-REF	5	1	rdp	0.4	EU075541	Root;Ascomycota;Lecanoromycetes;Lecanorales;Parmeliaceae	Root;Ascomycota;Lecanoromycetes;Lecanorales;Lecanoraceae;Pyrrhospora	misclassification	4
F1-REF	5	1	rdp	0.4	EF513771	Root;Ascomycota;Eurotiomycetes;Chaetothyriales;Herpotrichiellaceae;Capronia;Capronia_pilosella	Root;Ascomycota;Eurotiomycetes;Chaetothyriales;Herpotrichiellaceae;Fonsecaea	overclassification	5
F1-REF	5	1	rdp	0.4	EU144054	Root;Ascomycota;Dothideomycetes;Pleosporales;Dothidotthiaceae;Spencermartinsia;Spencermartinsia_viticola	Root;Ascomycota;Dothideomycetes;Botryosphaeriales;Botryosphaeriaceae;Dothiorella	misclassification	3
F1-REF	5	1	rdp	0.4	DQ534463	Root;Ascomycota;Lecanoromycetes;Lecanorales;Cladoniaceae;Gymnoderma;Gymnoderma_coccocarpum	Root;Ascomycota;Lecanoromycetes;Lecanorales;Cladoniaceae;Cladonia	overclassification	5
F1-REF	5	1	rdp	0.4	AJ301962	Root;Ascomycota;Sordariomycetes;Phyllachorales;Phyllachoraceae;Colletotrichum;Colletotrichum_pisi	Root;Ascomycota;Sordariomycetes;Hypocreales;Nectriaceae;Volutella	misclassification	3
F1-REF	5	1	rdp	0.4	FJ919809	Root;Ascomycota;Lecanoromycetes;Acarosporales;Acarosporaceae;Acarospora;Acarospora_schleicheri	Root;Ascomycota;Lecanoromycetes;Acarosporales;Acarosporaceae;Glypholecia	overclassification	5
F1-REF	5	1	rdp	0.4	HE611486	Root;Basidiomycota;Agaricomycetes	Root;Basidiomycota;Agaricomycetes;Corticiales;Corticiaceae;Waitea	underclassification	3
F1-REF	5	1	rdp	0.4	AY789285	Root;Ascomycota;Leotiomycetes;Helotiales;Helotiaceae;Neocudoniella;Neocudoniella_radicella	Root;Ascomycota;Leotiomycetes;Helotiales;Hyaloscyphaceae;Bryoglossum	misclassification	4
F1-REF	5	1	rdp	0.4	AF009805	Root;Ascomycota;Sordariomycetes;Xylariales;Amphisphaeriaceae	Root;Ascomycota;Sordariomycetes;Xylariales;Amphisphaeriaceae;Amphisphaeria	match	5
F1-REF	5	1	rdp	0.4	AF079673	Root;Basidiomycota;Agaricomycetes;Agaricales;Agaricaceae;Myrmicocrypta_ednaella_symbiont_S16;Myrmicocrypta_ednaella_symbiont_S16	Root;Basidiomycota;Agaricomycetes;Agaricales;Agaricaceae;Apterostigma_auriculatum_symbiont_S1	overclassification	5
F1-REF	5	1	rdp	0.4	AF079676	Root;Basidiomycota;Agaricomycetes;Agaricales;Agaricaceae;Mycetophylax_conformis_symbiont_G26;Mycetophylax_conformis_symbiont_G26	Root;Basidiomycota;Agaricomycetes;Agaricales;Agaricaceae;Cyphomyrmex_costatus_symbiont_S92	overclassification	5
F1-REF	5	1	rdp	0.4	EU008632	Root;Ascomycota;Lecanoromycetes;Lecanorales	Root;Ascomycota;Lecanoromycetes;Lecanorales;Stereocaulaceae;Stereocaulon	underclassification	4
F1-REF	5	1	rdp	0.4	EF600943	Root;Ascomycota;Dothideomycetes;Myriangiales;Elsinoaceae;Elsinoe;Elsinoe_proteae	Root;Ascomycota;Dothideomycetes;Myriangiales;Elsinoaceae;Sphaceloma	overclassification	5
F1-REF	5	1	rdp	0.4	AF079678	Root;Basidiomycota;Agaricomycetes;Agaricales;Agaricaceae;Lepiota;Lepiota_besseyi	Root;Basidiomycota;Agaricomycetes;Agaricales;Agaricaceae;Cyphomyrmex_faunulus_symbiont_OC19	overclassification	5
F1-REF	5	1	rdp	0.4	FJ827713	Root;Chytridiomycota;Chytridiomycetes	Root;Chytridiomycota;Chytridiomycetes;Spizellomycetales;Spizellomycetaceae;Gaertneriomyces	underclassification	3
F1-REF	5	1	rdp	0.4	U51967	Root;Ascomycota;Orbiliomycetes;Orbiliales;Orbiliaceae	Root;Ascomycota;Orbiliomycetes;Orbiliales;Orbiliaceae;Geniculifera	match	5
F1-REF	5	1	rdp	0.4	EU330178	Root;Neocallimastigomycota;Neocallimastigomycetes;Neocallimastigales;Neocallimastigaceae;Neocallimastix;Neocallimastix_hurleyensis	Root;Neocallimastigomycota;Neocallimastigomycetes;Neocallimastigales;Neocallimastigaceae;Piromyces	overclassification	5
F1-REF	5	1	rdp	0.4	AF444318	Root;Basidiomycota;Tremellomycetes;Tremellales	Root;Basidiomycota;Tremellomycetes;Tremellales;Sirobasidiaceae;Fibulobasidium	underclassification	4
F1-REF	5	1	rdp	0.4	JF263493	Root;Basidiomycota;Pucciniomycetes;Pucciniales;Pucciniaceae;Puccinia;Puccinia_popowiae	Root;Basidiomycota;Pucciniomycetes;Pucciniales;Raveneliaceae;Diorchidium	misclassification	4
F1-REF	5	1	rdp	0.4	GU479307	Root;Basidiomycota;Agaricomycetes;Boletales;Hymenogasteraceae;Hymenogaster;Hymenogaster_arenarius	Root;Basidiomycota;Agaricomycetes;Agaricales;Cortinariaceae;Protoglossum	misclassification	3
F1-REF	5	1	rdp	0.4	AF506423	Root;Basidiomycota;Agaricomycetes;Polyporales;Polyporaceae;Daedaleopsis;Daedaleopsis_flavida	Root;Basidiomycota;Agaricomycetes;Polyporales;Hyphodermataceae;Metulodontia	misclassification	4
F1-REF	5	1	rdp	0.4	AB278192	Root;Ascomycota;Sordariomycetes;Ophiostomatales;Ophiostomataceae	Root;Ascomycota;Sordariomycetes;Sordariales;Cephalothecaceae;Fragosphaeria	misclassification	3
F1-REF	5	1	rdp	0.4	AF224333	Root;Ascomycota	Root;Ascomycota;Sordariomycetes;Ophiostomatales;Ophiostomataceae;Grosmannia	underclassification	2
F1-REF	5	1	rdp	0.4	U19954	Root;Basidiomycota;Agaricomycetes;Corticiales;Corticiaceae;Rhizoctonia;Rhizoctonia_bataticola	Root;Basidiomycota;Agaricomycetes;Cantharellales;Ceratobasidiaceae;Thanatephorus	misclassification	3
F1-REF	5	1	rdp	0.4	EU784394	Root;Basidiomycota	Root;Ascomycota;Pezizomycetes;Pezizales;Pyronemataceae;Paurocotylis	misclassification	1
F1-REF	5	1	rdp	0.4	AH009861	Root;Basidiomycota;Agaricomycetes;Boletales;Gomphidiaceae;Brauniellula;Brauniellula_albipes	Root;Basidiomycota;Agaricomycetes;Boletales;Gomphidiaceae;Chroogomphus	overclassification	5
F1-REF	5	1	rdp	0.4	AY372676	Root;Ascomycota;Dothideomycetes;Pleosporales;Pleosporaceae;Alternaria;Alternaria_dauci	Root;Ascomycota;Dothideomycetes;Pleosporales;Pleosporaceae;Nimbya	overclassification	5
F1-REF	5	1	rdp	0.4	FJ005092	Root;Ascomycota;Sordariomycetes;Hypocreales;Clavicipitaceae;Cordyceps;Cordyceps_cylindrica	Root;Ascomycota;Leotiomycetes;Helotiales;Helotiaceae;Crocicreas	misclassification	2
F1-REF	5	1	rdp	0.4	AF484690	Root;Microsporidia;Microsporea;Microsporida;Pseudonosematidae;Pseudonosema;Pseudonosema_cristatellae	Root;Microsporidia;Microsporea;Microsporida;Pseudonosematidae;Bryonosema	overclassification	5
F1-REF	5	1	rdp	0.4	GQ927253	Root;Ascomycota;Leotiomycetes;Erysiphales;Erysiphaceae	Root;Ascomycota;Leotiomycetes;Erysiphales;Erysiphaceae;Podosphaera	match	5
F1-REF	5	1	rdp	0.4	AF454429	Root;Basidiomycota;Agaricomycetes;Russulales	Root;Basidiomycota;Agaricomycetes;Russulales;Auriscalpiaceae;Auriscalpium	underclassification	4
F1-REF	5	1	rdp	0.4	Z81447	Root;Ascomycota;Leotiomycetes;Helotiales;Sclerotiniaceae;Ciboria;Ciboria_americana	Root;Ascomycota;Leotiomycetes;Helotiales;Sclerotiniaceae;Valdensinia	overclassification	5
F1-REF	5	1	rdp	0.4	AF227513	Root;Ascomycota;Lecanoromycetes;Lecanorales;Parmeliaceae;Arctocetraria	Root;Ascomycota;Lecanoromycetes;Lecanorales;Parmeliaceae;Esslingeriana	overclassification	5
F1-REF	5	1	rdp	0.4	EU784192	Root;Basidiomycota;Agaricomycetes;Agaricales	Root;Basidiomycota;Agaricomycetes;Agaricales;Nidulariaceae;Cyathus	underclassification	4
F1-REF	5	1	rdp	0.4	FJ822972	Root	Root;Chytridiomycota;Chytridiomycetes;Chytridiales;Chytridiaceae;Chytridium	underclassification	1
F1-REF	5	1	rdp	0.4	FJ822973	Root	Root;Chytridiomycota;Chytridiomycetes;Chytridiales;Chytridiaceae;Polyphlyctis	underclassification	1
F1-REF	5	1	rdp	0.4	GQ890325	Root;Basidiomycota;Agaricomycetes;Agaricales;Cortinariaceae	Root;Basidiomycota;Agaricomycetes;Agaricales;Cortinariaceae;Dermocybe_kula	match	5
F1-REF	5	1	rdp	0.4	AB278196	Root;Ascomycota;Sordariomycetes	Root;Ascomycota;Sordariomycetes;Sordariales;Cephalothecaceae;Albertiniella	underclassification	3
F1-REF	5	1	rdp	0.4	AF059285	Root;Basidiomycota;Agaricomycetes;Agaricales;Agaricaceae;Macrolepiota	Root;Basidiomycota;Agaricomycetes;Agaricales;Agaricaceae;Podaxis	overclassification	5
F1-REF	5	1	rdp	0.4	EU517510	Root;Basidiomycota;Agaricomycetes;Agaricales;Mycenaceae;Mycena	Root;Basidiomycota;Agaricomycetes;Agaricales;Mycenaceae;Resinomycena	overclassification	5
F1-REF	5	1	rdp	0.4	GU594161	Root;Basidiomycota;Agaricomycetes;Russulales	Root;Basidiomycota;Agaricomycetes;Russulales;Bondarzewiaceae;Wrightoporia	underclassification	4
F1-REF	5	1	rdp	0.4	AF506389	Root;Basidiomycota;Agaricomycetes;Russulales	Root;Basidiomycota;Agaricomycetes;Russulales;Hericiaceae;Dentipratulum	underclassification	4
F1-REF	5	1	rdp	0.4	FJ380944	Root;Ascomycota;Orbiliomycetes;Orbiliales;Orbiliaceae;Dactylellina;Dactylellina_robusta	Root;Ascomycota;Orbiliomycetes;Orbiliales;Orbiliaceae;Dactylella	overclassification	5
F1-REF	5	1	rdp	0.4	U92307	Root;Ascomycota;Leotiomycetes;Rhytismatales;Rhytismataceae	Root;Ascomycota;Leotiomycetes;Rhytismatales;Rhytismataceae;Tryblidiopsis	match	5
F1-REF	5	1	rdp	0.4	FJ380941	Root;Ascomycota;Orbiliomycetes;Orbiliales;Orbiliaceae;Arthrobotrys;Arthrobotrys_pseudoclavata	Root;Ascomycota;Orbiliomycetes;Orbiliales;Orbiliaceae;Monacrosporium	overclassification	5
F1-REF	5	1	rdp	0.4	AB524812	Root;Ascomycota;Dothideomycetes;Pleosporales;Tetraplosphaeriaceae;Quadricrura;Quadricrura_bicornis	Root;Ascomycota;Dothideomycetes;Pleosporales;Tetraplosphaeriaceae;Triplosphaeria	overclassification	5
F1-REF	5	1	rdp	0.4	DQ404393	Root;Basidiomycota;Agaricomycetes;Agaricales	Root;Basidiomycota;Agaricomycetes;Agaricales;Psathyrellaceae;Mythicomyces	underclassification	4
F1-REF	5	1	rdp	0.4	EU846252	Root;Basidiomycota;Agaricomycetes;Agaricales;Entolomataceae;Entoloma	Root;Basidiomycota;Agaricomycetes;Agaricales;Entolomataceae;Leptonia	overclassification	5
F1-REF	5	1	rdp	0.4	AJ131785	Root;Ascomycota;Eurotiomycetes;Onygenales;Onygenaceae;Coccidioides;Coccidioides_posadasii	Root;Ascomycota;Eurotiomycetes;Onygenales;Onygenaceae;Castanedomyces	overclassification	5
F1-REF	5	1	rdp	0.4	AB566287	Root;Ascomycota;Eurotiomycetes;Onygenales;Gymnoascaceae;Gymnoascus;Gymnoascus_aurantiacus	Root;Ascomycota;Eurotiomycetes;Onygenales;Gymnoascaceae;Arachniotus	overclassification	5
F1-REF	5	1	rdp	0.4	EU846259	Root;Basidiomycota;Agaricomycetes;Russulales;Albatrellaceae;Albatrellus	Root;Basidiomycota;Agaricomycetes;Russulales;Albatrellaceae;Leucogaster	overclassification	5
F1-REF	5	1	rdp	0.4	EU715604	Root;Ascomycota;Sordariomycetes;Sordariales;Chaetomiaceae;Chaetomium;Chaetomium_luteum	Root;Ascomycota;Sordariomycetes;Sordariales;Chaetomiaceae;Achaetomium	overclassification	5
F1-REF	5	1	rdp	0.4	AF506484	Root;Basidiomycota;Agaricomycetes;Russulales;Lachnocladiaceae;Dichostereum;Dichostereum_aff_pallescens_KHL10258	Root;Basidiomycota;Agaricomycetes;Russulales;Lachnocladiaceae;Vararia	overclassification	5
F1-REF	5	1	rdp	0.4	EU784376	Root;Basidiomycota;Agaricomycetes;Geastrales;Geastraceae;Geastrum	Root;Basidiomycota;Agaricomycetes;Geastrales;Geastraceae;Myriostoma	overclassification	5
F1-REF	5	1	rdp	0.4	EU287816	Root;Ascomycota;Saccharomycetes;Saccharomycetales;Pichiaceae;Pichia	Root;Ascomycota;Saccharomycetes;Saccharomycetales;Saccharomycetaceae;Williopsis	misclassification	4
F1-REF	5	1	rdp	0.4	GQ852764	Root;Ascomycota;Dothideomycetes;Capnodiales;Mycosphaerellaceae;Mycosphaerella;Mycosphaerella_tumulosa	Root;Ascomycota;Dothideomycetes;Capnodiales;Mycosphaerellaceae;Pseudocercospora	overclassification	5
F1-REF	5	1	rdp	0.4	JN654921	Root;Ascomycota;Dothideomycetes;Pleosporales	Root;Ascomycota;Dothideomycetes;Pleosporales;Phaeosphaeriaceae;Phaeosphaeriopsis	underclassification	4
F1-REF	5	1	rdp	0.4	EU040217	Root;Ascomycota;Sordariomycetes	Root;Ascomycota;Sordariomycetes;Hypocreales;Nectriaceae;Falcocladium	underclassification	3
F1-REF	5	1	rdp	0.4	AF384861	Root;Basidiomycota;Agaricomycetes	Root;Basidiomycota;Tremellomycetes;Tremellales;Exidiaceae;Pseudohydnum	misclassification	2
F1-REF	5	1	rdp	0.4	GQ461906	Root;Ascomycota;Eurotiomycetes;Eurotiales;Trichocomaceae;Aspergillus;Aspergillus_fumigatiaffinis	Root;Ascomycota;Eurotiomycetes;Eurotiales;Trichocomaceae;Neosartorya	overclassification	5
F1-REF	5	1	rdp	0.4	AB190871	Root;Ascomycota;Sordariomycetes;Diaporthales;Togniniaceae;Phaeoacremonium	Root;Ascomycota;Sordariomycetes;Calosphaeriales;Pleurostomataceae;Pleurostomophora	misclassification	3
F1-REF	5	1	rdp	0.4	AB454319	Root;Ascomycota;Dothideomycetes;Capnodiales;Mycosphaerellaceae;Guignardia;Guignardia_vaccinii	Root;Ascomycota;Sordariomycetes;Hypocreales;Niessliaceae;Melanopsamma	misclassification	2
F1-REF	5	1	rdp	0.4	DQ873655	Root;Basidiomycota;Agaricomycetes;Agaricales;Cyphellaceae;Globulicium;Globulicium_hiemale	Root;Basidiomycota;Agaricomycetes;Polyporales;Tubulicrinaceae;Tubulicrinis	misclassification	3
F1-REF	5	1	rdp	0.4	DQ974733	Root;Ascomycota;Pezizomycetes;Pezizales;Discinaceae;Hydnotrya;Hydnobolites_cerebriformis	Root;Ascomycota;Pezizomycetes;Pezizales;Pezizaceae;Hydnobolites	misclassification	4
F1-REF	5	1	rdp	0.4	AJ133397	Root;Ascomycota;Sordariomycetes;Hypocreales;Clavicipitaceae	Root;Ascomycota;Sordariomycetes;Hypocreales;Clavicipitaceae;Claviceps	match	5
F1-REF	5	1	rdp	0.4	JN710531	Root;Basidiomycota;Agaricomycetes;Polyporales;Polyporaceae;Tyromyces;Tyromyces_wynneae	Root;Basidiomycota;Agaricomycetes;Polyporales;Steccherinaceae;Fibricium	misclassification	4
F1-REF	5	1	rdp	0.4	AF404123	Root;Ascomycota;Lecanoromycetes;Lecanorales;Parmeliaceae	Root;Ascomycota;Lecanoromycetes;Lecanorales;Parmeliaceae;Nephromopsis	match	5
F1-REF	5	1	rdp	0.4	AF444461	Root;Basidiomycota;Tremellomycetes;Tremellales;Cuniculitremaceae;Kockovaella;Kockovaella_schimae	Root;Basidiomycota;Tremellomycetes;Tremellales;Cuniculitremaceae;Fellomyces	overclassification	5
F1-REF	5	1	rdp	0.4	AB509921	Root;Basidiomycota;Agaricomycetes	Root;Basidiomycota;Agaricomycetes;Boletales;Boletaceae;Phylloporus	underclassification	3
F1-REF	5	1	rdp	0.4	AY513570	Root;Basidiomycota;Agaricomycetes;Polyporales;Polyporaceae;Pseudofavolus;Pseudofavolus_cucullatus	Root;Basidiomycota;Agaricomycetes;Gloeophyllales;Gloeophyllaceae;Mycobonia	misclassification	3
F1-REF	5	1	rdp	0.4	EU035404	Root;Ascomycota;Eurotiomycetes;Chaetothyriales;Herpotrichiellaceae;Capronia;Capronia_pilosella	Root;Ascomycota;Eurotiomycetes;Chaetothyriales;Herpotrichiellaceae;Cladophialophora	overclassification	5
F1-REF	5	1	rdp	0.4	HM005073	Root;Basidiomycota;Agaricomycetes;Agaricales;Physalacriaceae	Root;Basidiomycota;Agaricomycetes;Agaricales;Marasmiaceae;Dactylosporina	misclassification	4
F1-REF	5	1	rdp	0.4	EF081003	Root;Ascomycota	Root;Ascomycota;Pezizomycetes;Pezizales;Morchellaceae;Morchella	underclassification	2
F1-REF	5	1	rdp	0.4	FJ845424	Root;Basidiomycota;Agaricomycetes	Root;Basidiomycota;Agaricomycetes;Thelephorales;Bankeraceae;Phellodon	underclassification	3
F1-REF	5	1	rdp	0.4	FJ871107	Root;Ascomycota;Lecanoromycetes;Lecanorales;Ramalinaceae;Ramalina	Root;Ascomycota;Lecanoromycetes;Lecanorales;Ramalinaceae;Trichoramalina	overclassification	5
F1-REF	5	1	rdp	0.4	EF605270	Root;Ascomycota;Lecanoromycetes;Peltigerales;Lobariaceae;Pseudocyphellaria	Root;Ascomycota;Lecanoromycetes;Peltigerales;Lobariaceae;Lobaria	overclassification	5
F1-REF	5	1	rdp	0.4	JN638251	Root;Ascomycota;Eurotiomycetes	Root;Ascomycota;Eurotiomycetes;Verrucariales;Verrucariaceae;Hydropunctaria	underclassification	3
F1-REF	5	1	rdp	0.4	JN710548	Root;Basidiomycota;Agaricomycetes;Polyporales;Steccherinaceae;Junghuhnia	Root;Basidiomycota;Agaricomycetes;Polyporales;Steccherinaceae;Steccherinum	overclassification	5
F1-REF	5	1	rdp	0.4	DQ389663	Root;Basidiomycota;Agaricomycetes;Russulales;Albatrellaceae;Albatrellus;Albatrellus_pes_caprae	Root;Basidiomycota;Agaricomycetes;Russulales;Albatrellaceae;Polyporoletus	overclassification	5
F1-REF	5	1	rdp	0.4	EU254889	Root;Ascomycota;Sordariomycetes;Diaporthales;Gnomoniaceae;Gnomonia;Gnomonia_ischnostyla	Root;Ascomycota;Sordariomycetes;Diaporthales;Valsaceae;Ophiognomonia	misclassification	4
F1-REF	5	1	rdp	0.4	AY571044	Root;Basidiomycota;Agaricomycetes;Agaricales	Root;Basidiomycota;Agaricomycetes;Agaricales;Schizophyllaceae;Henningsomyces	underclassification	4
F1-REF	5	1	rdp	0.4	AY571048	Root;Basidiomycota;Agaricomycetes;Agaricales;Marasmiaceae	Root;Basidiomycota;Agaricomycetes;Agaricales;Marasmiaceae;Lachnella	match	5
F1-REF	5	1	rdp	0.4	AF003989	Root;Ascomycota;Sordariomycetes;Hypocreales;Clavicipitaceae;Balansia	Root;Ascomycota;Sordariomycetes;Hypocreales;Clavicipitaceae;Parepichloe	overclassification	5
F1-REF	5	1	rdp	0.4	AY795873	Root;Ascomycota	Root;Ascomycota;Eurotiomycetes;Mycocaliciales;Mycocaliciaceae;Phaeocalicium	underclassification	2
F1-REF	5	1	rdp	0.4	FJ839606	Root;Ascomycota;Eurotiomycetes;Chaetothyriales;Herpotrichiellaceae	Root;Ascomycota;Eurotiomycetes;Chaetothyriales;Herpotrichiellaceae;Brycekendrickomyces	match	5
F1-REF	5	1	rdp	0.4	EU697272	Root;Basidiomycota;Agaricomycetes;Boletales;Boletaceae;Heliogaster;Heliogaster_columellifer	Root;Basidiomycota;Agaricomycetes;Boletales;Suillaceae;Truncocolumella	misclassification	4
F1-REF	5	1	rdp	0.4	DQ516524	Root;Basidiomycota	Root;Basidiomycota;Dacrymycetes;Dacrymycetales;Dacrymycetaceae;Dacrymyces	underclassification	2
F1-REF	5	1	rdp	0.4	EF639862	Root;Ascomycota;Sordariomycetes;Microascales;Microascaceae;Graphium;Graphium_indicum	Root;Ascomycota;Sordariomycetes;Microascales;Microascaceae;Scedosporium	overclassification	5
F1-REF	5	1	rdp	0.4	AF444593	Root;Basidiomycota;Microbotryomycetes;Microbotryales;Microbotryaceae;Liroa;Liroa_emodensis	Root;Basidiomycota;Microbotryomycetes;Microbotryales;Microbotryaceae;Sphacelotheca	overclassification	5
F1-REF	5	1	rdp	0.4	FJ481038	Root;Basidiomycota;Agaricomycetes;Agaricales;Mycenaceae;Mycena	Root;Basidiomycota;Agaricomycetes;Agaricales;Mycenaceae;Panellus	overclassification	5
F1-REF	5	1	rdp	0.4	AF319423	Root;Basidiomycota;Agaricomycetes;Agaricales;Amanitaceae;Amanita	Root;Basidiomycota;Agaricomycetes;Agaricales;Tricholomataceae;Tricholomopsis	misclassification	4
F1-REF	5	1	rdp	0.4	EU014072	Root;Basidiomycota;Pucciniomycetes;Pucciniales;Pucciniaceae;Puccinia	Root;Basidiomycota;Pucciniomycetes;Pucciniales;Pileolariaceae;Pileolaria	misclassification	4
F1-REF	5	1	rdp	0.4	EU037891	Root;Ascomycota;Sordariomycetes	Root;Ascomycota;Sordariomycetes;Chaetosphaeriales;Chaetosphaeriaceae;Chaetosphaeria	underclassification	3
F1-REF	5	1	rdp	0.4	AF222849	Root;Ascomycota;Dothideomycetes;Capnodiales;Mycosphaerellaceae	Root;Ascomycota;Dothideomycetes;Capnodiales;Mycosphaerellaceae;Stigmina	match	5
F1-REF	5	1	rdp	0.4	EF017208	Root;Basidiomycota;Agaricomycetes;Corticiales;Corticiaceae;Rhizoctonia;Rhizoctonia_bataticola	Root;Ascomycota;Dothideomycetes;Botryosphaeriales;Botryosphaeriaceae;Macrophomina	misclassification	1
F1-REF	5	1	rdp	0.4	AB257586	Root;Basidiomycota;Agaricomycetes;Agaricales;Cortinariaceae	Root;Basidiomycota;Agaricomycetes;Agaricales;Strophariaceae;Psilocybe	misclassification	4
F1-REF	5	1	rdp	0.4	DQ097357	Root;Basidiomycota;Agaricomycetes;Agaricales	Root;Basidiomycota;Agaricomycetes;Agaricales;Physalacriaceae;Gloiocephala	underclassification	4
F1-REF	5	1	rdp	0.4	JF499851	Root;Ascomycota;Dothideomycetes;Capnodiales;Teratosphaeriaceae;Teratosphaeria	Root;Ascomycota;Dothideomycetes;Capnodiales;Teratosphaeriaceae;Teratosphaeriaceae	overclassification	5
F1-REF	5	1	rdp	0.4	JF509174	Root;Ascomycota;Eurotiomycetes;Verrucariales;Verrucariaceae;Verrucaria;Verrucaria_sublobulata	Root;Ascomycota;Eurotiomycetes;Verrucariales;Verrucariaceae;Agonimia	overclassification	5
F1-REF	5	1	rdp	0.4	DQ144619	Root;Basidiomycota;Agaricomycetes;Atheliales;Atheliaceae;Plicaturopsis;Plicaturopsis_crispa	Root;Basidiomycota;Agaricomycetes;Atheliales;Atheliaceae;Irpicodon	overclassification	5
F1-REF	5	1	rdp	0.4	EU707822	Root;Ascomycota;Lecanoromycetes;Lecanorales;Parmeliaceae;Cavernularia;Cavernularia_lophyrea	Root;Ascomycota;Lecanoromycetes;Lecanorales;Parmeliaceae;Hypogymnia	overclassification	5
F1-REF	5	1	rdp	0.4	EF445992	Root;Ascomycota;Orbiliomycetes;Orbiliales;Orbiliaceae	Root;Ascomycota;Orbiliomycetes;Orbiliales;Orbiliaceae;Drechslerella	match	5
F1-REF	5	1	rdp	0.4	EU860383	Root;Ascomycota;Dothideomycetes;Botryosphaeriales;Botryosphaeriaceae;Sphaeropsis;Sphaeropsis_sapinea	Root;Ascomycota;Dothideomycetes;Botryosphaeriales;Botryosphaeriaceae;Diplodia	overclassification	5
F1-REF	5	1	rdp	0.4	DQ144612	Root;Basidiomycota;Agaricomycetes;Agaricales	Root;Basidiomycota;Agaricomycetes;Polyporales;Fomitopsidaceae;Anomoloma	misclassification	3
F1-REF	5	1	rdp	0.4	DQ144611	Root;Basidiomycota;Agaricomycetes	Root;Basidiomycota;Agaricomycetes;Atheliales;Atheliaceae;Amylocorticium	underclassification	3
F1-REF	5	1	rdp	0.4	HM016895	Root;Ascomycota;Pezizomycetes;Pezizales;Pyronemataceae;Wilcoxina;Wilcoxina_rehmii	Root;Ascomycota;Pezizomycetes;Pezizales;Pyronemataceae;Pyronema	overclassification	5
F1-REF	5	1	rdp	0.4	AF192317	Root;Ascomycota;Sordariomycetes;Diaporthales;Valsaceae;Valsa;Valsa_brevispora	Root;Ascomycota;Sordariomycetes;Diaporthales;Valsaceae;Cytospora	overclassification	5
F1-REF	5	1	rdp	0.4	AJ292401	Root;Ascomycota;Sordariomycetes;Hypocreales;Clavicipitaceae;Pochonia;Pochonia_suchlasporia	Root;Ascomycota;Sordariomycetes;Hypocreales;Nectriaceae;Aphanocladium	misclassification	4
F1-REF	5	1	rdp	0.4	EU343866	Root;Ascomycota;Saccharomycetes;Saccharomycetales;Pichiaceae;Pichia;Pichia_koratensis	Root;Ascomycota;Saccharomycetes;Saccharomycetales;Debaryomycetaceae;Millerozyma	misclassification	4
F1-REF	5	1	rdp	0.4	EF667965	Root;Basidiomycota;Ustilaginomycetes;Urocystidales;Urocystidaceae;Urocystis;Urocystis_eranthidis	Root;Basidiomycota;Ustilaginomycetes;Urocystidales;Urocystidaceae;Vankya	overclassification	5
F1-REF	5	1	rdp	0.4	DQ328113	Root;Basidiomycota;Agaricomycetes;Agaricales;Cortinariaceae;Thaxterogaster;Thaxterogaster_leucocephalus	Root;Basidiomycota;Agaricomycetes;Agaricales;Cortinariaceae;Quadrispora	overclassification	5
F1-REF	5	1	rdp	0.4	FJ599809	Root;Ascomycota;Orbiliomycetes;Orbiliales;Orbiliaceae;Arthrobotrys;Arthrobotrys_vermicola	Root;Ascomycota;Orbiliomycetes;Orbiliales;Orbiliaceae;Orbilia	overclassification	5
F1-REF	5	1	rdp	0.4	EU343869	Root;Ascomycota;Saccharomycetes;Saccharomycetales;Debaryomycetaceae;Scheffersomyces;Scheffersomyces_ergatensis	Root;Ascomycota;Saccharomycetes;Saccharomycetales;Pichiaceae;Yamadazyma	misclassification	4
F1-REF	5	1	rdp	0.4	HM244773	Root;Ascomycota;Lecanoromycetes;Ostropales	Root;Ascomycota;Lecanoromycetes;Ostropales;Stictidaceae;Ostropa	underclassification	4
F1-REF	5	1	rdp	0.4	DQ201952	Root;Ascomycota;Lecanoromycetes;Teloschistales;Physciaceae;Buellia;Buellia_triphragmoides	Root;Ascomycota;Lecanoromycetes;Teloschistales;Caliciaceae;Tetramelas	misclassification	4
F1-REF	5	1	rdp	0.4	AY534119	Root;Basidiomycota;Agaricomycetes;Agaricales;Physalacriaceae;Hymenopellis_chiangmaiae;Hymenopellis_chiangmaiae	Root;Basidiomycota;Agaricomycetes;Agaricales;Marasmiaceae;Xerula	misclassification	4
F1-REF	5	1	rdp	0.4	DQ873601	Root;Basidiomycota;Agaricomycetes;Agaricales	Root;Basidiomycota;Agaricomycetes;Hymenochaetales;Schizoporaceae;Hyphodontia	misclassification	3
F1-REF	5	1	rdp	0.4	FJ501579	Root;Ascomycota	Root;Basidiomycota;Agaricomycetes;Polyporales;Polyporaceae;Poria	misclassification	1
F1-REF	5	1	rdp	0.4	JF908772	Root;Ascomycota	Root;Ascomycota;Pezizomycetes;Pezizales;Pezizaceae;Pachyphloeus	underclassification	2
F1-REF	5	1	rdp	0.4	EU552156	Root;Ascomycota;Sordariomycetes;Diaporthales	Root;Ascomycota;Sordariomycetes;Diaporthales;Melanconidaceae;Sydowiella	underclassification	4
F1-REF	5	1	rdp	0.4	UDB011376	Root;Basidiomycota;Agaricomycetes;Agaricales;Marasmiaceae;Megacollybia	Root;Basidiomycota;Agaricomycetes;Agaricales;Tricholomataceae;Delicatula	misclassification	4
F1-REF	5	1	rdp	0.4	GQ355959	Root;Basidiomycota;Agaricomycetes;Polyporales	Root;Basidiomycota;Agaricomycetes;Polyporales;Meripilaceae;Meripilus	underclassification	4
F1-REF	5	1	rdp	0.4	AF454576	Root;Basidiomycota;Agaricomycetes	Root;Basidiomycota;Agaricomycetes;Boletales;Boletaceae;Leccinum	underclassification	3
F1-REF	5	1	rdp	0.4	AF391038	Root;Basidiomycota;Agaricomycetes;Agaricales;Agaricaceae;Lepiota	Root;Basidiomycota;Agaricomycetes;Agaricales;Agaricaceae;Melanophyllum	overclassification	5
F1-REF	5	1	rdp	0.4	JN899400	Root;Ascomycota;Eurotiomycetes;Eurotiales;Trichocomaceae;Penicillium	Root;Ascomycota;Eurotiomycetes;Eurotiales;Trichocomaceae;Sagenomella	overclassification	5
F1-REF	5	1	rdp	0.4	EU266501	Root;Basidiomycota	Root;Basidiomycota;Tremellomycetes;Tremellales;Tremellaceae;Dioszegia	underclassification	2
F1-REF	5	1	rdp	0.4	FR750134	Root;Glomeromycota;Glomeromycetes;Diversisporales;Gigasporaceae;Scutellospora;Scutellospora_verrucosa	Root;Glomeromycota;Glomeromycetes;Diversisporales;Gigasporaceae;Racocetra	overclassification	5
F1-REF	5	1	rdp	0.4	EU520097	Root;Ascomycota;Dothideomycetes;Pleosporales;Pleosporaceae;Alternaria;Alternaria_alternata	Root;Ascomycota;Sordariomycetes;Phyllachorales;Phyllachoraceae;Phyllachora	misclassification	2
F1-REF	5	1	rdp	0.4	GU594152	Root;Basidiomycota;Agaricomycetes;Polyporales	Root;Basidiomycota;Agaricomycetes;Polyporales;Fomitopsidaceae;Auriporia	underclassification	4
F1-REF	5	1	rdp	0.4	DQ885585	Root	Root;Microsporidia;Microsporea;Microsporida;Enterocytozoonidae;Enterocytozoon	underclassification	1
F1-REF	5	1	rdp	0.4	EU784183	Root;Basidiomycota;Agaricomycetes;Agaricales;Agaricaceae	Root;Basidiomycota;Agaricomycetes;Agaricales;Agaricaceae;Battarrea	match	5
F1-REF	5	1	rdp	0.4	AF115760	Root;Ascomycota;Lecanoromycetes;Lecanorales;Parmeliaceae;Flavocetraria;Flavocetraria_cucullata	Root;Ascomycota;Lecanoromycetes;Lecanorales;Parmeliaceae;Dactylina	overclassification	5
F1-REF	5	1	rdp	0.4	AY583329	Root;Basidiomycota;Agaricomycetes	Root;Basidiomycota;Agaricomycetes;Corticiales;Corticiaceae;Marchandiomyces	underclassification	3
F1-REF	5	1	rdp	0.4	EU846262	Root;Basidiomycota;Agaricomycetes;Agaricales;Tricholomataceae;Clitocybe	Root;Basidiomycota;Agaricomycetes;Agaricales;Tricholomataceae;Dendrocollybia	overclassification	5
F1-REF	5	1	rdp	0.4	AY618666	Root;Basidiomycota;Agaricomycetes;Russulales;Stereaceae;Stereum;Stereum_hirsutum	Root;Basidiomycota;Agaricomycetes;Russulales;Stereaceae;Acanthophysium	overclassification	5
F1-REF	5	1	rdp	0.4	AF350290	Root;Ascomycota	Root;Ascomycota;Lecanoromycetes;Peltigerales;Pannariaceae;Degelia	underclassification	2
F1-REF	5	1	rdp	0.4	GU324760	Root;Ascomycota;Sordariomycetes;Xylariales;Xylariaceae	Root;Ascomycota;Sordariomycetes;Xylariales;Xylariaceae;Poronia	match	5
F1-REF	5	1	rdp	0.4	DQ322098	Root;Ascomycota	Root;Ascomycota;Sordariomycetes;Xylariales;Xylariaceae;Annulohypoxylon	underclassification	2
F1-REF	5	1	rdp	0.4	JF440978	Root;Ascomycota;Sordariomycetes	Root;Ascomycota;Sordariomycetes;Diaporthales;Melanconidaceae;Melogramma	underclassification	3
F1-REF	5	1	rdp	0.4	GU222273	Root;Basidiomycota;Agaricomycetes;Agaricales;Cortinariaceae;Thaxterogaster;Thaxterogaster_albocanus	Root;Basidiomycota;Agaricomycetes;Agaricales;Cortinariaceae;Cuphocybe	overclassification	5
F1-REF	5	1	rdp	0.4	JF440977	Root;Ascomycota;Sordariomycetes;Xylariales;Amphisphaeriaceae	Root;Ascomycota;Sordariomycetes;Xylariales;Hyponectriaceae;Pseudomassaria	misclassification	4
F1-REF	5	1	rdp	0.4	EU673340	Root;Ascomycota;Dothideomycetes;Botryosphaeriales;Botryosphaeriaceae;Sphaeropsis;Diplodia_pinea	Root;Ascomycota;Dothideomycetes;Botryosphaeriales;Botryosphaeriaceae;Neodeightonia	overclassification	5
F1-REF	5	1	rdp	0.4	HM208605	Root;Ascomycota	Root;Ascomycota;Saccharomycetes;Saccharomycetales;Trichomonascaceae;Sugiyamaella	underclassification	2
F1-REF	5	1	rdp	0.4	JN049866	Root;Ascomycota;Sordariomycetes;Hypocreales;Bionectriaceae;Hydropisphaera;Hydropisphaera_bambusicola	Root;Ascomycota;Sordariomycetes;Hypocreales;Nectriaceae;Septofusidium	misclassification	4
F1-REF	5	1	rdp	0.4	EF088656	Root;Basidiomycota;Agaricomycetes;Hymenochaetales;Hymenochaetaceae;Inonotus	Root;Basidiomycota;Agaricomycetes;Hymenochaetales;Hymenochaetaceae;Phellinus	overclassification	5
F1-REF	5	1	rdp	0.4	JQ711893	Root;Ascomycota;Sordariomycetes;Chaetosphaeriales;Chaetosphaeriaceae;Chloridium;Chloridium_paucisporum	Root;Ascomycota;Leotiomycetes;Helotiales;Helotiaceae;Rhizoscyphus	misclassification	2
F1-REF	5	1	rdp	0.4	AY789410	Root;Ascomycota	Root;Ascomycota;Leotiomycetes;Helotiales;Helotiaceae;Sarcoleotia	underclassification	2
F1-REF	5	1	rdp	0.4	GU291276	Root;Basidiomycota;Microbotryomycetes;Heterogastridiales;Heterogastridiaceae;Hyalopycnis;Hyalopycnis_blepharistoma	Root;Basidiomycota;Microbotryomycetes;Heterogastridiales;Heterogastridiaceae;Heterogastridium	overclassification	5
F1-REF	5	1	rdp	0.4	GU062273	Root;Ascomycota;Leotiomycetes;Helotiales;Dermateaceae;Pezicula;Pezicula_cinnamomea	Root;Ascomycota;Leotiomycetes;Helotiales;Dermateaceae;Cryptosporiopsis	overclassification	5
F1-REF	5	1	rdp	0.4	AY359887	Root;Ascomycota;Dothideomycetes;Pleosporales;Pleosporaceae;Embellisia	Root;Ascomycota;Dothideomycetes;Pleosporales;Pleosporaceae;Macrospora	overclassification	5
F1-REF	5	1	rdp	0.4	HQ610175	Root;Ascomycota;Sordariomycetes;Diaporthales	Root;Ascomycota;Sordariomycetes;Diaporthales;Gnomoniaceae;Greeneria	underclassification	4
F1-REF	5	1	rdp	0.4	AF444494	Root;Basidiomycota;Agaricostilbomycetes;Agaricostilbales;Chionosphaeraceae;Stilbum;Stilbum_vulgare	Root;Basidiomycota;Agaricostilbomycetes;Agaricostilbales;Chionosphaeraceae;Kurtzmanomyces	overclassification	5
F1-REF	5	1	rdp	0.4	AF332127	Root;Ascomycota;Lecanoromycetes	Root;Ascomycota;Lecanoromycetes;Pertusariales;Pertusariaceae;Pertusaria	underclassification	3
F1-REF	5	1	rdp	0.4	JQ408227	Root;Basidiomycota;Agaricomycetes;Gomphales;Gomphaceae;Ramaria;Ramaria_myceliosa	Root;Basidiomycota;Agaricomycetes;Gomphales;Gomphaceae;Phaeoclavulina	overclassification	5
F1-REF	5	1	rdp	0.4	AF231912	Root;Basidiomycota;Agaricomycetes;Russulales;Russulaceae;Lactarius	Root;Basidiomycota;Agaricomycetes;Russulales;Russulaceae;Zelleromyces	overclassification	5
F1-REF	5	1	rdp	0.4	AF009815	Root;Ascomycota;Sordariomycetes;Xylariales;Amphisphaeriaceae;Pestalotiopsis	Root;Ascomycota;Sordariomycetes;Xylariales;Amphisphaeriaceae;Pestalosphaeria	overclassification	5
F1-REF	5	1	rdp	0.4	EU819412	Root;Ascomycota	Root;Ascomycota;Leotiomycetes;Leotiales;Leotiaceae;Leotia	underclassification	2
F1-REF	5	1	rdp	0.4	HM215520	Root;Ascomycota;Orbiliomycetes;Orbiliales;Orbiliaceae;Dactylellina	Root;Ascomycota;Orbiliomycetes;Orbiliales;Orbiliaceae;Brachyphoris	overclassification	5
F1-REF	5	1	rdp	0.4	AF009812	Root;Ascomycota;Dothideomycetes;Pleosporales;Didymosphaeriaceae;Cytoplea;Cytoplea_hysterioides	Root;Ascomycota;Dothideomycetes;Pleosporales;Didymosphaeriaceae;Roussoella	overclassification	5
F1-REF	5	1	rdp	0.4	DQ486698	Root;Basidiomycota;Agaricomycetes	Root;Basidiomycota;Agaricomycetes;Agaricales;Cyphellaceae;Cyphella	underclassification	3
F1-REF	5	1	rdp	0.4	FJ827725	Root	Root;Chytridiomycota;Chytridiomycetes;Chytridiales;Chytridiaceae;Phlyctochytrium	underclassification	1
F1-REF	5	1	rdp	0.4	HM536095	Root;Basidiomycota;Agaricomycetes;Gloeophyllales;Gloeophyllaceae;Gloeophyllum	Root;Basidiomycota;Agaricomycetes;Polyporales;Polyporaceae;Heliocybe	misclassification	3
F1-REF	5	1	rdp	0.4	UDB000985	Root;Ascomycota	Root;Ascomycota;Pezizomycetes;Pezizales;Pyronemataceae;Sowerbyella	underclassification	2
F1-REF	5	1	rdp	0.4	GQ389623	Root;Basidiomycota;Agaricomycetes;Boletales;Melanogastraceae;Melanogaster;Melanogaster_intermedius	Root;Basidiomycota;Agaricomycetes;Boletales;Paxillaceae;Paxillus	misclassification	4
F1-REF	5	1	rdp	0.4	EF635909	Root;Basidiomycota;Ustilaginomycetes;Urocystidales;Urocystidaceae;Urocystis;Urocystis_eranthidis	Root;Basidiomycota;Ustilaginomycetes;Urocystidales;Urocystidaceae;Flamingomyces	overclassification	5
F1-REF	5	1	rdp	0.4	DQ383639	Root;Ascomycota;Lecanoromycetes;Rhizocarpales;Rhizocarpaceae;Rhizocarpon	Root;Ascomycota;Lecanoromycetes;Rhizocarpales;Rhizocarpaceae;Catolechia	overclassification	5
F1-REF	5	1	rdp	0.4	AF444670	Root;Basidiomycota;Tremellomycetes;Tremellales;Tremellaceae;Papiliotrema;Papiliotrema_bandonii	Root;Basidiomycota;Tremellomycetes;Tremellales;Tremellaceae;Auriculibuller	overclassification	5
F1-REF	5	1	rdp	0.4	AF491557	Root;Basidiomycota	Root;Ascomycota;Pezizomycetes;Pezizales;Pezizaceae;Peziza	misclassification	1
F1-REF	5	1	rdp	0.4	AB353761	Root;Ascomycota	Root;Ascomycota;Leotiomycetes;Erysiphales;Erysiphaceae;Sawadaea	underclassification	2
F1-REF	5	1	rdp	0.4	FJ884179	Root;Ascomycota;Eurotiomycetes;Eurotiales;Trichocomaceae;Penicillium;Penicillium_spinulosum	Root;Ascomycota;Sordariomycetes;Hypocreales;Hypocreaceae;Hypocrea	misclassification	2
F1-REF	5	1	rdp	0.4	FJ538352	Root;Ascomycota;Dothideomycetes;Capnodiales;Mycosphaerellaceae;Guignardia;Guignardia_vaccinii	Root;Ascomycota;Dothideomycetes;Botryosphaeriales;Botryosphaeriaceae;Phyllosticta	misclassification	3
F1-REF	5	1	rdp	0.4	EU434855	Root;Ascomycota;Leotiomycetes;Helotiales;Vibrisseaceae;Phialocephala;Phialocephala_fortinii	Root;Ascomycota;Leotiomycetes;Helotiales;Vibrisseaceae;Vibrissea	overclassification	5
F1-REF	5	1	rdp	0.4	HQ533012	Root;Basidiomycota;Agaricomycetes;Polyporales	Root;Basidiomycota;Agaricomycetes;Polyporales;Hapalopilaceae;Aurantiporus	underclassification	4
F1-REF	5	1	rdp	0.4	HQ533010	Root;Basidiomycota;Agaricomycetes;Agaricales;Strophariaceae;Pholiota;Pholiota_populnea	Root;Basidiomycota;Agaricomycetes;Agaricales;Cortinariaceae;Flammulaster	misclassification	4
F1-REF	5	1	rdp	0.4	U56046	Root;Basidiomycota;Agaricomycetes;Agaricales;Cortinariaceae;Dermocybe_aspenensis;Dermocybe_aspenensis	Root;Basidiomycota;Agaricomycetes;Agaricales;Cortinariaceae;Dermocybe_mallochii	overclassification	5
F1-REF	5	1	rdp	0.4	DQ836786	Root;Ascomycota	Root;Ascomycota;Dothideomycetes;Pleosporales;Leptosphaeriaceae;Leptosphaeria	underclassification	2
F1-REF	5	1	rdp	0.4	GU222294	Root;Ascomycota;Leotiomycetes;Helotiales;Helotiaceae;Hymenoscyphus	Root;Ascomycota;Leotiomycetes;Helotiales;Helotiaceae;Discinella	overclassification	5
F1-REF	5	1	rdp	0.4	AF090875	Root;Basidiomycota;Agaricomycetes;Russulales;Stereaceae;Scytinostromella;Scytinostromella_heterogenea	Root;Basidiomycota;Agaricomycetes;Polyporales;Phanerochaetaceae;Ceraceomyces	misclassification	3
F1-REF	5	1	rdp	0.4	EU707898	Root;Ascomycota;Dothideomycetes;Capnodiales;Teratosphaeriaceae	Root;Ascomycota;Dothideomycetes;Capnodiales;Mycosphaerellaceae;Phaeothecoidea	misclassification	4
F1-REF	5	1	rdp	0.4	EU552137	Root;Ascomycota	Root;Ascomycota;Dothideomycetes;Hysteriales;Hysteriaceae;Hysterium	underclassification	2
F1-REF	5	1	rdp	0.4	AY729939	Root;Ascomycota;Leotiomycetes;Leotiales;Leotiaceae;Alatospora;Alatospora_acuminata	Root;Ascomycota;Sordariomycetes;Hypocreales;Nectriaceae;Flagellospora	misclassification	2
F1-REF	5	1	rdp	0.4	GU384881	Root;Ascomycota;Lecanoromycetes;Lecanorales;Parmeliaceae	Root;Ascomycota;Lecanoromycetes;Lecanorales;Parmeliaceae;Punctelia	match	5
F1-REF	5	1	rdp	0.4	FJ903297	Root;Basidiomycota;Agaricomycetes;Agaricales;Psathyrellaceae;Coprinopsis;Coprinopsis_cothurnata	Root;Basidiomycota;Agaricomycetes;Polyporales;Sistotremataceae;Sistotrema	misclassification	3
F1-REF	5	1	rdp	0.4	EU683062	Root;Ascomycota;Sordariomycetes;Diaporthales;Gnomoniaceae	Root;Ascomycota;Sordariomycetes;Diaporthales;Valsaceae;Anisogramma	misclassification	4
F1-REF	5	1	rdp	0.4	GU214649	Root;Ascomycota;Dothideomycetes;Capnodiales;Capnodiaceae;Capnodium;Capnodium_coffeae	Root;Ascomycota;Dothideomycetes;Capnodiales;Capnodiaceae;Polychaeton	overclassification	5
F1-REF	5	1	rdp	0.4	FJ608589	Root;Basidiomycota;Agaricomycetes;Polyporales;Meruliaceae;Podoscypha;Podoscypha_multizonata	Root;Basidiomycota;Agaricomycetes;Polyporales;Meripilaceae;Abortiporus	misclassification	4
F1-REF	5	1	rdp	0.4	DQ517417	Root;Basidiomycota;Agaricomycetes;Agaricales	Root;Basidiomycota;Agaricomycetes;Agaricales;Hygrophoraceae;Hygrophorus	underclassification	4
F1-REF	5	1	rdp	0.4	AJ315841	Root;Ascomycota	Root;Ascomycota;Eurotiomycetes;Onygenales;Gymnoascaceae;Testudomyces	underclassification	2
F1-REF	5	1	rdp	0.4	AF097903	Root;Ascomycota;Lecanoromycetes;Lecanorales;Parmeliaceae;Melanelia;Melanelia_tominii	Root;Ascomycota;Lecanoromycetes;Lecanorales;Parmeliaceae;Platismatia	overclassification	5
F1-REF	5	1	rdp	0.4	EU715633	Root;Ascomycota	Root;Ascomycota;Pezizomycetes;Pezizales;Pyronemataceae;Geopyxis	underclassification	2
F1-REF	5	1	rdp	0.4	AY313953	Root;Ascomycota	Root;Ascomycota;Dothideomycetes;Pleosporales;Pleomassariaceae;Asteromassaria	underclassification	2
F1-REF	5	1	rdp	0.4	FJ770392	Root;Basidiomycota;Agaricomycetes;Agaricales;Entolomataceae;Clitopilus;Clitopilus_prunulus	Root;Basidiomycota;Agaricomycetes;Agaricales;Entolomataceae;Clitopilopsis	overclassification	5
F1-REF	5	1	rdp	0.4	FJ969801	Root;Ascomycota;Sordariomycetes	Root;Ascomycota;Sordariomycetes;Hypocreales;Bionectriaceae;Ijuhya	underclassification	3
F1-REF	5	1	rdp	0.4	GQ292540	Root;Ascomycota;Sordariomycetes;Diaporthales;Cryphonectriaceae;Cryphonectria	Root;Ascomycota;Sordariomycetes;Diaporthales;Cryphonectriaceae;Holocryphia	overclassification	5
F1-REF	5	1	rdp	0.4	UDB000448	Root;Basidiomycota;Agaricomycetes;Boletales;Boletaceae;Heliogaster;Heliogaster_columellifer	Root;Basidiomycota;Agaricomycetes;Boletales;Boletaceae;Xerocomus	overclassification	5
F1-REF	5	1	rdp	0.4	JN235947	Root;Basidiomycota;Agaricomycetes;Russulales;Russulaceae;Lactarius;Lactarius_olympianus	Root;Basidiomycota;Agaricomycetes;Russulales;Russulaceae;Martellia	overclassification	5
F1-REF	5	1	rdp	0.4	AF539471	Root	Root;Ascomycota;Sordariomycetes;Microascales;Halosphaeriaceae;Lignincola	underclassification	1
F1-REF	5	1	rdp	0.4	EU041780	Root;Ascomycota;Dothideomycetes;Capnodiales;Mycosphaerellaceae;Mycosphaerella	Root;Ascomycota;Dothideomycetes;Capnodiales;Mycosphaerellaceae;Periconiella	overclassification	5
F1-REF	5	1	rdp	0.4	EU040222	Root;Ascomycota;Sordariomycetes	Root;Ascomycota;Sordariomycetes;Xylariales;Amphisphaeriaceae;Phlogicylindrium	underclassification	3
F1-REF	5	1	rdp	0.4	GU322433	Root;Ascomycota;Sordariomycetes;Sordariales;Lasiosphaeriaceae;Podospora	Root;Ascomycota;Sordariomycetes;Xylariales;Xylariaceae;Discoxylaria	misclassification	3
F1-REF	5	1	rdp	0.4	GQ167045	Root;Basidiomycota;Ustilaginomycetes;Ustilaginales;Ustilaginaceae;Ustilago;Ustilago_alcornii	Root;Basidiomycota;Ustilaginomycetes;Ustilaginales;Ustilaginaceae;Yenia	overclassification	5
F1-REF	5	1	rdp	0.4	AF079684	Root;Basidiomycota;Agaricomycetes;Agaricales;Agaricaceae;Cyphomyrmex_minutus_symbiont_950106_03;Cyphomyrmex_minutus_symbiont_950106_03	Root;Basidiomycota;Agaricomycetes;Agaricales;Agaricaceae;Cyphomyrmex_minutus_symbiont_950113_09	overclassification	5
F1-REF	5	1	rdp	0.4	EU673327	Root;Ascomycota;Dothideomycetes;Botryosphaeriales;Botryosphaeriaceae;Sphaeropsis	Root;Ascomycota;Dothideomycetes;Botryosphaeriales;Botryosphaeriaceae;Phaeobotryosphaeria	overclassification	5
F1-REF	5	1	rdp	0.4	JF908597	Root;Basidiomycota;Agaricomycetes;Agaricales	Root;Basidiomycota;Agaricomycetes;Agaricales;Bolbitiaceae;Pholiotina	underclassification	4
F1-REF	5	1	rdp	0.4	AB252471	Root;Ascomycota;Leotiomycetes;Erysiphales;Erysiphaceae	Root;Ascomycota;Leotiomycetes;Erysiphales;Erysiphaceae;Erysiphe	match	5
F1-REF	5	1	rdp	0.4	EU069498	Root;Basidiomycota;Exobasidiomycetes;Microstromatales;Microstromataceae;Sympodiomycopsis;Sympodiomycopsis_kandeliae	Root;Basidiomycota;Exobasidiomycetes;Microstromatales;Microstromataceae;Microstroma	overclassification	5
F1-REF	5	1	rdp	0.4	AF506379	Root;Basidiomycota;Agaricomycetes;Agaricales;Strophariaceae;Pholiota;Pholiota_flammans	Root;Basidiomycota;Agaricomycetes;Russulales;Stereaceae;Boidinia	misclassification	3
F1-REF	5	1	rdp	0.4	AF097755	Root;Basidiomycota;Agaricomycetes;Agaricales	Root;Basidiomycota;Agaricomycetes;Agaricales;Agaricaceae;Chlamydopus	underclassification	4
F1-REF	5	1	rdp	0.4	UDB003318	Root;Basidiomycota;Agaricomycetes	Root;Basidiomycota;Agaricomycetes;Thelephorales;Thelephoraceae;Amaurodon	underclassification	3
F1-REF	5	1	rdp	0.4	U57668	Root;Ascomycota;Sordariomycetes;Hypocreales;Ophiocordycipitaceae;Tolypocladium;Tolypocladium_geodes	Root;Ascomycota;Sordariomycetes;Hypocreales;Clavicipitaceae;Elaphocordyceps	misclassification	4
F1-REF	5	1	rdp	0.4	FJ805250	Root;Basidiomycota;Agaricomycetes;Polyporales;Polyporaceae;Perenniporia	Root;Basidiomycota;Agaricomycetes;Polyporales;Ganodermataceae;Ganoderma	misclassification	4
F1-REF	5	1	rdp	0.4	EU819469	Root;Basidiomycota;Agaricomycetes;Agaricales;Bolbitiaceae	Root;Basidiomycota;Agaricomycetes;Agaricales;Bolbitiaceae;Hebeloma	match	5
F1-REF	5	1	rdp	0.4	FJ596917	Root;Basidiomycota;Agaricomycetes;Agaricales;Hygrophoraceae;Hygrocybe;Hygrocybe_ingrata	Root;Basidiomycota;Agaricomycetes;Agaricales;Tricholomataceae;Tricholomataceae_aff_Porpoloma_GRSM77081	misclassification	4
F1-REF	5	1	rdp	0.4	EF197088	Root;Ascomycota;Sordariomycetes;Xylariales;Xylariaceae;Hypoxylon;Hypoxylon_rutilum	Root;Ascomycota;Sordariomycetes;Sordariales;Lasiosphaeriaceae;Zygopleurage	misclassification	3
F1-REF	5	1	rdp	0.4	AJ716159	Root;Ascomycota	Root;Basidiomycota;Agaricomycetes;Agaricales;Inocybaceae;Phaeomyces	misclassification	1
F1-REF	5	1	rdp	0.4	EU708338	Root;Basidiomycota;Agaricomycetes;Agaricales;Lyophyllaceae	Root;Basidiomycota;Agaricomycetes;Agaricales;Tricholomataceae;Arthromyces	misclassification	4
F1-REF	5	1	rdp	0.4	FJ478111	Root;Basidiomycota;Dacrymycetes;Dacrymycetales;Dacrymycetaceae;Dacryopinax;Dacryopinax_spathularia	Root;Basidiomycota;Tremellomycetes;Tremellales;Exidiaceae;Guepinia	misclassification	2
F1-REF	5	1	rdp	0.4	FJ150707	Root;Ascomycota	Root;Ascomycota;Dothideomycetes;Botryosphaeriales;Botryosphaeriaceae;Saccharata	underclassification	2
F1-REF	5	1	rdp	0.4	EU266100	Root;Ascomycota;Lecanoromycetes;Teloschistales;Physciaceae;Pyxine;Pyxine_endochrysina	Root;Ascomycota;Lecanoromycetes;Teloschistales;Physciaceae;Phaeophyscia	overclassification	5
F1-REF	5	1	rdp	0.4	EU266103	Root;Ascomycota;Lecanoromycetes;Lecanorales;Parmeliaceae	Root;Ascomycota;Lecanoromycetes;Lecanorales;Parmeliaceae;Parmelia	match	5
F1-REF	5	1	rdp	0.4	EU266107	Root;Ascomycota;Lecanoromycetes;Peltigerales	Root;Ascomycota;Lecanoromycetes;Peltigerales;Pannariaceae;Pannaria	underclassification	4
F1-REF	5	1	rdp	0.4	DQ018098	Root	Root;Ascomycota;Dothideomycetes;Pleosporales;Massarinaceae;Pseudodictyosporium	underclassification	1
F1-REF	5	1	rdp	0.4	AF444630	Root;Basidiomycota;Microbotryomycetes;Leucosporidiales;Leucosporidiaceae;Leucosporidiella;Leucosporidiella_fragaria	Root;Basidiomycota;Microbotryomycetes;Leucosporidiales;Leucosporidiaceae;Mastigobasidium	overclassification	5
F1-REF	5	1	rdp	0.4	AF444634	Root;Basidiomycota;Microbotryomycetes	Root;Basidiomycota;Agaricostilbomycetes;Agaricostilbales;Agaricostilbaceae;Bensingtonia	misclassification	2
F1-REF	5	1	rdp	0.4	AF274081	Root;Ascomycota	Root;Ascomycota;Lecanoromycetes;Agyriales;Agyriaceae;Trapelia	underclassification	2
F1-REF	5	1	rdp	0.4	EU697242	Root;Basidiomycota;Agaricomycetes;Gomphales;Gomphaceae;Ramaria	Root;Basidiomycota;Agaricomycetes;Gomphales;Gomphaceae;Gomphus	overclassification	5
F1-REF	5	1	rdp	0.4	FJ839613	Root;Ascomycota;Dothideomycetes;Pleosporales;Pleosporaceae	Root;Ascomycota;Dothideomycetes;Pleosporales;Pleosporaceae;Chalastospora	match	5
F1-REF	5	1	rdp	0.4	AB439544	Root;Basidiomycota;Agaricomycetes	Root;Basidiomycota;Agaricomycetes;Russulales;Lachnocladiaceae;Asterostroma	underclassification	3
F1-REF	5	1	rdp	0.4	JN033218	Root;Basidiomycota;Agaricomycetes;Agaricales;Cortinariaceae;Crepidotus	Root;Basidiomycota;Agaricomycetes;Boletales;Serpulaceae;Neopaxillus	misclassification	3
F1-REF	5	1	rdp	0.4	EU784442	Root;Ascomycota	Root;Ascomycota;Leotiomycetes;Helotiales;Geoglossaceae;Trichoglossum	underclassification	2
F1-REF	5	1	rdp	0.4	EU254918	Root;Ascomycota;Sordariomycetes;Diaporthales;Gnomoniaceae;Gnomonia	Root;Ascomycota;Sordariomycetes;Diaporthales;Gnomoniaceae;Plagiostoma	overclassification	5
F1-REF	5	1	rdp	0.4	EU623638	Root;Basidiomycota;Agaricomycetes;Agaricales;Marasmiaceae;Megacollybia;Megacollybia_marginata	Root;Basidiomycota;Agaricomycetes;Agaricales;Marasmiaceae;Gerronema	overclassification	5
F1-REF	5	1	rdp	0.4	DQ534567	Root;Basidiomycota;Agaricomycetes;Boletales;Boletaceae;Heliogaster;Heliogaster_columellifer	Root;Basidiomycota;Agaricomycetes;Boletales;Boletaceae;Boletus	overclassification	5
F1-REF	5	1	rdp	0.4	FJ481021	Root;Basidiomycota;Agaricomycetes;Corticiales;Australovuilleminia_coccinea;Australovuilleminia_coccinea;Australovuilleminia_coccinea	Root;Basidiomycota;Agaricomycetes;Corticiales;Corticiaceae;Vuilleminia	misclassification	4
F1-REF	5	1	rdp	0.4	GQ267480	Root;Basidiomycota;Agaricomycetes;Thelephorales;Thelephoraceae;Polyozellus;Polyozellus_multiplex	Root;Basidiomycota;Agaricomycetes;Thelephorales;Thelephoraceae;Pseudotomentella	overclassification	5
F1-REF	5	1	rdp	0.4	FR668015	Root;Ascomycota;Leotiomycetes;Helotiales;Helotiaceae;Hymenoscyphus	Root;Ascomycota;Leotiomycetes;Helotiales;Sclerotiniaceae;Torrendiella	misclassification	4
F1-REF	5	1	rdp	0.4	AF383953	Root;Ascomycota;Dothideomycetes;Pleosporales;Lophiostomataceae;Vaginatispora;Vaginatispora_aquatica	Root;Ascomycota;Dothideomycetes;Pleosporales;Lophiostomataceae;Lophiostoma	overclassification	5
F1-REF	5	1	rdp	0.4	JF908763	Root;Ascomycota	Root;Ascomycota;Pezizomycetes;Pezizales;Pyronemataceae;Genabea	underclassification	2
F1-REF	5	1	rdp	0.4	EU551205	Root;Ascomycota;Sordariomycetes;Sordariales;Sordariaceae;Sordaria;Sordaria_alcina	Root;Ascomycota;Sordariomycetes;Sordariales;Sordariaceae;Gelasinospora	overclassification	5
F1-REF	5	1	rdp	0.4	AF332117	Root;Ascomycota;Lecanoromycetes;Lecideales;Lecideaceae;Lecidea;Lecidea_confluens	Root;Ascomycota;Lecanoromycetes;Lecideales;Porpidiaceae;Bellemerea	misclassification	4
F1-REF	5	1	rdp	0.4	DQ865101	Root;Ascomycota;Dothideomycetes;Pleosporales;Pleosporaceae	Root;Ascomycota;Dothideomycetes;Pleosporales;Pleosporaceae;Crivellia	match	5
F1-REF	5	1	rdp	0.4	HQ650638	Root;Ascomycota;Lecanoromycetes;Lecanorales;Hymeneliaceae;Aspicilia	Root;Ascomycota;Lecanoromycetes;Lecanorales;Lecanoraceae;Circinaria	misclassification	4
F1-REF	5	1	rdp	0.4	AJ508681	Root;Ascomycota	Root;Ascomycota;Lecanoromycetes;Ostropales;Thelotremataceae;Ocellularia	underclassification	2
F1-REF	5	1	rdp	0.4	GU187524	Root;Basidiomycota;Agaricomycetes	Root;Basidiomycota;Agaricomycetes;Boletales;Coniophoraceae;Jaapia	underclassification	3
F1-REF	5	1	rdp	0.4	DQ384594	Root;Basidiomycota;Agaricomycetes;Polyporales;Polyporaceae;Oligoporus;Postia_ptychogaster	Root;Basidiomycota;Agaricomycetes;Polyporales;Fomitopsidaceae;Spongiporus	misclassification	4
F1-REF	5	1	rdp	0.4	EU199187	Root;Ascomycota;Sordariomycetes;Diaporthales;Gnomoniaceae;Apiognomonia;Apiognomonia_hystrix	Root;Ascomycota;Sordariomycetes;Diaporthales;Gnomoniaceae;Ditopella	overclassification	5
F1-REF	5	1	rdp	0.4	DQ873660	Root;Basidiomycota	Root;Basidiomycota;Tremellomycetes;Tremellales;Exidiaceae;Protodontia	underclassification	2
F1-REF	5	1	rdp	0.4	GU014817	Root;Basidiomycota;Ustilaginomycetes;Ustilaginales;Ustilaginaceae;Tubisorus_pachycarpus;Tubisorus_pachycarpus	Root;Basidiomycota;Ustilaginomycetes;Ustilaginales;Ustilaginaceae;Macalpinomyces	overclassification	5
F1-REF	5	1	rdp	0.4	FJ481051	Root;Ascomycota;Sordariomycetes;Hypocreales;Nectriaceae;Leuconectria;Leuconectria_grandis	Root;Ascomycota;Sordariomycetes;Hypocreales;Hypocreaceae;Gliocephalotrichum	misclassification	4
F1-REF	5	1	rdp	0.4	GU994566	Root;Ascomycota;Lecanoromycetes;Lecanorales;Parmeliaceae	Root;Ascomycota;Lecanoromycetes;Lecanorales;Parmeliaceae;Melanohalea	match	5
F1-REF	5	1	rdp	0.4	GQ458022	Root;Ascomycota;Saccharomycetes;Saccharomycetales;Dipodascaceae	Root;Ascomycota;Saccharomycetes;Saccharomycetales;Dipodascaceae;Galactomyces	match	5
F1-REF	5	1	rdp	0.4	EF081374	Root;Ascomycota	Root;Ascomycota;Arthoniomycetes;Arthoniales;Roccellaceae;Hubbsia	underclassification	2
F1-REF	5	1	rdp	0.4	AF128440	Root;Ascomycota;Leotiomycetes;Helotiales;Hyaloscyphaceae	Root;Ascomycota;Leotiomycetes;Helotiales;Hyaloscyphaceae;Mycoarthris	match	5
F1-REF	5	1	rdp	0.4	EF585539	Root;Ascomycota;Dothideomycetes;Botryosphaeriales;Botryosphaeriaceae;Neofusicoccum;Neofusicoccum_mangiferae	Root;Ascomycota;Dothideomycetes;Botryosphaeriales;Botryosphaeriaceae;Neoscytalidium	overclassification	5
F1-REF	5	1	rdp	0.4	EU401714	Root;Basidiomycota;Agaricomycetes;Agaricales;Tricholomataceae;Phaeolepiota;Gymnopilus_spectabilis	Root;Basidiomycota;Agaricomycetes;Agaricales;Cortinariaceae;Gymnopilus	misclassification	4
F1-REF	5	1	rdp	0.4	AB214899	Root;Basidiomycota;Agaricomycetes;Agaricales	Root;Basidiomycota;Agaricomycetes;Agaricales;Marasmiaceae;Pleurocybella	underclassification	4
F1-REF	5	1	rdp	0.4	AF435825	Root;Ascomycota;Pezizomycetes;Pezizales;Pezizaceae;Chromelosporium;Chromelosporium_carneum	Root;Ascomycota;Pezizomycetes;Pezizales;Pezizaceae;Eremiomyces	overclassification	5
F1-REF	5	1	rdp	0.4	GQ165705	Root;Basidiomycota;Agaricomycetes;Agaricales;Cortinariaceae	Root;Basidiomycota;Agaricomycetes;Agaricales;Cortinariaceae;Phaeocollybia	match	5
F1-REF	5	1	rdp	0.4	FJ941882	Root;Ascomycota;Dothideomycetes;Botryosphaeriales;Botryosphaeriaceae;Lasiodiplodia;Lasiodiplodia_theobromae	Root;Ascomycota;Dothideomycetes;Botryosphaeriales;Botryosphaeriaceae;Botryosphaeria	overclassification	5
F1-REF	5	1	rdp	0.4	EF051729	Root;Ascomycota;Sordariomycetes;Hypocreales;Clavicipitaceae;Metacordyceps;Metarhizium_majus	Root;Ascomycota;Sordariomycetes;Hypocreales;Clavicipitaceae;Metarhizium	overclassification	5
F1-REF	5	1	rdp	0.4	AY558633	Root;Basidiomycota;Agaricomycetes;Hymenochaetales;Hymenochaetaceae;Inonotus	Root;Basidiomycota;Agaricomycetes;Hymenochaetales;Hymenochaetaceae;Fulvifomes	overclassification	5
F1-REF	5	1	rdp	0.4	GU138755	Root;Ascomycota;Leotiomycetes;Rhytismatales;Rhytismataceae	Root;Ascomycota;Leotiomycetes;Rhytismatales;Rhytismataceae;Soleella	match	5
F1-REF	5	1	rdp	0.4	EU339370	Root;Ascomycota;Dothideomycetes;Capnodiales;Mycosphaerellaceae;Cladosporium;Cladosporium_cladosporioides	Root;Ascomycota;Dothideomycetes;Pleosporales;Pleosporaceae;Cochliobolus	misclassification	3
F1-REF	5	1	rdp	0.4	AB524794	Root;Ascomycota;Dothideomycetes;Pleosporales;Tetraplosphaeriaceae;Quadricrura;Quadricrura_bicornis	Root;Ascomycota;Dothideomycetes;Pleosporales;Tetraplosphaeriaceae;Pseudotetraploa	overclassification	5
F1-REF	5	1	rdp	0.4	AY781267	Root;Basidiomycota;Agaricomycetes;Polyporales;Xenasmataceae;Phlebiella;Phlebiella_christiansenii	Root;Basidiomycota;Agaricomycetes;Polyporales;Xenasmataceae;Xenasmatella	overclassification	5
F1-REF	5	1	rdp	0.4	GQ981500	Root;Basidiomycota;Agaricomycetes;Hysterangiales;Phallogastraceae;Protubera;Protubera_canescens	Root;Basidiomycota;Agaricomycetes;Phallales;Phallaceae;Clathrus	misclassification	3
F1-REF	5	1	rdp	0.4	GQ981503	Root;Basidiomycota;Agaricomycetes;Boletales	Root;Basidiomycota;Agaricomycetes;Boletales;Boletaceae;Fistulinella	underclassification	4
F1-REF	5	1	rdp	0.4	HM583842	Root;Basidiomycota;Agaricomycetes;Polyporales;Polyporaceae;Oligoporus	Root;Basidiomycota;Agaricomycetes;Polyporales;Fomitopsidaceae;Postia	misclassification	4
F1-REF	5	1	rdp	0.4	EU681281	Root;Ascomycota;Lecanoromycetes;Teloschistales;Physciaceae	Root;Ascomycota;Lecanoromycetes;Teloschistales;Physciaceae;Anaptychia	match	5
F1-REF	5	1	rdp	0.4	EU681286	Root;Ascomycota;Lecanoromycetes;Teloschistales;Teloschistaceae;Caloplaca	Root;Ascomycota;Lecanoromycetes;Teloschistales;Teloschistaceae;Fulgensia	overclassification	5
F1-REF	5	1	rdp	0.4	AY176347	Root;Basidiomycota;Agaricomycetes;Agaricales	Root;Basidiomycota;Agaricomycetes;Agaricales;Psathyrellaceae;Cystoagaricus	underclassification	4
F1-REF	5	1	rdp	0.4	AF364843	Root;Basidiomycota;Agaricomycetes;Russulales;Stereaceae;Stereum;Stereum_aff_gausapatum_254_285	Root;Ascomycota;Pezizomycetes;Pezizales;Discinaceae;Gyromitra	misclassification	1
F1-REF	5	1	rdp	0.4	EF535688	Root;Ascomycota;Dothideomycetes;Capnodiales;Mycosphaerellaceae;Mycosphaerella;Mycosphaerella_nyssicola	Root;Ascomycota;Dothideomycetes;Capnodiales;Mycosphaerellaceae;Ramularia	overclassification	5
F1-REF	5	1	rdp	0.4	EU006532	Root;Ascomycota;Eurotiomycetes;Verrucariales;Verrucariaceae;Verrucaria;Verrucula_granulosaria	Root;Ascomycota;Eurotiomycetes;Verrucariales;Verrucariaceae;Placocarpus	overclassification	5
F1-REF	5	1	rdp	0.4	HQ637300	Root;Ascomycota;Sordariomycetes;Xylariales;Amphisphaeriaceae;Seimatosporium	Root;Ascomycota;Sordariomycetes;Xylariales;Amphisphaeriaceae;Adisciso_tricellulare	overclassification	5
F1-REF	5	1	rdp	0.4	AF038354	Root;Ascomycota;Eurotiomycetes;Onygenales;Ajellomycetaceae;Emmonsia;Emmonsia_pasteuriana	Root;Ascomycota;Eurotiomycetes;Onygenales;Ajellomycetaceae;Ajellomyces	overclassification	5
F1-REF	5	1	rdp	0.4	AF116180	Root;Ascomycota;Lecanoromycetes;Lecanorales;Parmeliaceae	Root;Ascomycota;Lecanoromycetes;Lecanorales;Parmeliaceae;Cornicularia	match	5
F1-REF	5	1	rdp	0.4	EU420068	Root;Basidiomycota;Agaricomycetes;Polyporales;Polyporaceae;Lentinus;Lentinus_sajor_caju	Root;Basidiomycota;Agaricomycetes;Agaricales;Pleurotaceae;Pleurotus	misclassification	3
F1-REF	5	1	rdp	0.4	JF908018	Root;Ascomycota	Root;Ascomycota;Pezizomycetes;Pezizales;Pyronemataceae;Genea	underclassification	2
F1-REF	5	1	rdp	0.4	AB260936	Root;Basidiomycota;Tremellomycetes;Tremellales;Trichosporonaceae;Trichosporon;Trichosporon_mucoides	Root;Basidiomycota;Tremellomycetes;Filobasidiales;Filobasidiaceae;Cryptococcus	misclassification	3
F1-REF	5	1	rdp	0.4	EF561640	Root;Basidiomycota;Pucciniomycetes;Pucciniales;Pucciniaceae	Root;Basidiomycota;Pucciniomycetes;Pucciniales;Coleosporiaceae;Chrysomyxa	misclassification	4
F1-REF	5	1	rdp	0.4	JF908791	Root;Basidiomycota;Agaricomycetes;Boletales	Root;Basidiomycota;Agaricomycetes;Boletales;Boletaceae;Tubosaeta	underclassification	4
F1-REF	5	1	rdp	0.4	FJ596791	Root;Basidiomycota;Agaricomycetes;Agaricales	Root;Basidiomycota;Agaricomycetes;Gomphales;Gomphaceae;Ramariopsis	misclassification	3
F1-REF	5	1	rdp	0.4	EU920673	Root;Basidiomycota	Root;Basidiomycota;Agaricomycetes;Agaricales;Pluteaceae;Volvariella	underclassification	2
F1-REF	5	1	rdp	0.4	EU118606	Root;Basidiomycota;Agaricomycetes;Agaricales;Tricholomataceae;Catathelasma;Catathelasma_ventricosum	Root;Basidiomycota;Agaricomycetes;Atheliales;Atheliaceae;Athelidium	misclassification	3
F1-REF	5	1	rdp	0.4	AF116177	Root;Ascomycota;Lecanoromycetes;Lecanorales;Parmeliaceae	Root;Ascomycota;Lecanoromycetes;Lecanorales;Parmeliaceae;Nodobryoria	match	5
F1-REF	5	1	rdp	0.4	FJ903377	Root;Ascomycota;Sordariomycetes;Coniochaetales;Coniochaetaceae;Coniochaeta;Coniochaeta_ligniaria	Root;Ascomycota;Sordariomycetes;Coniochaetales;Coniochaetaceae;Lecythophora	overclassification	5
F1-REF	5	1	rdp	0.4	FJ919668	Root;Ascomycota;Dothideomycetes;Botryosphaeriales;Botryosphaeriaceae;Sphaeropsis;Sphaeropsis_sapinea	Root;Ascomycota;Dothideomycetes;Pleosporales;Dothidotthiaceae;Barriopsis	misclassification	3
F1-REF	5	1	rdp	0.4	EU199178	Root;Ascomycota;Sordariomycetes;Diaporthales;Gnomoniaceae	Root;Ascomycota;Sordariomycetes;Diaporthales;Gnomoniaceae;Amphiporthe	match	5
F1-REF	5	1	rdp	0.4	AM774156	Root;Ascomycota;Sordariomycetes;Microascales;Microascaceae;Graphium;Graphium_dubautiae	Root;Ascomycota;Sordariomycetes;Microascales;Microascaceae;Microascus	overclassification	5
F1-REF	5	1	rdp	0.4	EU622257	Root;Ascomycota;Sordariomycetes;Sordariales;Chaetomiaceae;Chaetomium	Root;Basidiomycota;Agaricomycetes;Agaricales;Lycoperdaceae;Lycoperdon	misclassification	1
F1-REF	5	1	rdp	0.4	DQ000299	Root;Basidiomycota;Agaricomycetes;Hymenochaetales;Hymenochaetaceae;Inocutis;Inocutis_jamaicensis	Root;Basidiomycota;Agaricomycetes;Polyporales;Polyporaceae;Funalia	misclassification	3
F1-REF	5	1	rdp	0.4	AY367606	Root;Basidiomycota;Agaricomycetes;Agaricales;Tricholomataceae;Apterostigma_urichii_fungal_symbiont_g56;Apterostigma_urichii_fungal_symbiont_g56	Root;Basidiomycota;Agaricomycetes;Agaricales;Tricholomataceae;Apterostigma_calverti_fungal_symbiont_s2	overclassification	5
F1-REF	5	1	rdp	0.4	EU047935	Root;Basidiomycota;Agaricomycetes;Agaricales;Marasmiaceae;Crinipellis;Crinipellis_brasiliensis	Root;Basidiomycota;Agaricomycetes;Agaricales;Marasmiaceae;Moniliophthora	overclassification	5
F1-REF	5	1	rdp	0.4	AB067724	Root;Basidiomycota;Agaricomycetes;Agaricales;Agaricaceae;Holocotylon;Holocotylon_brandegeeanum	Root;Basidiomycota;Agaricomycetes;Agaricales;Lycoperdaceae;Bovista	misclassification	4
F1-REF	5	1	rdp	0.4	EF190273	Root;Ascomycota;Sordariomycetes;Hypocreales;Clavicipitaceae	Root;Ascomycota;Sordariomycetes;Hypocreales;Clavicipitaceae;Aschersonia	match	5
F1-REF	5	1	rdp	0.4	EF394866	Root;Ascomycota;Dothideomycetes;Capnodiales;Teratosphaeriaceae;Teratosphaeria	Root;Ascomycota;Dothideomycetes;Capnodiales;Teratosphaeriaceae;Batcheloromyces	overclassification	5
F1-REF	5	1	rdp	0.4	GU062240	Root;Ascomycota;Dothideomycetes;Capnodiales;Mycosphaerellaceae;Septoria;Septoria_passerinii	Root;Ascomycota;Dothideomycetes;Capnodiales;Mycosphaerellaceae;Zymoseptoria_tritici	overclassification	5
F1-REF	5	1	rdp	0.4	EF577058	Root;Basidiomycota;Agaricomycetes;Polyporales;Hapalopilaceae;Spongipellis;Spongipellis_pachyodon	Root;Basidiomycota;Agaricomycetes;Polyporales;Polyporaceae;Cerrena	misclassification	4
F1-REF	5	1	rdp	0.4	FJ462747	Root;Basidiomycota;Agaricomycetes;Polyporales;Polyporaceae;Lenzites;Lenzites_betulinus	Root;Basidiomycota;Agaricomycetes;Polyporales;Polyporaceae;Trametes	overclassification	5
F1-REF	5	1	rdp	0.4	EU035423	Root;Ascomycota;Dothideomycetes;Pleosporales;Venturiaceae;Sympoventuria;Sympoventuria_capensis	Root;Ascomycota;Dothideomycetes;Pleosporales;Venturiaceae;Fusicladium	overclassification	5
F1-REF	5	1	rdp	0.4	AF335457	Root;Basidiomycota;Agaricomycetes;Boletales	Root;Basidiomycota;Agaricomycetes;Boletales;Boletaceae;Chalciporus	underclassification	4
F1-REF	5	1	rdp	0.4	AF335455	Root;Ascomycota	Root;Ascomycota;Pezizomycetes;Pezizales;Helvellaceae;Helvella	underclassification	2
F1-REF	5	1	rdp	0.4	FJ798603	Root;Ascomycota;Dothideomycetes;Pleosporales;Montagnulaceae;Paraconiothyrium;Paraconiothyrium_cyclothyrioides	Root;Ascomycota;Dothideomycetes;Pleosporales;Montagnulaceae;Microsphaeropsis	overclassification	5
F1-REF	5	1	rdp	0.4	FJ948133	Root;Ascomycota;Sordariomycetes;Hypocreales;Nectriaceae;Nectria;Nectria_haematococca	Root;Ascomycota;Sordariomycetes;Hypocreales;Nectriaceae;Haematonectria	overclassification	5
F1-REF	5	1	rdp	0.4	EU010258	Root;Ascomycota;Eurotiomycetes;Verrucariales;Verrucariaceae;Verrucaria;Verrucaria_funckii	Root;Ascomycota;Eurotiomycetes;Verrucariales;Verrucariaceae;Verruculopsis	overclassification	5
F1-REF	5	1	rdp	0.4	GU233363	Root;Basidiomycota;Agaricomycetes;Agaricales	Root;Basidiomycota;Agaricomycetes;Agaricales;Hygrophoraceae;Camarophyllus	underclassification	4
F1-REF	5	1	rdp	0.4	JF417488	Root;Ascomycota;Eurotiomycetes;Eurotiales;Trichocomaceae;Talaromyces;Talaromyces_emersonii	Root;Ascomycota;Eurotiomycetes;Eurotiales;Trichocomaceae;Rasamsonia_brevistipitata	overclassification	5
F1-REF	5	1	rdp	0.4	AY558598	Root;Basidiomycota;Agaricomycetes;Hymenochaetales;Hymenochaetaceae;Inonotus	Root;Basidiomycota;Agaricomycetes;Hymenochaetales;Hymenochaetaceae;Pseudochaete	overclassification	5
F1-REF	5	1	rdp	0.4	HQ650635	Root;Ascomycota;Lecanoromycetes	Root;Ascomycota;Lecanoromycetes;Baeomycetales;Baeomycetaceae;Phyllobaeis	underclassification	3
F1-REF	5	1	rdp	0.4	GQ203770	Root;Ascomycota	Root;Ascomycota;Dothideomycetes;Pleosporales;Sporormiaceae;Sporormiella	underclassification	2
F1-REF	5	1	rdp	0.4	AF506441	Root;Basidiomycota;Agaricomycetes;Russulales;Gloeocystidiellaceae;Gloeocystidiellum;Gloeocystidiellum_formosanum	Root;Basidiomycota;Agaricomycetes;Russulales;Stereaceae;Megalocystidium	misclassification	4
F1-REF	5	1	rdp	0.4	EU851104	Root;Ascomycota;Sordariomycetes;Diaporthales;Togniniaceae;Phaeoacremonium	Root;Ascomycota;Sordariomycetes;Diaporthales;Togniniaceae;Togninia	overclassification	5
F1-REF	5	1	rdp	0.4	EU669386	Root;Ascomycota;Pezizomycetes;Pezizales;Pyronemataceae;Aleuria;Aleuria_aurantia	Root;Ascomycota;Pezizomycetes;Pezizales;Pyronemataceae;Pseudaleuria	overclassification	5
F1-REF	5	1	rdp	0.4	AF506449	Root;Basidiomycota;Agaricomycetes;Russulales	Root;Basidiomycota;Agaricomycetes;Russulales;Bondarzewiaceae;Gloiodon	underclassification	4
F1-REF	5	1	rdp	0.4	AY916467	Root;Ascomycota;Dothideomycetes;Pleosporales;Tubeufiaceae;Chlamydotubeufia_khunkornensis;Chlamydotubeufia_khunkornensis	Root;Ascomycota;Orbiliomycetes;Orbiliales;Orbiliaceae;Helicoon_gigantisporum	misclassification	2
F1-REF	5	1	rdp	0.4	GU219471	Root;Ascomycota;Sordariomycetes;Hypocreales;Bionectriaceae;Nectriopsis;Nectriopsis_exigua	Root;Ascomycota;Sordariomycetes;Hypocreales;Bionectriaceae;Sesquicillium	overclassification	5
F1-REF	5	1	rdp	0.4	EU853479	Root;Ascomycota;Dothideomycetes;Capnodiales;Mycosphaerellaceae;Mycosphaerella;Mycosphaerella_aurantia	Root;Ascomycota;Dothideomycetes;Capnodiales;Mycosphaerellaceae;Passalora	overclassification	5
F1-REF	5	1	rdp	0.4	EF194147	Root;Ascomycota;Sordariomycetes;Hypocreales	Root;Ascomycota;Sordariomycetes;Hypocreales;Ophiocordycipitaceae;Hirsutella	underclassification	4
F1-REF	5	1	rdp	0.4	AF377057	Root;Basidiomycota;Agaricomycetes	Root;Basidiomycota;Agaricomycetes;Gomphales;Gomphaceae;Gautieria	underclassification	3
F1-REF	5	1	rdp	0.4	DQ974688	Root;Basidiomycota;Agaricomycetes;Agaricales	Root;Basidiomycota;Agaricomycetes;Cantharellales;Cantharellaceae;Cantharellus	misclassification	3
F1-REF	5	1	rdp	0.4	GU234033	Root;Basidiomycota;Agaricomycetes;Agaricales;Tricholomataceae;Omphalina	Root;Basidiomycota;Agaricomycetes;Agaricales;Tricholomataceae;Arrhenia	overclassification	5
F1-REF	5	1	rdp	0.4	HQ650601	Root;Ascomycota	Root;Ascomycota;Lecanoromycetes;Ostropales;Stictidaceae;Stictis	underclassification	2
F1-REF	5	1	rdp	0.4	AM749919	Root;Ascomycota;Sordariomycetes;Xylariales;Xylariaceae;Ruwenzoria;Ruwenzoria_pseudoannulata	Root;Ascomycota;Sordariomycetes;Xylariales;Xylariaceae;Phylacia	overclassification	5
F1-REF	5	1	rdp	0.4	EF121334	Root;Ascomycota;Eurotiomycetes;Eurotiales;Trichocomaceae;Aspergillus;Aspergillus_unguis	Root;Ascomycota;Eurotiomycetes;Eurotiales;Trichocomaceae;Emericella	overclassification	5
F1-REF	5	1	rdp	0.4	UDB000691	Root;Basidiomycota;Agaricomycetes	Root;Basidiomycota;Agaricomycetes;Russulales;Albatrellaceae;Scutiger	underclassification	3
F1-REF	5	1	rdp	0.4	AY428793	Root;Ascomycota;Sordariomycetes;Hypocreales;Nectriaceae;Nectria	Root;Ascomycota;Sordariomycetes;Hypocreales;Nectriaceae;Nalanthamala	overclassification	5
F1-REF	5	1	rdp	0.4	EF530937	Root;Basidiomycota;Agaricomycetes;Agaricales;Entolomataceae;Entoloma;Entoloma_turci	Root;Basidiomycota;Agaricomycetes;Agaricales;Entolomataceae;Nolanea	overclassification	5
F1-REF	5	1	rdp	0.4	EU041821	Root;Ascomycota;Dothideomycetes;Capnodiales;Mycosphaerellaceae	Root;Ascomycota;Dothideomycetes;Capnodiales;Mycosphaerellaceae;Zasmidium	match	5
F1-REF	5	1	rdp	0.4	AJ292391	Root;Ascomycota;Sordariomycetes;Hypocreales	Root;Ascomycota;Sordariomycetes;Hypocreales;Cordycipitaceae;Lecanicillium	underclassification	4
F1-REF	5	1	rdp	0.4	AB104725	Root;Ascomycota;Sordariomycetes;Hypocreales	Root;Ascomycota;Sordariomycetes;Hypocreales;Ophiocordycipitaceae;Hymenostilbe	underclassification	4
F1-REF	5	1	rdp	0.4	AF250780	Root;Ascomycota;Lecanoromycetes;Teloschistales;Physciaceae;Buellia;Buellia_frigida	Root;Ascomycota;Lecanoromycetes;Teloschistales;Physciaceae;Amandinea	overclassification	5
F1-REF	5	1	rdp	0.4	EU918698	Root;Basidiomycota;Agaricomycetes;Agaricales;Amanitaceae;Amanita;Amanita_tenuifolia	Root;Basidiomycota;Agaricomycetes;Russulales;Peniophoraceae;Peniophora	misclassification	3
F1-REF	5	1	rdp	0.4	HM244759	Root;Ascomycota;Lecanoromycetes	Root;Ascomycota;Lecanoromycetes;Ostropales;Gyalectaceae;Belonia	underclassification	3
F1-REF	5	1	rdp	0.4	JQ347275	Root;Ascomycota;Sordariomycetes;Hypocreales;Nectriaceae;Calonectria;Calonectria_asiatica	Root;Ascomycota;Sordariomycetes;Hypocreales;Nectriaceae;Cylindrocladium	overclassification	5
F1-REF	5	1	rdp	0.4	AY999116	Root;Ascomycota;Sordariomycetes;Sordariales;Lasiosphaeriaceae;Podospora;Podospora_glutinans	Root;Ascomycota;Sordariomycetes;Sordariales;Lasiosphaeriaceae;Schizothecium	overclassification	5
F1-REF	5	1	rdp	0.4	EU477860	Root;Basidiomycota;Agaricomycetes;Agaricales	Root;Basidiomycota;Agaricomycetes;Agaricales;Bolbitiaceae;Bolbitius	underclassification	4
F1-REF	5	1	rdp	0.4	AY604526	Root;Ascomycota;Dothideomycetes;Pleosporales;Venturiaceae;Rhizosphaera;Rhizosphaera_pini	Root;Ascomycota;Dothideomycetes;Dothideales;Dothideaceae;Endoconidioma	misclassification	3
F1-REF	5	1	rdp	0.4	JF681966	Root;Ascomycota;Sordariomycetes;Diaporthales;Valsaceae	Root;Ascomycota;Sordariomycetes;Diaporthales;Melanconidaceae;Prosthecium	misclassification	4
F1-REF	5	1	rdp	0.4	AJ421007	Root;Basidiomycota;Agaricomycetes;Agaricales	Root;Basidiomycota;Agaricomycetes;Polyporales;Polyporaceae;Fibroporia	misclassification	3
F1-REF	5	1	rdp	0.4	AF514292	Root;Ascomycota	Root;Ascomycota;Saccharomycetes;Saccharomycetales;Metschnikowiaceae;Metschnikowia	underclassification	2
F1-REF	5	1	rdp	0.4	HQ650696	Root;Ascomycota;Lecanoromycetes;Peltigerales;Lobariaceae;Sticta;Sticta_wrightii	Root;Ascomycota;Lecanoromycetes;Peltigerales;Lobariaceae;Lobariella	overclassification	5
F1-REF	5	1	rdp	0.4	U10409	Root;Ascomycota;Saccharomycetes;Saccharomycetales	Root;Ascomycota;Saccharomycetes;Saccharomycetales;Saccharomycopsidaceae;Saccharomycopsis	underclassification	4
F1-REF	5	1	rdp	0.4	AF410820	Root;Ascomycota;Lecanoromycetes;Lecanorales;Parmeliaceae;Xanthoparmelia	Root;Ascomycota;Lecanoromycetes;Lecanorales;Parmeliaceae;Parmeliopsis	overclassification	5
F1-REF	5	1	rdp	0.4	AF357052	Root;Basidiomycota;Agaricomycetes;Agaricales;Lyophyllaceae	Root;Basidiomycota;Agaricomycetes;Agaricales;Lyophyllaceae;Lyophyllum	match	5
F1-REF	5	1	rdp	0.4	DQ354521	Root;Basidiomycota;Pucciniomycetes;Pucciniales;Phragmidiaceae;Phragmidium	Root;Basidiomycota;Pucciniomycetes;Pucciniales;Raveneliaceae;Sphenospora	misclassification	4
F1-REF	5	1	rdp	0.4	EU557365	Root;Ascomycota;Sordariomycetes	Root;Ascomycota;Sordariomycetes;Microascales;Halosphaeriaceae;Ceriosporopsis	underclassification	3
F1-REF	5	1	rdp	0.4	HQ650699	Root;Ascomycota	Root;Ascomycota;Lecanoromycetes;Peltigerales;Placynthiaceae;Placynthium	underclassification	2
F1-REF	5	1	rdp	0.4	EU367452	Root;Ascomycota	Root;Ascomycota;Sordariomycetes;Calosphaeriales;Calosphaeriaceae;Togniniella	underclassification	2
F1-REF	5	1	rdp	0.4	AF394020	Root;Ascomycota	Root;Ascomycota;Pezizomycetes;Pezizales;Sarcoscyphaceae;Cookeina	underclassification	2
F1-REF	5	1	rdp	0.4	DQ789093	Root;Ascomycota;Lecanoromycetes	Root;Ascomycota;Lecanoromycetes;Teloschistales;Caliciaceae;Calicium	underclassification	3
F1-REF	5	1	rdp	0.4	U66016	Root;Ascomycota;Pezizomycetes;Pezizales;Sarcoscyphaceae;Phillipsia;Phillipsia_carnicolor	Root;Ascomycota;Pezizomycetes;Pezizales;Sarcoscyphaceae;Nanoscypha	overclassification	5
F1-REF	5	1	rdp	0.4	GQ919281	Root;Ascomycota;Lecanoromycetes;Lecanorales;Parmeliaceae;Remototrachyna_dodapetta;Remototrachyna_dodapetta	Root;Ascomycota;Lecanoromycetes;Lecanorales;Parmeliaceae;Remototrachyna_kingii	overclassification	5
F1-REF	5	1	rdp	0.4	EU427035	Root;Ascomycota;Sordariomycetes;Xylariales	Root;Basidiomycota;Agaricomycetes;Polyporales;Fomitopsidaceae;Sporotrichum	misclassification	1
F1-REF	5	1	rdp	0.4	AF068922	Root;Basidiomycota;Agaricomycetes;Polyporales	Root;Basidiomycota;Agaricomycetes;Polyporales;Fomitopsidaceae;Piptoporus	underclassification	4
F1-REF	5	1	rdp	0.4	JF681957	Root;Ascomycota;Sordariomycetes;Diaporthales;Gnomoniaceae;Gnomonia;Gnomonia_fragariae	Root;Ascomycota;Sordariomycetes;Diaporthales;Sydowiellaceae;Chapeckia	misclassification	4
F1-REF	5	1	rdp	0.4	AB546949	Root;Ascomycota;Leotiomycetes;Helotiales;Hyaloscyphaceae	Root;Ascomycota;Leotiomycetes;Helotiales;Hyaloscyphaceae;Hyphodiscus	match	5
F1-REF	5	1	rdp	0.4	UDB001486	Root;Basidiomycota;Agaricomycetes;Agaricales;Tricholomataceae;Leucopaxillus;Leucopaxillus_nauseosodulcis	Root;Basidiomycota;Agaricomycetes;Agaricales;Tricholomataceae;Porpoloma	overclassification	5
F1-REF	5	1	rdp	0.4	GU233325	Root;Basidiomycota;Agaricomycetes;Agaricales;Cortinariaceae;Dermocybe_egmontiana;Dermocybe_egmontiana	Root;Basidiomycota;Agaricomycetes;Agaricales;Cortinariaceae;Dermocybe_leptospermorum	overclassification	5
F1-REF	5	1	rdp	0.4	DQ681201	Root;Basidiomycota;Agaricomycetes;Polyporales;Hapalopilaceae;Ceriporiopsis;Ceriporiopsis_gilvescens	Root;Basidiomycota;Agaricomycetes;Polyporales;Hyphodermataceae;Bulbillomyces	misclassification	4
F1-REF	5	1	rdp	0.4	DQ836182	Root;Ascomycota;Sordariomycetes;Hypocreales;Clavicipitaceae;Pochonia	Root;Ascomycota;Eurotiomycetes;Eurotiales;Trichocomaceae;Paecilomyces	misclassification	2
F1-REF	5	1	rdp	0.4	EU517513	Root;Basidiomycota;Agaricomycetes;Agaricales;Mycenaceae;Mycena	Root;Basidiomycota;Agaricomycetes;Agaricales;Mycenaceae;Cruentomycena	overclassification	5
F1-REF	5	1	rdp	0.4	EU551192	Root;Ascomycota;Sordariomycetes;Hypocreales;Nectriaceae	Root;Ascomycota;Sordariomycetes;Hypocreales;Nectriaceae;Cylindrocladiella	match	5
F1-REF	5	1	rdp	0.4	AJ247516	Root;Ascomycota;Lecanoromycetes	Root;Ascomycota;Lecanoromycetes;Lecanorales;Ramalinaceae;Biatora	underclassification	3
F1-REF	5	1	rdp	0.4	AY621777	Root;Basidiomycota;Agaricomycetes	Root;Basidiomycota;Agaricomycetes;Russulales;Albatrellaceae;Leucophleps	underclassification	3
F1-REF	5	1	rdp	0.4	EF051060	Root;Basidiomycota;Agaricomycetes;Agaricales	Root;Basidiomycota;Agaricomycetes;Agaricales;Cortinariaceae;Tubaria	underclassification	4
F1-REF	5	1	rdp	0.4	DQ875343	Root;Basidiomycota;Ustilaginomycetes;Ustilaginales;Ustilaginaceae;Schizonella	Root;Basidiomycota;Ustilaginomycetes;Ustilaginales;Anthracoideaceae;Dermatosorus	misclassification	4
F1-REF	5	1	rdp	0.4	FJ416301	Root;Ascomycota;Sordariomycetes;Xylariales;Xylariaceae	Root;Ascomycota;Sordariomycetes;Xylariales;Xylariaceae;Whalleya	match	5
F1-REF	5	1	rdp	0.4	EU553494	Root;Ascomycota	Root;Ascomycota;Eurotiomycetes;Verrucariales;Verrucariaceae;Polyblastia	underclassification	2
F1-REF	5	1	rdp	0.4	FN821965	Root;Ascomycota;Sordariomycetes;Xylariales;Xylariaceae	Root;Ascomycota;Sordariomycetes;Xylariales;Xylariaceae;Rhopalostroma	match	5
F1-REF	5	1	rdp	0.4	FJ664875	Root;Ascomycota;Eurotiomycetes	Root;Ascomycota;Eurotiomycetes;Verrucariales;Verrucariaceae;Wahlenbergiella	underclassification	3
F1-REF	5	1	rdp	0.4	FN907920	Root;Basidiomycota;Agaricomycetes;Agaricales;Cyphellaceae;Globulicium;Globulicium_hiemale	Root;Basidiomycota;Agaricomycetes;Hymenochaetales;Schizoporaceae;Poriodontia	misclassification	3
F1-REF	5	1	rdp	0.4	DQ534479	Root;Ascomycota;Lecanoromycetes;Agyriales;Trapeliaceae;Orceolina;Orceolina_kerguelensis	Root;Ascomycota;Lecanoromycetes;Agyriales;Agyriaceae;Placopsis	misclassification	4
F1-REF	5	1	rdp	0.4	EU525946	Root;Basidiomycota;Agaricomycetes;Agaricales;Cortinariaceae;Dermocybe_malicoria;Dermocybe_malicoria	Root;Basidiomycota;Agaricomycetes;Agaricales;Cortinariaceae;Cortinarius	overclassification	5
F1-REF	5	1	rdp	0.4	EF591927	Root;Ascomycota;Dothideomycetes;Botryosphaeriales;Botryosphaeriaceae	Root;Ascomycota;Dothideomycetes;Botryosphaeriales;Botryosphaeriaceae;Aplosporella	match	5
F1-REF	5	1	rdp	0.4	HQ406808	Root;Ascomycota;Sordariomycetes;Coniochaetales;Coniochaetaceae;Coniochaeta;Coniochaeta_savoryi	Root;Ascomycota;Sordariomycetes;Sordariales;Lasiosphaeriaceae;Fimetariella	misclassification	3
F1-REF	5	1	rdp	0.4	JN009733	Root;Ascomycota;Lecanoromycetes	Root;Ascomycota;Lecanoromycetes;Lecanorales;Tephromelataceae;Violella_fucata	underclassification	3
F1-REF	5	1	rdp	0.4	AB254189	Root;Ascomycota;Leotiomycetes;Helotiales;Sclerotiniaceae	Root;Ascomycota;Leotiomycetes;Helotiales;Sclerotiniaceae;Mycopappus	match	5
F1-REF	5	1	rdp	0.4	FJ789599	Root;Ascomycota	Root;Ascomycota;Pezizomycetes;Pezizales;Pyronemataceae;Gilkeya	underclassification	2
F1-REF	5	1	rdp	0.4	FJ887922	Root;Ascomycota;Dothideomycetes	Root;Ascomycota;Dothideomycetes;Jahnulales;Aliquandostipitaceae;Brachiosphaera	underclassification	3
F1-REF	5	1	rdp	0.4	AF229484	Root;Ascomycota;Dothideomycetes;Pleosporales;Pleosporaceae;Bipolaris	Root;Ascomycota;Dothideomycetes;Pleosporales;Pleosporaceae;Stemphylium	overclassification	5
F1-REF	5	1	rdp	0.4	EF600974	Root;Ascomycota;Dothideomycetes;Pleosporales	Root;Ascomycota;Dothideomycetes;Pleosporales;Phaeosphaeriaceae;Eudarluca	underclassification	4
F1-REF	5	1	rdp	0.4	AY509553	Root;Basidiomycota;Tremellomycetes;Tremellales;Exidiaceae;Exidia;Exidia_saccharina	Root;Basidiomycota;Tremellomycetes;Tremellales;Exidiaceae;Eichleriella	overclassification	5
F1-REF	5	1	rdp	0.4	HQ897810	Root;Ascomycota;Sordariomycetes;Hypocreales;Nectriaceae;Nectria;Cosmospora_episphaeria	Root;Ascomycota;Sordariomycetes;Hypocreales;Nectriaceae;Macroconia_leptosphaeriae	overclassification	5
F1-REF	5	1	rdp	0.4	AY461834	Root;Basidiomycota;Agaricomycetes;Agaricales;Coprinaceae;Coprinus;Coprinus_maysoidisporus	Root;Basidiomycota;Agaricomycetes;Agaricales;Psathyrellaceae;Coprinellus	misclassification	4
F1-REF	5	1	rdp	0.4	AY558743	Root;Ascomycota	Root;Ascomycota;Pezizomycetes;Pezizales;Helvellaceae;Barssia	underclassification	2
F1-REF	5	1	rdp	0.4	EF669990	Root;Ascomycota;Eurotiomycetes;Eurotiales;Trichocomaceae;Aspergillus;Aspergillus_clavatus	Root;Ascomycota;Eurotiomycetes;Eurotiales;Trichocomaceae;Dichotomomyces	overclassification	5
F1-REF	5	1	rdp	0.4	AJ518879	Root;Basidiomycota;Agaricomycetes	Root;Basidiomycota;Agaricomycetes;Boletales;Coniophoraceae;Coniophora	underclassification	3
F1-REF	5	1	rdp	0.4	EF029224	Root;Ascomycota;Leotiomycetes;Helotiales;Hyaloscyphaceae;Hyaloscypha;Hyaloscypha_albohyalina_var_spiralis	Root;Ascomycota;Leotiomycetes;Helotiales;Hyaloscyphaceae;Pseudaegerita	overclassification	5
F1-REF	5	1	rdp	0.4	EU266078	Root;Ascomycota;Lecanoromycetes;Lecanorales;Ramalinaceae	Root;Ascomycota;Lecanoromycetes;Lecanorales;Ramalinaceae;Bacidia	match	5
F1-REF	5	1	rdp	0.4	EF029203	Root;Ascomycota;Dothideomycetes;Pleosporales;Venturiaceae;Venturia;Venturia_atriseda	Root;Ascomycota;Orbiliomycetes;Orbiliales;Orbiliaceae;Helicoon_fuscosporum	misclassification	2
F1-REF	5	1	rdp	0.4	AJ133433	Root;Ascomycota;Pezizomycetes;Pezizales;Pyronemataceae	Root;Ascomycota;Pezizomycetes;Pezizales;Pyronemataceae;Monascella	match	5
F1-REF	5	1	rdp	0.4	EU021600	Root;Ascomycota;Eurotiomycetes;Eurotiales;Trichocomaceae	Root;Ascomycota;Eurotiomycetes;Eurotiales;Trichocomaceae;Trichocoma	match	5
F1-REF	5	1	rdp	0.4	GQ303293	Root;Ascomycota;Dothideomycetes;Dothideales;Dothioraceae;Kabatina;Kabatina_juniperi	Root;Ascomycota;Dothideomycetes;Capnodiales;Mycosphaerellaceae;Selenophoma	misclassification	3
F1-REF	5	1	rdp	0.4	JF908719	Root;Ascomycota;Pezizomycetes;Pezizales;Pyronemataceae;Scutellinia;Scutellinia_heterosculpturata	Root;Ascomycota;Pezizomycetes;Pezizales;Pyronemataceae;Ramsbottomia	overclassification	5
F1-REF	5	1	rdp	0.4	GQ303296	Root;Ascomycota;Dothideomycetes	Root;Ascomycota;Dothideomycetes;Dothideales;Dothioraceae;Sydowia	underclassification	3
F1-REF	5	1	rdp	0.4	UDB001534	Root;Basidiomycota;Agaricomycetes;Agaricales	Root;Basidiomycota;Agaricomycetes;Agaricales;Clavariaceae;Clavulinopsis	underclassification	4
F1-REF	5	1	rdp	0.4	AY854068	Root;Basidiomycota;Agaricomycetes	Root;Basidiomycota;Agaricomycetes;Boletales;Boletaceae;Strobilomyces	underclassification	3
F1-REF	5	1	rdp	0.4	EU784186	Root;Basidiomycota;Agaricomycetes;Agaricales	Root;Basidiomycota;Agaricomycetes;Agaricales;Clavariaceae;Clavaria	underclassification	4
F1-REF	5	1	rdp	0.4	EU784185	Root;Ascomycota	Root;Ascomycota;Pezizomycetes;Pezizales;Tuberaceae;Choiromyces	underclassification	2
F1-REF	5	1	rdp	0.4	AB481284	Root;Basidiomycota;Agaricomycetes;Agaricales;Strophariaceae;Stropharia;Dasyscyphus_nidulus	Root;Ascomycota;Leotiomycetes;Helotiales;Hyaloscyphaceae;Lasiobelonium	misclassification	1
F1-REF	5	1	rdp	0.4	HM191746	Root;Basidiomycota;Agaricomycetes	Root;Basidiomycota;Agaricomycetes;Agaricales;Marasmiaceae;Clitocybula	underclassification	3
F1-REF	5	1	rdp	0.4	HQ650655	Root;Ascomycota;Lecanoromycetes;Lecanorales	Root;Ascomycota;Lecanoromycetes;Lecanorales;Psoraceae;Protomicarea	underclassification	4
F1-REF	5	1	rdp	0.4	EU784181	Root;Basidiomycota;Agaricomycetes;Polyporales	Root;Basidiomycota;Agaricomycetes;Thelephorales;Bankeraceae;Bankera	misclassification	3
F1-REF	5	1	rdp	0.4	AB481288	Root;Basidiomycota;Agaricomycetes;Agaricales;Strophariaceae;Stropharia;Dasyscyphus_nidulus	Root;Ascomycota;Leotiomycetes;Helotiales;Hyaloscyphaceae;Trichopezizella	misclassification	1
F1-REF	5	1	rdp	0.4	EU352773	Root;Neocallimastigomycota;Neocallimastigomycetes;Neocallimastigales;Neocallimastigaceae	Root;Chytridiomycota;Chytridiomycetes;Lobulomycetales;Lobulomycetaceae;Clydaea	misclassification	1
F1-REF	5	1	rdp	0.4	GQ267191	Root;Ascomycota;Lecanoromycetes;Lecanorales	Root;Ascomycota;Lecanoromycetes;Lecanorales;Parmeliaceae;Parmelinella	underclassification	4
F1-REF	5	1	rdp	0.4	EF029205	Root;Ascomycota;Dothideomycetes;Pleosporales;Venturiaceae;Venturia	Root;Ascomycota;Orbiliomycetes;Orbiliales;Orbiliaceae;Helicoon_aff_maioricense_ICMP14920	misclassification	2
F1-REF	5	1	rdp	0.4	JF495036	Root;Basidiomycota;Agaricomycetes;Agaricales;Agaricaceae	Root;Basidiomycota;Agaricomycetes;Agaricales;Agaricaceae;Barcheria	match	5
F1-REF	5	1	rdp	0.4	AF289074	Root;Ascomycota;Pezizomycetes;Pezizales;Pyronemataceae	Root;Ascomycota;Pezizomycetes;Pezizales;Pyronemataceae;Pulvinula	match	5
F1-REF	5	1	rdp	0.4	GQ304945	Root;Ascomycota;Pezizomycetes;Pezizales	Root;Ascomycota;Pezizomycetes;Pezizales;Morchellaceae;Ptychoverpa	underclassification	4
F1-REF	5	1	rdp	0.4	HM036645	Root;Basidiomycota;Agaricomycetes;Agaricales	Root;Basidiomycota;Agaricomycetes;Agaricales;Marasmiaceae;Flagelloscypha	underclassification	4
F1-REF	5	1	rdp	0.4	FM202494	Root;Basidiomycota;Agaricomycetes;Polyporales	Root;Basidiomycota;Agaricomycetes;Polyporales;Meripilaceae;Physisporinus	underclassification	4
F1-REF	5	1	rdp	0.4	EU254750	Root;Ascomycota;Sordariomycetes;Diaporthales;Gnomoniaceae;Linospora;Linospora_ceuthocarpa	Root;Ascomycota;Sordariomycetes;Diaporthales;Gnomoniaceae;Apioplagiostoma	overclassification	5
F1-REF	5	1	rdp	0.4	AB105353	Root;Basidiomycota;Tremellomycetes;Tremellales	Root;Basidiomycota;Tremellomycetes;Tremellales;Trichosporonaceae;Asterotremella	underclassification	4
F1-REF	5	1	rdp	0.4	JF340250	Root;Ascomycota;Sordariomycetes;Hypocreales;Ophiocordycipitaceae;Tolypocladium;Tolypocladium_inflatum	Root;Ascomycota;Sordariomycetes;Hypocreales;Ophiocordycipitaceae;Chaunopycnis	overclassification	5
F1-REF	5	1	rdp	0.4	EF158023	Root;Ascomycota;Sordariomycetes;Hypocreales;Nectriaceae;Fusarium;Fusarium_sporotrichioides	Root;Ascomycota;Sordariomycetes;Hypocreales;Nectriaceae;Gibberella	overclassification	5
F1-REF	5	1	rdp	0.4	U56041	Root;Basidiomycota;Agaricomycetes;Agaricales;Cortinariaceae;Dermocybe_malicoria;Dermocybe_malicoria	Root;Basidiomycota;Agaricomycetes;Agaricales;Cortinariaceae;Dermocybe_fervida	overclassification	5
F1-REF	5	1	rdp	0.4	AY204610	Root;Ascomycota;Leotiomycetes;Helotiales;Helotiaceae;Hymenoscyphus	Root;Ascomycota;Leotiomycetes;Helotiales;Helotiaceae;Tricladium	overclassification	5
F1-REF	5	1	rdp	0.4	AJ877221	Root;Ascomycota;Eurotiomycetes;Onygenales;Arthrodermataceae;Trichophyton;Trichophyton_phaseoliforme	Root;Ascomycota;Eurotiomycetes;Onygenales;Arthrodermataceae;Arthroderma	overclassification	5
F1-REF	5	1	rdp	0.4	HQ222013	Root;Basidiomycota;Agaricomycetes;Agaricales	Root;Basidiomycota;Agaricomycetes;Agaricales;Strophariaceae;Pachylepyrium	underclassification	4
F1-REF	5	1	rdp	0.4	AF482859	Root;Basidiomycota;Agaricomycetes;Agaricales;Agaricaceae;Leucoagaricus	Root;Basidiomycota;Agaricomycetes;Agaricales;Agaricaceae;Leucocoprinus	overclassification	5
F1-REF	5	1	rdp	0.4	U21830	Root;Ascomycota;Leotiomycetes;Helotiales;Sclerotiniaceae	Root;Ascomycota;Leotiomycetes;Helotiales;Sclerotiniaceae;Ciborinia	match	5
F1-REF	5	1	rdp	0.4	U85789	Root;Basidiomycota;Agaricomycetes;Agaricales;Typhulaceae;Typhula;Typhula_variabilis	Root;Basidiomycota;Agaricomycetes;Atheliales;Atheliaceae;Fibulorhizoctonia	misclassification	3
F1-REF	5	1	rdp	0.4	AF482855	Root;Basidiomycota;Agaricomycetes;Agaricales;Agaricaceae	Root;Basidiomycota;Agaricomycetes;Agaricales;Agaricaceae;Chlorophyllum	match	5
F1-REF	5	1	rdp	0.4	AJ237626	Root;Basidiomycota;Agaricomycetes;Agaricales;Agaricaceae;Holocotylon;Holocotylon_brandegeeanum	Root;Basidiomycota;Agaricomycetes;Agaricales;Agaricaceae;Morganella	overclassification	5
F1-REF	5	1	rdp	0.4	EF636923	Root;Basidiomycota;Agaricomycetes;Agaricales	Root;Basidiomycota;Agaricomycetes;Agaricales;Lyophyllaceae;Termitomyces	underclassification	4
F1-REF	5	1	rdp	0.4	GQ981494	Root;Basidiomycota;Agaricomycetes	Root;Basidiomycota;Agaricomycetes;Agaricales;Tricholomataceae;Cantharellula	underclassification	3
F1-REF	5	1	rdp	0.4	AF395684	Root;Ascomycota	Root;Ascomycota;Sordariomycetes;Microascales;Ceratocystidaceae;Ceratocystis	underclassification	2
F1-REF	5	1	rdp	0.4	AY755347	Root;Ascomycota;Lecanoromycetes;Lecanorales	Root;Ascomycota;Leotiomycetes;Helotiales;Helotiaceae;Chlorociboria	misclassification	2
F1-REF	5	1	rdp	0.4	EF155483	Root;Ascomycota;Sordariomycetes;Xylariales;Diatrypaceae	Root;Ascomycota;Sordariomycetes;Xylariales;Diatrypaceae;Eutypa	match	5
F1-REF	5	1	rdp	0.4	EU681316	Root;Ascomycota;Lecanoromycetes;Teloschistales;Teloschistaceae;Xanthoria;Xanthoria_inflata	Root;Ascomycota;Lecanoromycetes;Teloschistales;Teloschistaceae;Xanthodactylon	overclassification	5
F1-REF	5	1	rdp	0.4	JN165019	Root;Basidiomycota;Agaricomycetes;Polyporales	Root;Basidiomycota;Agaricomycetes;Polyporales;Phanerochaetaceae;Lopharia	underclassification	4
F1-REF	5	1	rdp	0.4	FJ493187	Root;Ascomycota;Dothideomycetes;Capnodiales;Mycosphaerellaceae;Brunneosphaerella;Brunneosphaerella_protearum	Root;Ascomycota;Dothideomycetes;Capnodiales;Mycosphaerellaceae;Phaeophleospora_concentrica	overclassification	5
F1-REF	5	1	rdp	0.4	JN165015	Root;Basidiomycota;Agaricomycetes;Polyporales;Polyporaceae	Root;Basidiomycota;Agaricomycetes;Polyporales;Cystostereaceae;Dentocorticium	misclassification	4
F1-REF	5	1	rdp	0.4	AF389161	Root;Basidiomycota;Agaricomycetes;Agaricales;Cortinariaceae;Dermocybe_cardinalis;Dermocybe_cardinalis	Root;Basidiomycota;Agaricomycetes;Agaricales;Cortinariaceae;Dermocybe_austronanceiensis	overclassification	5
F1-REF	5	1	rdp	0.4	EF190282	Root;Ascomycota;Sordariomycetes;Hypocreales	Root;Ascomycota;Sordariomycetes;Hypocreales;Clavicipitaceae;Moelleriella	underclassification	4
F1-REF	5	1	rdp	0.4	AJ439439	Root;Ascomycota;Eurotiomycetes;Onygenales;Onygenaceae	Root;Ascomycota;Eurotiomycetes;Onygenales;Onygenaceae;Aphanoascus	match	5
F1-REF	5	1	rdp	0.4	FJ766487	Root;Basidiomycota;Agaricomycetes	Root;Basidiomycota;Agaricomycetes;Polyporales;Meripilaceae;Grifola	underclassification	3