JF715197	Root;Ascomycota;Saccharomycetes;Saccharomycetales;Pichiaceae;Issatchenkia;Issatchenkia_sp_YS16A	6e-43	DQ871598
New.CleanUp.ReferenceOTU38	Root;Ascomycota;Sordariomycetes;Xylariales;Amphisphaeriaceae;Bartalinia;Bartalinia_sp_MM_101	1e-37	GU722596
New.CleanUp.ReferenceOTU36	Root;Ascomycota;Eurotiomycetes;Eurotiales;Trichocomaceae;Penicillium;Penicillium_janthinellum	1e-34	GU212865
New.CleanUp.ReferenceOTU426	Root;Ascomycota;Saccharomycetes;Saccharomycetales;Pichiaceae;Pichia;Pichia_jadinii	5e-34	FJ865435
New.CleanUp.ReferenceOTU424	Root;Ascomycota;Saccharomycetes;Saccharomycetales;Pichiaceae;Pichia;Pichia_jadinii	8e-39	FJ865435
New.CleanUp.ReferenceOTU425	Root;Ascomycota;Saccharomycetes;Saccharomycetales;Pichiaceae;Pichia;Pichia_jadinii	2e-36	FJ865435
HQ589260	Root;Ascomycota;Saccharomycetes;Saccharomycetales;Pichiaceae;Pichia;Pichia_kudriavzevii	2e-42	FJ515204
New.CleanUp.ReferenceOTU340	Root;Ascomycota;Saccharomycetes;Saccharomycetales;Pichiaceae;Issatchenkia;Issatchenkia_sp_YS16A	3e-35	DQ871598
New.CleanUp.ReferenceOTU229	Root;Ascomycota;Saccharomycetes;Saccharomycetales;Pichiaceae;Pichia;Pichia_jadinii	2e-42	EU568909
New.CleanUp.ReferenceOTU132	Root;Ascomycota;Saccharomycetes;Saccharomycetales;Pichiaceae;Pichia;Pichia_jadinii	1e-31	FJ865435
New.CleanUp.ReferenceOTU136	Root;Ascomycota;Saccharomycetes;Saccharomycetales;Dipodascaceae;Galactomyces;Galactomyces_geotrichum	2e-39	GQ376093
New.ReferenceOTU0	Root;Ascomycota;Saccharomycetes;Saccharomycetales;Saccharomycetaceae;Zygosaccharomyces;Zygosaccharomyces_sp_KS3_2007	1e-31	EF620030
New.ReferenceOTU1	Root;Ascomycota;Saccharomycetes;Saccharomycetales;Dipodascaceae;Galactomyces;Galactomyces_geotrichum	4e-44	DQ683112
New.ReferenceOTU2	Root;Ascomycota;Saccharomycetes;Saccharomycetales;Dipodascaceae;Galactomyces;Galactomyces_geotrichum	6e-43	DQ683112
New.ReferenceOTU3	Root;Ascomycota;Saccharomycetes;Saccharomycetales;Dipodascaceae;Galactomyces;Galactomyces_geotrichum	2e-42	FJ227897
New.ReferenceOTU4	Root;Ascomycota;Saccharomycetes;Saccharomycetales;Dipodascaceae;Galactomyces;Galactomyces_geotrichum	1e-40	DQ680681
New.ReferenceOTU5	Root;Ascomycota;Saccharomycetes;Saccharomycetales;Dipodascaceae;Galactomyces;Galactomyces_geotrichum	2e-42	GQ376093
New.CleanUp.ReferenceOTU250	Root;Ascomycota;Saccharomycetes;Saccharomycetales;Incertae_sedis;Candida;Candida_catenulata	5e-43	EF197948
HQ124706	Root;Ascomycota;Eurotiomycetes;Eurotiales;Trichocomaceae;Penicillium;Penicillium_concentricum	9e-45	EU551202
GU370744	Root;Ascomycota;Saccharomycetes;Saccharomycetales;Pichiaceae;Pichia;Pichia_jadinii	8e-39	FJ865435
GU187850	Root;Ascomycota;Sordariomycetes;Hypocreales;Nectriaceae;Fusarium;Fusarium_sp_JJP_2009a	6e-30	FJ210632
GU721258	Root;Ascomycota;Sordariomycetes;Hypocreales;Nectriaceae;Fusarium;Fusarium_sp_GrS5	4e-40	FJ904916
GU187857	Root;Ascomycota;Sordariomycetes;Hypocreales;Nectriaceae;Fusarium;Fusarium_sp_ela1	4e-37	JN681281
JF439501	Root;Ascomycota;Eurotiomycetes;Eurotiales;Trichocomaceae;Penicillium;Penicillium_janthinellum	1e-43	GU212865
New.CleanUp.ReferenceOTU196	Root;Ascomycota;Saccharomycetes;Saccharomycetales;Dipodascaceae;Galactomyces;Galactomyces_geotrichum	2e-33	DQ680681
New.CleanUp.ReferenceOTU395	Root;Ascomycota;Saccharomycetes;Saccharomycetales;Saccharomycetaceae;Zygosaccharomyces;Zygosaccharomyces_pseudorouxii	2e-24	AM279696
New.CleanUp.ReferenceOTU199	Root;Ascomycota;Saccharomycetes;Saccharomycetales;Pichiaceae;Issatchenkia;Issatchenkia_sp_YS16A	2e-33	DQ871598
New.CleanUp.ReferenceOTU354	Root;Ascomycota;Saccharomycetes;Saccharomycetales;Dipodascaceae;Galactomyces;Galactomyces_geotrichum	5e-37	GQ376093
GQ376077	Root;Ascomycota;Saccharomycetes;Saccharomycetales;Saccharomycetaceae;Kluyveromyces;Kluyveromyces_lactis	6e-52	GQ376079
New.CleanUp.ReferenceOTU102	Root;Ascomycota;Saccharomycetes;Saccharomycetales;Dipodascaceae;Galactomyces;Galactomyces_geotrichum	4e-31	GQ376093
New.CleanUp.ReferenceOTU438	Root;Ascomycota;Sordariomycetes;Xylariales;Amphisphaeriaceae;Bartalinia;Bartalinia_sp_MM_101	1e-37	GU722596
New.CleanUp.ReferenceOTU109	Root;Ascomycota;Saccharomycetes;Saccharomycetales;Pichiaceae;Pichia;Pichia_kudriavzevii	1e-37	FJ515204
FJ466715	Root;Ascomycota;Sordariomycetes;Hypocreales;Nectriaceae;Fusarium;Fusarium_sp_ela1	1e-40	JN681281
FJ760911	Root;Ascomycota;Sordariomycetes;Xylariales;Amphisphaeriaceae;Bartalinia;Bartalinia_sp_MM_101	2e-42	GU722596
JN905480	Root;Ascomycota;Sordariomycetes;Hypocreales;Nectriaceae;Fusarium;Fusarium_sp_CBS_119875	6e-49	HQ897787
GQ229082	Root;Ascomycota;Eurotiomycetes;Eurotiales;Trichocomaceae;Aspergillus;Aspergillus_unguis	6e-52	FJ878626
New.CleanUp.ReferenceOTU10	Root;Ascomycota;Saccharomycetes;Saccharomycetales;Pichiaceae;Pichia;Pichia_jadinii	5e-34	FJ865435
AB236002	Root;Ascomycota;Saccharomycetes;Saccharomycetales;Pichiaceae;Pichia;Pichia_burtonii	6e-52	EU714323
New.CleanUp.ReferenceOTU443	Root;Ascomycota;Sordariomycetes;Hypocreales;Nectriaceae;Fusarium;Fusarium_sp_ela1	9e-32	JN681281
New.CleanUp.ReferenceOTU363	Root;Ascomycota;Saccharomycetes;Saccharomycetales;Pichiaceae;Issatchenkia;Issatchenkia_sp_YS16A	6e-30	DQ871598
JF907594	Root;Ascomycota;Saccharomycetes;Saccharomycetales;Dipodascaceae;Galactomyces;Galactomyces_geotrichum	6e-46	DQ680681
New.CleanUp.ReferenceOTU210	Root;Ascomycota;Saccharomycetes;Saccharomycetales;Pichiaceae;Pichia;Pichia_jadinii	7e-33	FJ865435
New.CleanUp.ReferenceOTU215	Root;Ascomycota;Saccharomycetes;Saccharomycetales;Dipodascaceae;Galactomyces;Galactomyces_geotrichum	8e-39	DQ680681
New.CleanUp.ReferenceOTU180	Root;Ascomycota;Eurotiomycetes;Eurotiales;Trichocomaceae;Penicillium;Penicillium_concentricum	4e-47	EU551202
New.CleanUp.ReferenceOTU118	Root;Ascomycota;Saccharomycetes;Saccharomycetales;Pichiaceae;Pichia;Pichia_kudriavzevii	3e-35	FJ515204
New.CleanUp.ReferenceOTU266	Root;Ascomycota;Saccharomycetes;Saccharomycetales;Pichiaceae;Issatchenkia;Issatchenkia_sp_YS16A	8e-36	DQ871598
EF199746	Root;Ascomycota;Saccharomycetes;Saccharomycetales;Incertae_sedis;Candida;Candida_catenulata	4e-50	EF197948
New.CleanUp.ReferenceOTU308	Root;Ascomycota;Saccharomycetes;Saccharomycetales;Pichiaceae;Pichia;Pichia_kudriavzevii	3e-35	FJ515204
New.CleanUp.ReferenceOTU116	Root;Ascomycota;Saccharomycetes;Saccharomycetales;Dipodascaceae;Galactomyces;Galactomyces_geotrichum	3e-35	GQ376093
New.CleanUp.ReferenceOTU97	Root;Ascomycota;Saccharomycetes;Saccharomycetales;Dipodascaceae;Galactomyces;Galactomyces_geotrichum	6e-46	DQ680681
EU490021	Root;Ascomycota;Sordariomycetes;Hypocreales;Nectriaceae;Fusarium;Fusarium_sp_GrS5	4e-47	FJ904916
FJ196614	Root;Ascomycota;Sordariomycetes;Hypocreales;Nectriaceae;Fusarium;Fusarium_sp_JJP_2009a	4e-34	FJ210632
FJ760777	Root;Ascomycota;Sordariomycetes;Hypocreales;Nectriaceae;Fusarium;Fusarium_sp_GrS5	2e-39	FJ904916
FR799498	Root;Ascomycota;Eurotiomycetes;Eurotiales;Trichocomaceae;Penicillium;Penicillium_concentricum	4e-47	EU551202
New.CleanUp.ReferenceOTU373	Root;Ascomycota;Saccharomycetes;Saccharomycetales;Pichiaceae;Issatchenkia;Issatchenkia_sp_YS16A	3e-38	DQ871598
New.CleanUp.ReferenceOTU371	Root;Ascomycota;Sordariomycetes;Microascales;Microascaceae;Scopulariopsis;Scopulariopsis_sp_2468	1e-37	EU821474
New.CleanUp.ReferenceOTU376	Root;Ascomycota;Saccharomycetes;Saccharomycetales;Dipodascaceae;Galactomyces;Galactomyces_geotrichum	1e-40	DQ683112
HM037662	Root;Ascomycota;Saccharomycetes;Saccharomycetales;Dipodascaceae;Galactomyces;Galactomyces_sp_BPY_54	6e-52	DQ286062
DQ980578	Root;Ascomycota;Sordariomycetes;Hypocreales;Nectriaceae;Fusarium;Fusarium_dimerum	6e-49	EU926284
New.CleanUp.ReferenceOTU270	Root;Ascomycota;Eurotiomycetes;Eurotiales;Trichocomaceae;Penicillium;Penicillium_concentricum	4e-44	EU551202
FN562059	Root;Ascomycota;Sordariomycetes;Hypocreales;Nectriaceae;Fusarium;Fusarium_sp_472	4e-47	AY729076
DQ674351	Root;Ascomycota;Saccharomycetes;Saccharomycetales;Pichiaceae;Pichia;Pichia_kudriavzevii	2e-42	FJ515204
FR799499	Root;Ascomycota;Eurotiomycetes;Eurotiales;Trichocomaceae;Penicillium;Penicillium_janthinellum	1e-40	GU212865
New.CleanUp.ReferenceOTU206	Root;Ascomycota;Saccharomycetes;Saccharomycetales;Pichiaceae;Issatchenkia;Issatchenkia_sp_YS16A	3e-35	DQ871598
New.CleanUp.ReferenceOTU204	Root;Ascomycota;Sordariomycetes;Microascales;Microascaceae;Scopulariopsis;Scopulariopsis_sp_2468	3e-38	EU821474
New.CleanUp.ReferenceOTU205	Root;Ascomycota;Saccharomycetes;Saccharomycetales;Dipodascaceae;Galactomyces;Galactomyces_geotrichum	8e-39	GQ376093
New.CleanUp.ReferenceOTU202	Root;Ascomycota;Saccharomycetes;Saccharomycetales;Incertae_sedis;Candida;Candida_catenulata	3e-41	EF197948
New.CleanUp.ReferenceOTU201	Root;Ascomycota;Saccharomycetes;Saccharomycetales;Pichiaceae;Issatchenkia;Issatchenkia_sp_YS16A	7e-36	DQ871598
New.CleanUp.ReferenceOTU336	Root;Ascomycota;Sordariomycetes;Microascales;Microascaceae;Scopulariopsis;Scopulariopsis_sp_2468	1e-34	EU821474
New.CleanUp.ReferenceOTU282	Root;Ascomycota;Eurotiomycetes;Eurotiales;Trichocomaceae;Penicillium;Penicillium_concentricum	3e-44	EU551202
New.CleanUp.ReferenceOTU89	Root;Ascomycota;Saccharomycetes;Saccharomycetales;Dipodascaceae;Galactomyces;Galactomyces_sp_BPY_54	4e-44	DQ286062
New.CleanUp.ReferenceOTU337	Root;Ascomycota;Saccharomycetes;Saccharomycetales;Saccharomycetaceae;Debaryomyces;Debaryomyces_hansenii	2e-42	GQ458041
New.CleanUp.ReferenceOTU167	Root;Ascomycota;Sordariomycetes;Hypocreales;Nectriaceae;Fusarium;Fusarium_sp_CBS_119875	2e-39	HQ897787
New.CleanUp.ReferenceOTU165	Root;Ascomycota;Saccharomycetes;Saccharomycetales;Pichiaceae;Issatchenkia;Issatchenkia_sp_YS16A	1e-34	DQ871598
FM177661	Root;Ascomycota;Saccharomycetes;Saccharomycetales;Pichiaceae;Pichia;Pichia_kudriavzevii	6e-46	AF455401
New.CleanUp.ReferenceOTU160	Root;Ascomycota;Saccharomycetes;Saccharomycetales;Dipodascaceae;Galactomyces;Galactomyces_geotrichum	1e-37	DQ683112
GQ379907	Root;Ascomycota;Sordariomycetes;Hypocreales;Nectriaceae;Fusarium;Fusarium_sp_GrS5	3e-38	FJ904916
EU551202	Root;Ascomycota;Eurotiomycetes;Eurotiales;Trichocomaceae;Penicillium;Penicillium_concentricum	9e-48	EU551202
HM069479	Root;Ascomycota;Eurotiomycetes;Eurotiales;Trichocomaceae;Penicillium;Penicillium_concentricum	4e-47	EU551202
New.CleanUp.ReferenceOTU6	Root;Ascomycota;Sordariomycetes;Hypocreales;Nectriaceae;Fusarium;Fusarium_sp_CBS_119875	2e-39	HQ897787
GU934594	Root;Ascomycota;Eurotiomycetes;Eurotiales;Trichocomaceae;Penicillium;Penicillium_concentricum	6e-49	EU551202
New.CleanUp.ReferenceOTU1	Root;Ascomycota;Saccharomycetes;Saccharomycetales;Dipodascaceae;Galactomyces;Galactomyces_geotrichum	5e-34	DQ683112
HQ827787	Root;Ascomycota;Eurotiomycetes;Eurotiales;Trichocomaceae;Penicillium;Penicillium_concentricum	4e-47	EU551202
New.CleanUp.ReferenceOTU309	Root;Ascomycota;Saccharomycetes;Saccharomycetales;Dipodascaceae;Galactomyces;Galactomyces_sp_BPY_54	2e-42	DQ286062
New.CleanUp.ReferenceOTU9	Root;Ascomycota;Eurotiomycetes;Eurotiales;Trichocomaceae;Penicillium;Penicillium_concentricum	2e-48	EU551202
FJ430772	Root;Ascomycota;Eurotiomycetes;Eurotiales;Trichocomaceae;Penicillium;Penicillium_concentricum	4e-47	EU551202
New.CleanUp.ReferenceOTU379	Root;Ascomycota;Saccharomycetes;Saccharomycetales;Pichiaceae;Pichia;Pichia_jadinii	4e-31	FJ865435
JF262912	Root;Ascomycota;Sordariomycetes;Hypocreales;Nectriaceae;Fusarium;Fusarium_sp_CBS_119875	1e-46	HQ897787
AM410602	Root;Ascomycota;Sordariomycetes;Hypocreales;Nectriaceae;Fusarium;Fusarium_sp_GrS5	5e-43	FJ904916
GQ851780	Root;Ascomycota;Eurotiomycetes;Eurotiales;Trichocomaceae;Penicillium;Penicillium_janthinellum	1e-37	GU212865
New.CleanUp.ReferenceOTU71	Root;Ascomycota;Saccharomycetes;Saccharomycetales;Pichiaceae;Pichia;Pichia_kudriavzevii	2e-39	FJ515204
New.CleanUp.ReferenceOTU178	Root;Ascomycota;Saccharomycetes;Saccharomycetales;Dipodascaceae;Galactomyces;Galactomyces_geotrichum	2e-39	GQ376093
New.CleanUp.ReferenceOTU179	Root;Ascomycota;Saccharomycetes;Saccharomycetales;Pichiaceae;Issatchenkia;Issatchenkia_sp_YS16A	1e-34	DQ871598
New.CleanUp.ReferenceOTU174	Root;Ascomycota;Saccharomycetes;Saccharomycetales;Dipodascaceae;Galactomyces;Galactomyces_sp_BPY_54	3e-35	DQ286062
New.CleanUp.ReferenceOTU79	Root;Ascomycota;Saccharomycetes;Saccharomycetales;Dipodascaceae;Galactomyces;Galactomyces_sp_BPY_54	2e-39	DQ286062
New.CleanUp.ReferenceOTU310	Root;Ascomycota;Sordariomycetes;Microascales;Microascaceae;Scopulariopsis;Scopulariopsis_sp_2468	6e-33	EU821474
New.CleanUp.ReferenceOTU413	Root;Ascomycota;Saccharomycetes;Saccharomycetales;Pichiaceae;Pichia;Pichia_kudriavzevii	2e-33	FJ515204
New.CleanUp.ReferenceOTU257	Root;Ascomycota;Saccharomycetes;Saccharomycetales;Dipodascaceae;Galactomyces;Galactomyces_geotrichum	7e-33	FJ227897
GU566244	Root;Ascomycota;Eurotiomycetes;Eurotiales;Trichocomaceae;Penicillium;Penicillium_concentricum	1e-46	EU551202
New.CleanUp.ReferenceOTU253	Root;Ascomycota;Saccharomycetes;Saccharomycetales;Pichiaceae;Issatchenkia;Issatchenkia_sp_YS16A	4e-34	DQ871598
AF157596	Root;Ascomycota;Saccharomycetes;Saccharomycetales;Dipodascaceae;Galactomyces;Galactomyces_geotrichum	1e-40	DQ683112
JF720033	Root;Ascomycota;Saccharomycetes;Saccharomycetales;Saccharomycetaceae;Debaryomyces;Debaryomyces_hansenii	6e-52	GQ458041
New.CleanUp.ReferenceOTU209	Root;Ascomycota;Saccharomycetes;Saccharomycetales;Dipodascaceae;Galactomyces;Galactomyces_geotrichum	3e-41	DQ680681
New.CleanUp.ReferenceOTU61	Root;Ascomycota;Sordariomycetes;Microascales;Microascaceae;Scopulariopsis;Scopulariopsis_sp_2468	4e-37	EU821474
New.CleanUp.ReferenceOTU140	Root;Ascomycota;Saccharomycetes;Saccharomycetales;Dipodascaceae;Galactomyces;Galactomyces_geotrichum	1e-40	GQ376093
New.CleanUp.ReferenceOTU63	Root;Ascomycota;Saccharomycetes;Saccharomycetales;Pichiaceae;Issatchenkia;Issatchenkia_sp_YS16A	2e-36	DQ871598
New.CleanUp.ReferenceOTU142	Root;Ascomycota;Saccharomycetes;Saccharomycetales;Dipodascaceae;Galactomyces;Galactomyces_geotrichum	8e-36	DQ683112
New.CleanUp.ReferenceOTU145	Root;Ascomycota;Saccharomycetes;Saccharomycetales;Incertae_sedis;Candida;Candida_catenulata	5e-40	EF197948
New.CleanUp.ReferenceOTU64	Root;Ascomycota;Saccharomycetes;Saccharomycetales;Pichiaceae;Issatchenkia;Issatchenkia_sp_YS16A	7e-33	DQ871598
New.CleanUp.ReferenceOTU246	Root;Ascomycota;Saccharomycetes;Saccharomycetales;Pichiaceae;Pichia;Pichia_kudriavzevii	1e-37	FJ515204
DQ267827	Root;Ascomycota;Eurotiomycetes;Eurotiales;Trichocomaceae;Penicillium;Penicillium_janthinellum	2e-42	GU212865
New.CleanUp.ReferenceOTU380	Root;Ascomycota;Saccharomycetes;Saccharomycetales;Pichiaceae;Pichia;Pichia_kudriavzevii	2e-36	AF455401
FJ552897	Root;Ascomycota;Eurotiomycetes;Eurotiales;Trichocomaceae;Penicillium;Penicillium_concentricum	4e-47	EU551202
New.CleanUp.ReferenceOTU236	Root;Ascomycota;Saccharomycetes;Saccharomycetales;Incertae_sedis;Candida;Candida_catenulata	2e-35	EF197948
GU565140	Root;Ascomycota;Eurotiomycetes;Eurotiales;Trichocomaceae;Penicillium;Penicillium_concentricum	1e-46	EU551202
DQ681373	Root;Ascomycota;Saccharomycetes;Saccharomycetales;Saccharomycetaceae;Debaryomyces;Debaryomyces_hansenii	1e-43	GQ458041
GU187864	Root;Ascomycota;Eurotiomycetes;Eurotiales;Trichocomaceae;Penicillium;Penicillium_sp_MU_2009_1	2e-42	FN548146
New.CleanUp.ReferenceOTU245	Root;Ascomycota;Eurotiomycetes;Eurotiales;Trichocomaceae;Penicillium;Penicillium_concentricum	4e-44	EU551202
New.CleanUp.ReferenceOTU249	Root;Ascomycota;Saccharomycetes;Saccharomycetales;Pichiaceae;Issatchenkia;Issatchenkia_sp_YS16A	3e-32	DQ871598
JF933755	Root;Ascomycota;Sordariomycetes;Hypocreales;Nectriaceae;Fusarium;Fusarium_sp_GrS5	4e-40	FJ904916
GQ999201	Root;Ascomycota;Eurotiomycetes;Eurotiales;Trichocomaceae;Penicillium;Penicillium_concentricum	2e-49	EU551202
New.CleanUp.ReferenceOTU157	Root;Ascomycota;Saccharomycetes;Saccharomycetales;Dipodascaceae;Galactomyces;Galactomyces_geotrichum	8e-33	GQ376093
New.CleanUp.ReferenceOTU154	Root;Ascomycota;Saccharomycetes;Saccharomycetales;Dipodascaceae;Galactomyces;Galactomyces_sp_BPY_54	1e-37	DQ286062
HM069364	Root;Ascomycota;Sordariomycetes;Hypocreales;Nectriaceae;Fusarium;Fusarium_sp_CBS_119875	9e-42	HQ897787
JN905595	Root;Ascomycota;Sordariomycetes;Hypocreales;Nectriaceae;Fusarium;Fusarium_sp_ela1	9e-38	JN681281
JF449887	Root;Ascomycota;Sordariomycetes;Hypocreales;Nectriaceae;Fusarium;Fusarium_sp_GrS5	7e-42	FJ904916
New.CleanUp.ReferenceOTU49	Root;Ascomycota;Eurotiomycetes;Eurotiales;Trichocomaceae;Penicillium;Penicillium_concentricum	3e-44	EU551202
New.CleanUp.ReferenceOTU43	Root;Ascomycota;Sordariomycetes;Microascales;Microascaceae;Scopulariopsis;Scopulariopsis_sp_2468	5e-40	EU821474
New.CleanUp.ReferenceOTU42	Root;Ascomycota;Saccharomycetes;Saccharomycetales;Dipodascaceae;Galactomyces;Galactomyces_geotrichum	8e-39	GQ376093
New.CleanUp.ReferenceOTU40	Root;Ascomycota;Sordariomycetes;Microascales;Microascaceae;Scopulariopsis;Scopulariopsis_sp_2468	6e-46	EU821474
New.CleanUp.ReferenceOTU47	Root;Ascomycota;Saccharomycetes;Saccharomycetales;Pichiaceae;Issatchenkia;Issatchenkia_sp_YS16A	8e-36	DQ871598
GU054037	Root;Ascomycota;Sordariomycetes;Microascales;Microascaceae;Scopulariopsis;Scopulariopsis_sp_2468	4e-47	EU821474
New.CleanUp.ReferenceOTU237	Root;Ascomycota;Saccharomycetes;Saccharomycetales;Pichiaceae;Issatchenkia;Issatchenkia_sp_YS16A	3e-35	DQ871598
FJ553653	Root;Ascomycota;Sordariomycetes;Hypocreales;Nectriaceae;Fusarium;Fusarium_sp_ela1	2e-36	JN681281
HQ115737	Root;Ascomycota;Saccharomycetes;Saccharomycetales;Dipodascaceae;Galactomyces;Galactomyces_geotrichum	2e-36	DQ683112
New.CleanUp.ReferenceOTU231	Root;Ascomycota;Saccharomycetes;Saccharomycetales;Dipodascaceae;Galactomyces;Galactomyces_geotrichum	1e-34	DQ683112
DQ683114	Root;Ascomycota;Saccharomycetes;Saccharomycetales;Dipodascaceae;Galactomyces;Galactomyces_geotrichum	9e-42	GQ376093
New.CleanUp.ReferenceOTU323	Root;Ascomycota;Sordariomycetes;Hypocreales;Nectriaceae;Fusarium;Fusarium_sp_HN26_2A	2e-36	FJ624262
New.CleanUp.ReferenceOTU322	Root;Ascomycota;Saccharomycetes;Saccharomycetales;Dipodascaceae;Galactomyces;Galactomyces_sp_BPY_54	7e-33	DQ286062
GQ458026	Root;Ascomycota;Eurotiomycetes;Eurotiales;Trichocomaceae;Penicillium;Penicillium_janthinellum	2e-39	GU212865
New.CleanUp.ReferenceOTU327	Root;Ascomycota;Saccharomycetes;Saccharomycetales;Pichiaceae;Pichia;Pichia_jadinii	5e-34	FJ865435
New.CleanUp.ReferenceOTU326	Root;Ascomycota;Saccharomycetes;Saccharomycetales;Dipodascaceae;Galactomyces;Galactomyces_geotrichum	8e-39	DQ680681
JQ912669	Root;Ascomycota;Sordariomycetes;Hypocreales;Nectriaceae;Fusarium;Fusarium_sp_ela1	3e-41	JN681281
New.CleanUp.ReferenceOTU232	Root;Ascomycota;Saccharomycetes;Saccharomycetales;Dipodascaceae;Galactomyces;Galactomyces_sp_BPY_54	2e-42	DQ286062
FJ777353	Root;Ascomycota;Sordariomycetes;Xylariales;Amphisphaeriaceae;Bartalinia;Bartalinia_sp_MM_101	4e-37	GU722596
