Feature ID	Taxon	Confidence
SH080206.07FU_EF652088_refs	k__Fungi;p__Ascomycota;c__Eurotiomycetes;o__Eurotiales;f__Trichocomaceae;g__Penicillium;s__Penicillium_megasporum	1.0
SH090032.07FU_JX623898_refs	k__Fungi;p__Basidiomycota;c__Agaricomycetes;o__Polyporales;f__Phanerochaetaceae;g__Phanerochaete;s__Phanerochaete_sp	1.0
SH077760.07FU_AB586997_refs	k__Fungi;p__Ascomycota;c__Sordariomycetes;o__Hypocreales;f__Nectriaceae;g__Cosmospora;s__Cosmospora_sp	1.0
SH539161.07FU_KR105643_reps	k__Fungi;p__Glomeromycota;c__Glomeromycetes;o__Glomerales;f__Glomeraceae;g__Glomus;s__Glomus_sp	1.0
SH084383.07FU_GU827614_reps	k__Fungi;p__Ascomycota;c__Dothideomycetes;o__Pleosporales;f__Sporormiaceae;g__Preussia;s__Preussia_sp	1.0
SH118567.07FU_GU594152_reps	k__Fungi;p__Basidiomycota;c__Agaricomycetes;o__Polyporales;f__Fomitopsidaceae;g__Postia;s__Postia_caesia	1.0
SH103130.07FU_KF938454_reps	k__Fungi;p__Ascomycota;c__Dothideomycetes;o__Pleosporales;f__Lophiostomataceae;g__Pseudolophiostoma;s__Pseudolophiostoma_vitigenum	1.0
SH097797.07FU_GU199423_reps	k__Fungi;p__Ascomycota;c__Sordariomycetes;o__Sordariales;f__Sordariaceae;g__Sordaria;s__Sordaria_fimicola	1.0
SH077931.07FU_UDB011752_refs	k__Fungi;p__Basidiomycota;c__Agaricomycetes;o__Agaricales;f__Lyophyllaceae;g__Tephrocybe;s__Tephrocybe_ambusta	1.0
SH101323.07FU_EU039982_refs	k__Fungi;p__Ascomycota;c__Pezizomycotina_cls_Incertae_sedis;o__Pezizomycotina_ord_Incertae_sedis;f__Pezizomycotina_fam_Incertae_sedis;g__Stilbospora;s__Stilbospora_macrosperma	1.0
SH104316.07FU_JQ975969_reps	k__Fungi;p__Glomeromycota;c__Glomeromycetes;o__Diversisporales;f__Acaulosporaceae;g__Acaulospora;s__Acaulospora_sp	1.0
SH079761.07FU_UDB015619_refs	k__Fungi;p__Basidiomycota;c__Agaricomycetes;o__Agaricales;f__Strophariaceae;g__Psilocybe;s__Psilocybe_atrobrunnea	1.0
SH094755.07FU_UDB020314_refs	k__Fungi;p__Basidiomycota;c__Agaricomycetes;o__Polyporales;f__Polyporaceae;g__Piloporia;s__Piloporia_sajanensis	1.0
SH122742.07FU_GQ240938_reps	k__Fungi;p__Ascomycota;c__Pezizomycetes;o__Pezizales;f__Pyronemataceae;g__Tricharina;s__Tricharina_praecox	1.0
SH076979.07FU_AY016443_refs	k__Fungi;p__Basidiomycota;c__Agaricomycetes;o__Agaricales;f__Omphalotaceae;g__Rhodocollybia;s__Rhodocollybia_incarnata	1.0
SH077343.07FU_UDB015138_refs	Unassigned	0.0
SH110780.07FU_DQ267127_reps	k__Fungi;p__Basidiomycota;c__Pucciniomycetes;o__Pucciniales;f__Pucciniaceae;g__Puccinia;s__Puccinia_graminis	1.0
SH086066.07FU_KF588378_reps	k__Fungi;p__Ascomycota;c__Lecanoromycetes;o__Lecanorales;f__Ramalinaceae;g__Ramalina;s__Ramalina_sinensis	1.0
SH081929.07FU_AB525920_refs	k__Fungi;p__Ascomycota;c__Leotiomycetes;o__Erysiphales;f__Erysiphaceae;g__Sawadaea;s__Sawadaea_nankinensis	1.0
SH551709.07FU_LN878293_reps	k__Fungi;p__Chytridiomycota;c__Blastocladiomycetes;o__Blastocladiales;f__Blastocladiaceae;g__Blastocladiella;s__Blastocladiella_britannica	1.0
SH536370.07FU_LN810845_reps	k__Fungi;p__Ascomycota;c__Lecanoromycetes;o__Acarosporales;f__Acarosporaceae;g__Acarospora;s__Acarospora_wahlenbergii	1.0
SH132398.07FU_UDB004047_reps	k__Fungi;p__Basidiomycota;c__Agaricomycetes;o__Agaricales;f__Bolbitiaceae;g__Descomyces;s__Descomyces_albus	1.0
SH087039.07FU_KF428636_reps	k__Fungi;p__Ascomycota;c__Sordariomycetes;o__Hypocreales;f__Hypocreales_fam_Incertae_sedis;g__Myrothecium;s__Myrothecium_verrucaria	1.0
SH092526.07FU_AB609190_reps	k__Fungi;p__Ascomycota;c__Lecanoromycetes;o__Peltigerales;f__Pannariaceae;g__Psoroma;s__Psoroma_hypnorum	1.0
SH116405.07FU_KF827435_reps	k__Fungi;p__Ascomycota;c__Sordariomycetes;o__Xylariales;f__Amphisphaeriaceae;g__Sarcostroma;s__Sarcostroma_restionis	1.0
SH115751.07FU_KJ021242_reps	k__Fungi;p__Ascomycota;c__Lecanoromycetes;o__Teloschistales;f__Teloschistaceae;g__Seirophora;s__Seirophora_lacunosa	1.0
SH129809.07FU_AJ289623_reps	k__Fungi;p__Basidiomycota;c__Agaricomycetes;o__Hymenochaetales;f__Schizoporaceae;g__Hyphodontia;s__Hyphodontia_floccosa	1.0
SH097407.07FU_JF730328_reps	k__Fungi;p__Basidiomycota;c__Agaricomycetes;o__Agaricales;f__Marasmiaceae;g__Gerronema;s__Gerronema_xanthophyllum	1.0
SH098262.07FU_AF444540_refs	k__Fungi;p__Basidiomycota;c__Cystobasidiomycetes;o__Cystobasidiomycetes_ord_Incertae_sedis;f__Cystobasidiomycetes_fam_Incertae_sedis;g__Sakaguchia;s__Sakaguchia_lamellibrachiae	1.0
SH554005.07FU_KP814564_reps	k__Fungi;p__Basidiomycota;c__Agaricomycetes;o__Agaricales;f__Inocybaceae;g__Inocybe;s__Inocybe_giacomi	1.0
SH106866.07FU_KJ133460_reps	k__Fungi;p__Ascomycota;c__Lecanoromycetes;o__Teloschistales;f__Teloschistaceae;g__Parvoplaca;s__Parvoplaca_athallina	1.0
SH117752.07FU_JX316287_reps	k__Fungi;p__Ascomycota;c__Pezizomycetes;o__Pezizales;f__Pezizaceae;g__Sarcosphaera;s__Sarcosphaera_sp	1.0
SH090108.07FU_UDB011439_refs	k__Fungi;p__Basidiomycota;c__Agaricomycetes;o__Cantharellales;f__Hydnaceae;g__Sistotrema;s__Sistotrema_sp	1.0
SH080568.07FU_UDB016092_refs	Unassigned	0.0
SH127202.07FU_DQ491500_reps	k__Fungi;p__Ascomycota;c__Pezizomycetes;o__Pezizales;f__Pyronemataceae;g__Wilcoxina;s__Wilcoxina_rehmii	1.0
SH082498.07FU_FJ840442_refs	k__Fungi;p__Basidiomycota;c__Agaricomycetes;o__Boletales;f__Sclerodermataceae;g__Pisolithus;s__Pisolithus_albus	1.0
SH080462.07FU_HQ604746_reps	k__Fungi;p__Basidiomycota;c__Agaricomycetes;o__Agaricales;f__Strophariaceae;g__Protostropharia;s__Protostropharia_alcis	1.0
SH082009.07FU_EU484271_reps	k__Fungi;p__Basidiomycota;c__Agaricomycetes;o__Agaricomycetes_ord_Incertae_sedis;f__Agaricomycetes_fam_Incertae_sedis;g__Peniophorella;s__Peniophorella_praetermissa	1.0
SH120321.07FU_HQ693877_reps	k__Fungi;p__Basidiomycota;c__Agaricomycetes;o__Boletales;f__Boletaceae;g__Octaviania;s__Octaviania_kobayasii	1.0
SH136414.07FU_UDB016342_refs	Unassigned	0.0
SH084340.07FU_KF512546_reps	Unassigned	0.0
SH106465.07FU_AY789374_reps	k__Fungi;p__Ascomycota;c__Leotiomycetes;o__Helotiales;f__Helotiaceae;g__Crocicreas;s__Crocicreas_sp	1.0
SH092803.07FU_EF411124_reps	Unassigned	0.0
SH112712.07FU_KF673555_reps	k__Fungi;p__Ascomycota;c__Leotiomycetes;o__Erysiphales;f__Erysiphaceae;g__Erysiphe;s__Erysiphe_miranda	1.0
SH077687.07FU_DQ389665_refs	k__Fungi;p__Basidiomycota;c__Agaricomycetes;o__Agaricales;f__Psathyrellaceae;g__Coprinellus;s__Coprinellus_sassii	1.0
SH125353.07FU_EU882132_refs	k__Fungi;p__Ascomycota;c__Dothideomycetes;o__Capnodiales;f__Mycosphaerellaceae;g__Mycosphaerella;s__Mycosphaerella_cryptica	1.0
SH126901.07FU_GU247172_reps	k__Fungi;p__Ascomycota;c__Lecanoromycetes;o__Lecanorales;f__Ramalinaceae;g__Bacidia;s__Bacidia_arceutina	1.0
SH551664.07FU_KM657287_reps	k__Fungi;p__Ascomycota;c__Saccharomycetes;o__Saccharomycetales;f__Saccharomycetaceae;g__Kluyveromyces;s__Kluyveromyces_aestuarii	1.0
SH102561.07FU_UDB011658_refs	k__Fungi;p__Basidiomycota;c__Agaricomycetes;o__Gomphales;f__Gomphaceae;g__Ramaria;s__Ramaria_maculatipes	1.0
SH115433.07FU_EU401757_reps	k__Fungi;p__Ascomycota;c__Lecanoromycetes;o__Lecanorales;f__Parmeliaceae;g__Vulpicida;s__Vulpicida_juniperinus	1.0
SH116025.07FU_JN886794_reps	k__Fungi;p__Ascomycota;c__Leotiomycetes;o__Rhytismatales;f__Rhytismataceae;g__Lophodermium;s__Lophodermium_macci	1.0
SH126389.07FU_UDB004184_reps	k__Fungi;p__Ascomycota;c__Eurotiomycetes;o__Eurotiales;f__Trichocomaceae;g__Paecilomyces;s__Paecilomyces_penicillatus	1.0
SH107949.07FU_JX270560_reps	Unassigned	0.0
SH540776.07FU_KP881712_reps	k__Fungi;p__Glomeromycota;c__Glomeromycetes;o__Archaeosporales;f__Ambisporaceae;g__Ambispora;s__Ambispora_appendicula	1.0
SH111029.07FU_AB080533_refs	k__Fungi;p__Ascomycota;c__Leotiomycetes;o__Erysiphales;f__Erysiphaceae;g__Erysiphe;s__Erysiphe_carpini-cordatae	1.0
SH112768.07FU_GQ927282_reps	k__Fungi;p__Ascomycota;c__Lecanoromycetes;o__Teloschistales;f__Physciaceae;g__Heterodermia;s__Heterodermia_diademata	1.0
SH106489.07FU_KF730811_reps	k__Fungi;p__Ascomycota;c__Leotiomycetes;o__Helotiales;f__Helotiaceae;g__Crocicreas;s__Crocicreas_sp	1.0
SH079415.07FU_UDB004158_reps	k__Fungi;p__Ascomycota;c__Sordariomycetes;o__Coniochaetales;f__Coniochaetaceae;g__Coniochaeta;s__Coniochaeta_sp	1.0
SH121946.07FU_EU040213_reps	k__Fungi;p__Ascomycota;c__Sordariomycetes;o__Hypocreales;f__Hypocreales_fam_Incertae_sedis;g__Stachybotrys;s__Stachybotrys_oleronensis	1.0
SH100603.07FU_JF263538_reps	k__Fungi;p__Ascomycota;c__Sordariomycetes;o__Xylariales;f__Xylariaceae;g__Nemania;s__Nemania_sp	1.0
SH111531.07FU_EU118644_refs	Unassigned	0.0
SH106258.07FU_JQ780409_reps	k__Fungi;p__Basidiomycota;c__Agaricomycetes;o__Polyporales;f__Ganodermataceae;g__Ganoderma;s__Ganoderma_sessile	1.0
SH134697.07FU_HM120872_reps	k__Fungi;p__Basidiomycota;c__Agaricomycetes;o__Agaricales;f__Hygrophoraceae;g__Hygrophorus;s__Hygrophorus_erubescens	1.0
SH109042.07FU_JF681965_reps	k__Fungi;p__Ascomycota;c__Lecanoromycetes;o__Lecanorales;f__Parmeliaceae;g__Hypogymnia;s__Hypogymnia_antarctica	1.0
SH104201.07FU_JN033452_reps	k__Fungi;p__Ascomycota;c__Leotiomycetes;o__Helotiales;f__Hyaloscyphaceae;g__Lachnum;s__Lachnum_sp	1.0
SH093639.07FU_GU207305_reps	k__Fungi;p__Basidiomycota;c__Agaricomycetes;o__Polyporales;f__Polyporaceae;g__Polyporus;s__Polyporus_sp	1.0
SH077922.07FU_HM572547_refs	k__Fungi;p__Basidiomycota;c__Agaricomycetes;o__Agaricales;f__Lyophyllaceae;g__Tephrocybe;s__Tephrocybe_ambusta	1.0
SH086147.07FU_AF385450_refs	k__Fungi;p__Basidiomycota;c__Tremellomycetes;o__Filobasidiales;f__Filobasidiaceae;g__Filobasidium;s__Filobasidium_magnum	1.0
SH076669.07FU_JN890364_reps	k__Fungi;p__Basidiomycota;c__Agaricomycetes;o__Agaricales;f__Marasmiaceae;g__Crinipellis;s__Crinipellis_setipes	1.0
SH129467.07FU_JN206303_refs	Unassigned	0.0
SH540934.07FU_KT354924_reps	k__Fungi;p__Basidiomycota;c__Agaricomycetes;o__Russulales;f__Russulaceae;g__Russula;s__Russula_sp	1.0
SH079012.07FU_UDB000428_reps	Unassigned	0.0
SH084164.07FU_JQ327832_reps	k__Fungi;p__Ascomycota;c__Saccharomycetes;o__Saccharomycetales;f__Debaryomycetaceae;g__Priceomyces;s__Priceomyces_melissophilus	1.0
SH109817.07FU_FN430687_reps	k__Fungi;p__Basidiomycota;c__Agaricomycetes;o__Agaricales;f__Psathyrellaceae;g__Parasola;s__Parasola_auricoma	1.0
SH102896.07FU_EU821898_refs	k__Fungi;p__Ascomycota;c__Dothideomycetes;o__Botryosphaeriales;f__Botryosphaeriaceae;g__Dichomera;s__Dichomera_versiformis	1.0
SH091797.07FU_AM922220_reps	k__Fungi;p__Ascomycota;c__Sordariomycetes;o__Sordariales;f__Lasiosphaeriaceae;g__Lasiosphaeria;s__Lasiosphaeria_lanuginosa	1.0
SH115522.07FU_KF251627_reps	k__Fungi;p__Ascomycota;c__Dothideomycetes;o__Capnodiales;f__Mycosphaerellaceae;g__Mycosphaerella;s__Mycosphaerella_sp	1.0
SH087869.07FU_HM005146_refs	Unassigned	0.0
SH123740.07FU_KF689651_reps	k__Fungi;p__Ascomycota;c__Sordariomycetes;o__Hypocreales;f__Nectriaceae;g__Pleonectria;s__Pleonectria_strobi	1.0
SH116588.07FU_GU269870_reps	k__Fungi;p__Ascomycota;c__Dothideomycetes;o__Capnodiales;f__Mycosphaerellaceae;g__Mycosphaerella;s__Mycosphaerella_etlingerae	1.0
SH116344.07FU_AB683953_refs	k__Fungi;p__Ascomycota;c__Sordariomycetes;o__Xylariales;f__Amphisphaeriaceae;g__Pestalotiopsis;s__Pestalotiopsis_jesteri	1.0
SH086228.07FU_JQ693548_reps	k__Fungi;p__Ascomycota;c__Lecanoromycetes;o__Teloschistales;f__Megalosporaceae;g__Austroblastenia;s__Austroblastenia_pauciseptata	1.0
SH084495.07FU_FN547563_reps	k__Fungi;p__Glomeromycota;c__Glomeromycetes;o__Diversisporales;f__Gigasporaceae;g__Dentiscutata;s__Dentiscutata_savannicola	1.0
SH109899.07FU_AF502832_reps	k__Fungi;p__Ascomycota;c__Dothideomycetes;o__Pleosporales;f__Lophiostomataceae;g__Pseudolophiostoma;s__Pseudolophiostoma_vitigenum	1.0
SH082551.07FU_GU222278_reps	Unassigned	0.0
SH115692.07FU_AY789384_reps	k__Fungi;p__Ascomycota;c__Leotiomycetes;o__Helotiales;f__Hyaloscyphaceae;g__Cistella;s__Cistella_sp	1.0
SH081768.07FU_UDB014381_reps	k__Fungi;p__Basidiomycota;c__Agaricomycetes;o__Agaricomycetes_ord_Incertae_sedis;f__Agaricomycetes_fam_Incertae_sedis;g__Peniophorella;s__Peniophorella_sp	1.0
SH106306.07FU_FN428893_reps	k__Fungi;p__Basidiomycota;c__Tremellomycetes;o__Filobasidiales;f__Filobasidiaceae;g__Filobasidium;s__Filobasidium_magnum	1.0
SH081743.07FU_JN206096_refs	k__Fungi;p__Zygomycota;c__Mucoromycotina_cls_Incertae_sedis;o__Mucorales;f__Mucoraceae;g__Mucor;s__Mucor_aligarensis	1.0
SH102086.07FU_EU254970_reps	k__Fungi;p__Ascomycota;c__Sordariomycetes;o__Diaporthales;f__Gnomoniaceae;g__Plagiostoma;s__Plagiostoma_acerophilum	1.0
SH092713.07FU_JX310859_reps	k__Fungi;p__Basidiomycota;c__Agaricomycetes;o__Polyporales;f__Polyporaceae;g__Dichomitus;s__Dichomitus_squalens	1.0
SH134068.07FU_FJ160945_reps	k__Fungi;p__Basidiomycota;c__Pucciniomycetes;o__Pucciniales;f__Uropyxidaceae;g__Tranzschelia;s__Tranzschelia_sp	1.0
SH076986.07FU_JQ239407_refs	k__Fungi;p__Ascomycota;c__Dothideomycetes;o__Botryosphaeriales;f__Botryosphaeriaceae;g__Phyllosticta;s__Phyllosticta_citricarpa	1.0
SH118871.07FU_EU367444_refs	k__Fungi;p__Ascomycota;c__Lecanoromycetes;o__Lecanorales;f__Parmeliaceae;g__Canomaculina;s__Canomaculina_consors	1.0
SH082413.07FU_DQ408768_reps	k__Fungi;p__Basidiomycota;c__Agaricomycetes;o__Thelephorales;f__Bankeraceae;g__Sarcodon;s__Sarcodon_quercinofibulatus	1.0
SH130381.07FU_DQ486692_refs	k__Fungi;p__Basidiomycota;c__Agaricomycetes;o__Agaricales;f__Agaricaceae;g__Nidula;s__Nidula_niveotomentosa	1.0
SH550053.07FU_KJ941079_reps	k__Fungi;p__Ascomycota;c__Leotiomycetes;o__Helotiales;f__Sclerotiniaceae;g__Dumontinia;s__Dumontinia_tuberosa	1.0
SH539005.07FU_KM220949_reps	k__Fungi;p__Ascomycota;c__Sordariomycetes;o__Xylariales;f__Xylariaceae;g__Muscodor;s__Muscodor_yucatanensis	1.0
SH109485.07FU_AY908998_reps	k__Fungi;p__Ascomycota;c__Sordariomycetes;o__Xylariales;f__Xylariaceae;g__Xylaria;s__Xylaria_laevis	1.0
SH112430.07FU_KC184104_reps	k__Fungi;p__Ascomycota;c__Lecanoromycetes;o__Lecanorales;f__Lecanorales_fam_Incertae_sedis;g__Solenopsora;s__Solenopsora_vulturiensis	1.0
SH109017.07FU_EU037051_refs	k__Fungi;p__Ascomycota;c__Eurotiomycetes;o__Eurotiales;f__Trichocomaceae;g__Hamigera;s__Hamigera_pallida	1.0
SH130379.07FU_JF908748_refs	k__Fungi;p__Basidiomycota;c__Agaricomycetes;o__Agaricales;f__Lyophyllaceae;g__Tricholomella;s__Tricholomella_constricta	1.0
SH096076.07FU_AY561206_reps	Unassigned	0.0
SH077320.07FU_AY046180_reps	k__Fungi;p__Ascomycota;c__Saccharomycetes;o__Saccharomycetales;f__Saccharomycetaceae;g__Vanderwaltozyma;s__Vanderwaltozyma_tropicalis	1.0
SH094756.07FU_JN710603_reps	k__Fungi;p__Basidiomycota;c__Agaricomycetes;o__Polyporales;f__Polyporaceae;g__Piloporia;s__Piloporia_sajanensis	1.0
SH112775.07FU_AB524789_refs	k__Fungi;p__Ascomycota;c__Dothideomycetes;o__Pleosporales;f__Tetraplosphaeriaceae;g__Quadricrura;s__Quadricrura_septentrionalis	1.0
SH115520.07FU_AB524787_reps	k__Fungi;p__Ascomycota;c__Dothideomycetes;o__Pleosporales;f__Pleosporales_fam_Incertae_sedis;g__Aquasubmersa;s__Aquasubmersa_sp	1.0
SH077932.07FU_FM955450_refs	k__Fungi;p__Basidiomycota;c__Agaricomycetes;o__Agaricales;f__Lyophyllaceae;g__Tephrocybe;s__Tephrocybe_ambusta	1.0
SH090030.07FU_AF479667_refs	k__Fungi;p__Basidiomycota;c__Agaricomycetes;o__Polyporales;f__Phanerochaetaceae;g__Phanerochaete;s__Phanerochaete_tuberculata	1.0
SH126875.07FU_KF854286_reps	k__Fungi;p__Ascomycota;c__Dothideomycetes;o__Hysteriales;f__Gloniaceae;g__Cenococcum;s__Cenococcum_sp	1.0
SH092903.07FU_FJ664824_reps	k__Fungi;p__Ascomycota;c__Eurotiomycetes;o__Verrucariales;f__Verrucariaceae;g__Atla;s__Atla_oulankaensis	1.0
SH086379.07FU_JQ925638_reps	Unassigned	0.0
SH079077.07FU_AB365456_reps	k__Fungi;p__Ascomycota;c__Saccharomycetes;o__Saccharomycetales;f__Lipomycetaceae;g__Lipomyces;s__Lipomyces_chichibuensis	1.0
SH076387.07FU_KC871049_reps	k__Fungi;p__Ascomycota;c__Sordariomycetes;o__Magnaporthales;f__Magnaporthaceae;g__Falciphora;s__Falciphora_oryzae	1.0
SH093038.07FU_AJ888389_refs	k__Fungi;p__Ascomycota;c__Sordariomycetes;o__Microascales;f__Microascaceae;g__Pseudallescheria;s__Pseudallescheria_angusta	1.0
SH116538.07FU_GU269703_reps	k__Fungi;p__Ascomycota;c__Dothideomycetes;o__Capnodiales;f__Mycosphaerellaceae;g__Caryophylloseptoria;s__Caryophylloseptoria_pseudolychnidis	1.0
SH100674.07FU_AY642848_reps	k__Fungi;p__Ascomycota;c__Lecanoromycetes;o__Lecanorales;f__Parmeliaceae;g__Flavoparmelia;s__Flavoparmelia_marchantii	1.0
SH088358.07FU_GU002301_reps	k__Fungi;p__Ascomycota;c__Leotiomycetes;o__Helotiales;f__Hyaloscyphaceae;g__Cistella;s__Cistella_sp	1.0
SH130186.07FU_GQ500118_refs	Unassigned	0.0
SH093078.07FU_AY219364_reps	k__Fungi;p__Basidiomycota;c__Agaricomycetes;o__Polyporales;f__Phanerochaetaceae;g__Phanerochaete;s__Phanerochaete_sp	1.0
SH125301.07FU_AF117352_reps	k__Fungi;p__Ascomycota;c__Pezizomycetes;o__Pezizales;f__Sarcoscyphaceae;g__Microstoma;s__Microstoma_insititium	1.0
SH131426.07FU_KF442511_refs	k__Fungi;p__Ascomycota;c__Lecanoromycetes;o__Teloschistales;f__Teloschistaceae;g__Caloplaca;s__Caloplaca_chalybaea	1.0
SH471023.07FU_JN168682_reps	k__Fungi;p__Basidiomycota;c__Agaricomycetes;o__Boletales;f__Boletaceae;g__Boletus;s__Boletus_roseogriseus	1.0
SH115419.07FU_DQ980020_reps	k__Fungi;p__Ascomycota;c__Lecanoromycetes;o__Lecanorales;f__Parmeliaceae;g__Melanohalea;s__Melanohalea_sp	1.0
SH117294.07FU_EU199178_reps	k__Fungi;p__Ascomycota;c__Sordariomycetes;o__Diaporthales;f__Gnomoniaceae;g__Plagiostoma;s__Plagiostoma_acerophilum	1.0
SH118124.07FU_AF451792_reps	k__Fungi;p__Ascomycota;c__Lecanoromycetes;o__Lecanorales;f__Parmeliaceae;g__Kaernefeltia;s__Kaernefeltia_merrillii	1.0
SH090036.07FU_EU118655_refs	k__Fungi;p__Basidiomycota;c__Agaricomycetes;o__Agaricales;f__Schizophyllaceae;g__Auriculariopsis;s__Auriculariopsis_albomellea	1.0
SH111336.07FU_JN033381_reps	k__Fungi;p__Ascomycota;c__Leotiomycetes;o__Helotiales;f__Hyaloscyphaceae;g__Lachnum;s__Lachnum_sp	1.0
SH083070.07FU_EU935515_reps	k__Fungi;p__Basidiomycota;c__Agaricomycetes;o__Agaricales;f__Marasmiaceae;g__Crinipellis;s__Crinipellis_zonata	1.0
SH105188.07FU_JQ700296_refs	k__Fungi;p__Basidiomycota;c__Agaricomycetes;o__Polyporales;f__Fomitopsidaceae;g__Antrodia;s__Antrodia_leucaena	1.0
SH097587.07FU_DQ249199_refs	k__Fungi;p__Ascomycota;c__Saccharomycetes;o__Saccharomycetales;f__Saccharomycetales_fam_Incertae_sedis;g__Wickerhamomyces;s__Wickerhamomyces_subpelliculosus	1.0
SH081714.07FU_HQ020410_reps	k__Fungi;p__Basidiomycota;c__Agaricomycetes;o__Agaricales;f__Agaricaceae;g__Lepiota;s__Lepiota_spheniscispora	1.0
SH102848.07FU_UDB015400_refs	k__Fungi;p__Ascomycota;c__Leotiomycetes;o__Rhytismatales;f__Cudoniaceae;g__Cudonia;s__Cudonia_circinans	1.0
SH110267.07FU_KF376108_refs	k__Fungi;p__Ascomycota;c__Leotiomycetes;o__Helotiales;f__Dermateaceae;g__Cryptosporiopsis;s__Cryptosporiopsis_brunnea	1.0
SH093124.07FU_HE792904_refs	k__Fungi;p__Ascomycota;c__Dothideomycetes;o__Pleosporales;f__Pleosporaceae;g__Bipolaris;s__Bipolaris_micropus	1.0
SH543421.07FU_KJ462275_reps	k__Fungi;p__Ascomycota;c__Leotiomycetes;o__Helotiales;f__Dermateaceae;g__Cryptosporiopsis;s__Cryptosporiopsis_sp	1.0
SH091919.07FU_FM180031_reps	k__Fungi;p__Ascomycota;c__Dothideomycetes;o__Pleosporales;f__Pleosporales_fam_Incertae_sedis;g__Phoma;s__Phoma_sp	1.0
SH118126.07FU_AF451786_reps	k__Fungi;p__Ascomycota;c__Lecanoromycetes;o__Lecanorales;f__Parmeliaceae;g__Cetreliopsis;s__Cetreliopsis_asahinae	1.0
SH099791.07FU_AB847052_reps	k__Fungi;p__Ascomycota;c__Dothideomycetes;o__Capnodiales;f__Mycosphaerellaceae;g__Mycosphaerella;s__Mycosphaerella_cryptica	1.0
SH082207.07FU_UDB015516_reps	k__Fungi;p__Basidiomycota;c__Agaricomycetes;o__Agaricales;f__Tricholomataceae;g__Clitocybe;s__Clitocybe_alexandri	1.0
SH120808.07FU_GU233327_refs	Unassigned	0.0
SH115403.07FU_AF297744_reps	k__Fungi;p__Ascomycota;c__Lecanoromycetes;o__Lecanorales;f__Parmeliaceae;g__Alectoria;s__Alectoria_sarmentosa_subsp._vexillifera	1.0
SH539595.07FU_KP822211_reps	k__Fungi;p__Ascomycota;c__Lecanoromycetes;o__Lecanorales;f__Parmeliaceae;g__Melanelia;s__Melanelia_hepatizon	1.0
SH106895.07FU_GQ272631_reps	k__Fungi;p__Ascomycota;c__Saccharomycetes;o__Saccharomycetales;f__Saccharomycetales_fam_Incertae_sedis;g__Barnettozyma;s__Barnettozyma_californica	1.0
SH117672.07FU_DQ195784_reps	k__Fungi;p__Ascomycota;c__Leotiomycetes;o__Leotiomycetes_ord_Incertae_sedis;f__Leotiomycetes_fam_Incertae_sedis;g__Mycosymbioces;s__Mycosymbioces_mycenaphila	1.0
SH089131.07FU_KC834056_refs	k__Fungi;p__Ascomycota;c__Pezizomycotina_cls_Incertae_sedis;o__Pezizomycotina_ord_Incertae_sedis;f__Pezizomycotina_fam_Incertae_sedis;g__Fontanospora;s__Fontanospora_eccentrica	1.0
SH113490.07FU_AY755339_refs	k__Fungi;p__Ascomycota;c__Leotiomycetes;o__Helotiales;f__Sclerotiniaceae;g__Encoelia;s__Encoelia_glauca	1.0
SH132963.07FU_GQ225694_reps	Unassigned	0.0
SH092260.07FU_UDB011847_refs	Unassigned	0.0
SH123386.07FU_UDB011723_refs	k__Fungi;p__Basidiomycota;c__Agaricomycetes;o__Agaricales;f__Strophariaceae;g__Hebeloma;s__Hebeloma_syrjense	1.0
SH134060.07FU_UDB001763_reps	k__Fungi;p__Basidiomycota;c__Agaricomycetes;o__Russulales;f__Albatrellaceae;g__Leucogaster;s__Leucogaster_citrinus	1.0
SH091194.07FU_EU877913_reps	k__Fungi;p__Ascomycota;c__Saccharomycetes;o__Saccharomycetales;f__Saccharomycetales_fam_Incertae_sedis;g__Wickerhamomyces;s__Wickerhamomyces_onychis	1.0
SH101378.07FU_FJ430598_refs	k__Fungi;p__Ascomycota;c__Sordariomycetes;o__Xylariales;f__Diatrypaceae;g__Cryptosphaeria;s__Cryptosphaeria_eunomia	1.0
SH078538.07FU_EU915073_refs	k__Fungi;p__Basidiomycota;c__Agaricomycetes;o__Agaricales;f__Agaricaceae;g__Macrolepiota;s__Macrolepiota_excoriata	1.0
SH085308.07FU_JQ724384_reps	k__Fungi;p__Ascomycota;c__Dothideomycetes;o__Pleosporales;f__Massarinaceae;g__Keissleriella;s__Keissleriella_culmifida	1.0
SH077252.07FU_HM071900_refs	Unassigned	0.0
SH104041.07FU_AF444551_refs	Unassigned	0.0
SH115213.07FU_AY425632_reps	k__Fungi;p__Ascomycota;c__Lecanoromycetes;o__Lecanorales;f__Lecanorales_fam_Incertae_sedis;g__Lecania;s__Lecania_cyrtella	1.0
SH543225.07FU_KP226187_reps	k__Fungi;p__Basidiomycota;c__Agaricomycetes;o__Agaricales;f__Psathyrellaceae;g__Homophron;s__Homophron_spadiceum	1.0
SH088790.07FU_AY943054_reps	k__Fungi;p__Ascomycota;c__Sordariomycetes;o__Hypocreales;f__Nectriaceae;g__Gliocladiopsis;s__Gliocladiopsis_elghollii	1.0
SH076750.07FU_JF439096_reps	k__Fungi;p__Glomeromycota;c__Glomeromycetes;o__Diversisporales;f__Diversisporaceae;g__Redeckera;s__Redeckera_megalocarpum	1.0
SH099979.07FU_AM947668_refs	k__Fungi;p__Ascomycota;c__Sordariomycetes;o__Hypocreales;f__Clavicipitaceae;g__Collarina;s__Collarina_aurantiaca	1.0
SH088124.07FU_AJ390409_refs	Unassigned	0.0
SH076718.07FU_AY348593_reps	k__Fungi;p__Ascomycota;c__Leotiomycetes;o__Helotiales;f__Hyaloscyphaceae;g__Lachnum;s__Lachnum_sp	1.0
SH096261.07FU_JN942657_refs	k__Fungi;p__Ascomycota;c__Saccharomycetes;o__Saccharomycetales;f__Saccharomycetales_fam_Incertae_sedis;g__Schwanniomyces;s__Schwanniomyces_occidentalis	1.0
SH107509.07FU_UDB015787_refs	k__Fungi;p__Basidiomycota;c__Agaricomycetes;o__Agaricales;f__Lyophyllaceae;g__Tephrocybe;s__Tephrocybe_ambusta	1.0
SH106238.07FU_AY929321_reps	k__Fungi;p__Ascomycota;c__Sordariomycetes;o__Xylariales;f__Amphisphaeriaceae;g__Truncatella;s__Truncatella_spadicea	1.0
SH099594.07FU_DQ494348_reps	k__Fungi;p__Ascomycota;c__Orbiliomycetes;o__Orbiliales;f__Orbiliaceae;g__Arthrobotrys;s__Arthrobotrys_superba	1.0
SH115550.07FU_EU167498_reps	Unassigned	0.0
SH091425.07FU_EU669222_reps	k__Fungi;p__Basidiomycota;c__Agaricomycetes;o__Russulales;f__Russulaceae;g__Russula;s__Russula_exalbicans	1.0
SH089135.07FU_KC965686_reps	k__Fungi;p__Ascomycota;c__Pezizomycotina_cls_Incertae_sedis;o__Pezizomycotina_ord_Incertae_sedis;f__Pezizomycotina_fam_Incertae_sedis;g__Fontanospora;s__Fontanospora_eccentrica	1.0
SH081987.07FU_HQ660384_reps	Unassigned	0.0
SH122111.07FU_GU083236_reps	k__Fungi;p__Ascomycota;c__Pezizomycetes;o__Pezizales;f__Pyronemataceae;g__Tarzetta;s__Tarzetta_sp	1.0
SH082452.07FU_FJ596786_reps	k__Fungi;p__Basidiomycota;c__Agaricomycetes;o__Gomphales;f__Gomphaceae;g__Ramaria;s__Ramaria_pinicola	1.0
SH097994.07FU_AF332110_reps	Unassigned	0.0
SH099774.07FU_EU142917_reps	k__Fungi;p__Ascomycota;c__Lecanoromycetes;o__Lecanorales;f__Parmeliaceae;g__Tuckermanopsis;s__Tuckermanopsis_platyphylla	1.0
SH114486.07FU_AB521983_reps	k__Fungi;p__Basidiomycota;c__Agaricomycetes;o__Gloeophyllales;f__Gloeophyllaceae;g__Gloeophyllum;s__Gloeophyllum_striatum	1.0
SH085057.07FU_AB018043_refs	Unassigned	0.0
SH119568.07FU_UDB016420_refs	Unassigned	0.0
SH104589.07FU_GU595041_reps	k__Fungi;p__Ascomycota;c__Dothideomycetes;o__Pleosporales;f__Morosphaeriaceae;g__Morosphaeria;s__Morosphaeria_velatispora	1.0
SH088536.07FU_AJ512430_refs	k__Fungi;p__Ascomycota;c__Saccharomycetes;o__Saccharomycetales;f__Saccharomycodaceae;g__Hanseniaspora;s__Hanseniaspora_sp	1.0
SH087649.07FU_EU913721_refs	k__Fungi;p__Ascomycota;c__Sordariomycetes;o__Hypocreales;f__Nectriaceae;g__Fusarium;s__Fusarium_chlamydosporum	1.0
SH124109.07FU_UDB016372_refs	k__Fungi;p__Basidiomycota;c__Agaricomycetes;o__Agaricales;f__Tricholomataceae;g__Arrhenia;s__Arrhenia_epichysium	1.0
SH079951.07FU_AB115038_reps	k__Fungi;p__Basidiomycota;c__Agaricomycetes;o__Gomphales;f__Clavariadelphaceae;g__Clavariadelphus;s__Clavariadelphus_occidentalis	1.0
SH088492.07FU_AB520467_reps	Unassigned	0.0
SH116507.07FU_EF535643_reps	k__Fungi;p__Ascomycota;c__Dothideomycetes;o__Capnodiales;f__Mycosphaerellaceae;g__Mycosphaerella;s__Mycosphaerella_etlingerae	1.0
SH100571.07FU_AY354274_reps	k__Fungi;p__Ascomycota;c__Pezizomycetes;o__Pezizales;f__Pyronemataceae;g__Otidea;s__Otidea_alutacea	1.0
SH121070.07FU_DQ345593_reps	k__Fungi;p__Ascomycota;c__Sordariomycetes;o__Hypocreales;f__Ophiocordycipitaceae;g__Ophiocordyceps;s__Ophiocordyceps_stylophora	1.0
SH113688.07FU_FJ603597_reps	Unassigned	0.0
SH121951.07FU_FJ362268_reps	k__Fungi;p__Ascomycota;c__Leotiomycetes;o__Helotiales;f__Helotiales_fam_Incertae_sedis;g__Scytalidium;s__Scytalidium_sphaerosporum	1.0
SH082028.07FU_AF325660_reps	k__Fungi;p__Basidiomycota;c__Agaricomycetes;o__Agaricales;f__Hydnangiaceae;g__Laccaria;s__Laccaria_canaliculata	1.0
SH122171.07FU_KC966226_reps	k__Fungi;p__Ascomycota;c__Lecanoromycetes;o__Teloschistales;f__Teloschistaceae;g__Parvoplaca;s__Parvoplaca_athallina	1.0
SH115642.07FU_AF384860_refs	k__Fungi;p__Basidiomycota;c__Agaricomycetes;o__Sebacinales;f__Sebacinaceae;g__Sebacina;s__Sebacina_cystidiata	1.0
SH085138.07FU_UDB019772_reps	k__Fungi;p__Basidiomycota;c__Agaricomycetes;o__Boletales;f__Boletaceae;g__Octaviania;s__Octaviania_decimae	1.0
SH088482.07FU_GQ852749_refs	k__Fungi;p__Ascomycota;c__Dothideomycetes;o__Capnodiales;f__Mycosphaerellaceae;g__Colletogloeum;s__Colletogloeum_sp	1.0
SH088215.07FU_JX036134_reps	k__Fungi;p__Ascomycota;c__Lecanoromycetes;o__Teloschistales;f__Physciaceae;g__Physcia;s__Physcia_stellaris	1.0
SH118491.07FU_FJ236854_refs	Unassigned	0.0
SH096001.07FU_JQ005238_refs	k__Fungi;p__Ascomycota;c__Sordariomycetes;o__Sordariomycetidae_ord_Incertae_sedis;f__Glomerellaceae;g__Glomerella;s__Glomerella_tucumanensis	1.0
SH127568.07FU_JN168684_reps	k__Fungi;p__Basidiomycota;c__Agaricomycetes;o__Boletales;f__Boletaceae;g__Boletus;s__Boletus_pseudosulphureus	1.0
SH091083.07FU_AF401972_reps	k__Fungi;p__Ascomycota;c__Lecanoromycetes;o__Lecideales;f__Porpidiaceae;g__Bellemerea;s__Bellemerea_alpina	1.0
SH130372.07FU_KC176299_reps	k__Fungi;p__Basidiomycota;c__Agaricomycetes;o__Agaricales;f__Agaricaceae;g__Leucoagaricus;s__Leucoagaricus_subpurpureolilacinus	1.0
SH089002.07FU_UDB011411_refs	k__Fungi;p__Basidiomycota;c__Agaricomycetes;o__Agaricales;f__Cortinariaceae;g__Cortinarius;s__Cortinarius_minoscaurus	1.0
SH092345.07FU_EU295639_refs	Unassigned	0.0
SH099744.07FU_KJ027715_reps	k__Fungi;p__Ascomycota;c__Leotiomycetes;o__Leotiomycetes_ord_Incertae_sedis;f__Myxotrichaceae;g__Oidiodendron;s__Oidiodendron_sp	1.0
SH548580.07FU_KF257984_reps	k__Fungi;p__Ascomycota;c__Lecanoromycetes;o__Lecanorales;f__Parmeliaceae;g__Melanohalea;s__Melanohalea_sp	1.0
SH097571.07FU_JN890503_reps	k__Fungi;p__Ascomycota;c__Sordariomycetes;o__Hypocreales;f__Clavicipitaceae;g__Claviceps;s__Claviceps_setariicola	1.0
SH077882.07FU_UDB011413_refs	k__Fungi;p__Basidiomycota;c__Agaricomycetes;o__Polyporales;f__Polyporaceae;g__Macrohyporia;s__Macrohyporia_dictyopora	1.0
SH133132.07FU_HM639743_reps	k__Fungi;p__Basidiomycota;c__Pucciniomycetes;o__Pucciniales;f__Pucciniaceae;g__Puccinia;s__Puccinia_graminis	1.0
SH120926.07FU_KF704272_reps	k__Fungi;p__Ascomycota;c__Sordariomycetes;o__Diaporthales;f__Diaporthaceae;g__Diaporthe;s__Diaporthe_sp	1.0
SH117423.07FU_AY607022_reps	k__Fungi;p__Ascomycota;c__Dothideomycetes;o__Pleosporales;f__Pleosporales_fam_Incertae_sedis;g__Shiraia;s__Shiraia_sp	1.0
SH092050.07FU_KJ140555_refs	k__Fungi;p__Basidiomycota;c__Agaricomycetes;o__Polyporales;f__Polyporaceae;g__Dichomitus;s__Dichomitus_sp	1.0
SH093548.07FU_EU150191_reps	k__Fungi;p__Neocallimastigomycota;c__Neocallimastigomycetes;o__Neocallimastigales;f__Neocallimastigaceae;g__Neocallimastix;s__Neocallimastix_frontalis	1.0
SH083005.07FU_AF391036_refs	k__Fungi;p__Basidiomycota;c__Agaricomycetes;o__Agaricales;f__Agaricaceae;g__Lepiota;s__Lepiota_neophana	1.0
SH085987.07FU_DQ286766_reps	k__Fungi;p__Ascomycota;c__Dothideomycetes;o__Pleosporales;f__Phaeosphaeriaceae;g__Phaeosphaeria;s__Phaeosphaeria_sp	1.0
SH091298.07FU_AJ534294_refs	k__Fungi;p__Basidiomycota;c__Agaricomycetes;o__Russulales;f__Russulaceae;g__Russula;s__Russula_cremeo-ochracea	1.0
SH079059.07FU_HM069380_reps	k__Fungi;p__Basidiomycota;c__Microbotryomycetes;o__Heterogastridiales;f__Heterogastridiaceae;g__Colacogloea;s__Colacogloea_falcata	1.0
SH130344.07FU_UDB015311_refs	k__Fungi;p__Basidiomycota;c__Agaricomycetes;o__Agaricales;f__Tricholomataceae;g__Clitocybe;s__Clitocybe_albofragrans	1.0
SH076914.07FU_KC142118_reps	Unassigned	0.0
SH079367.07FU_KF477224_refs	k__Fungi;p__Ascomycota;c__Eurotiomycetes;o__Onygenales;f__Onygenaceae;g__Uncinocarpus;s__Uncinocarpus_reesii	1.0
SH108011.07FU_UDB016423_refs	k__Fungi;p__Basidiomycota;c__Agaricomycetes;o__Sebacinales;f__Sebacinaceae;g__Sebacina;s__Sebacina_sp	1.0
SH098148.07FU_EF535212_reps	k__Fungi;p__Ascomycota;c__Lecanoromycetes;o__Candelariales;f__Candelariaceae;g__Placomaronea;s__Placomaronea_candelarioides	1.0
SH134124.07FU_HQ714696_refs	k__Fungi;p__Basidiomycota;c__Agaricomycetes;o__Boletales;f__Paxillaceae;g__Melanogaster;s__Melanogaster_variegatus	1.0
SH122647.07FU_DQ458893_refs	k__Fungi;p__Ascomycota;c__Dothideomycetes;o__Botryosphaeriales;f__Botryosphaeriaceae;g__Phaeobotryon;s__Phaeobotryon_sp	1.0
SH100466.07FU_AB705237_reps	k__Fungi;p__Ascomycota;c__Leotiomycetes;o__Helotiales;f__Dermateaceae;g__Phlyctema;s__Phlyctema_vincetoxici	1.0
SH100501.07FU_AJ315838_reps	k__Fungi;p__Ascomycota;c__Eurotiomycetes;o__Onygenales;f__Gymnoascaceae;g__Gymnoascus;s__Gymnoascus_sp	1.0
SH089194.07FU_KC345725_reps	Unassigned	0.0
SH093492.07FU_EU622841_refs	k__Fungi;p__Basidiomycota;c__Agaricomycetes;o__Polyporales;f__Polyporaceae;g__Trametes;s__Trametes_elegans	1.0
SH076679.07FU_JQ647448_refs	k__Fungi;p__Ascomycota;c__Sordariomycetes;o__Microascales;f__Microascaceae;g__Scopulariopsis;s__Scopulariopsis_candida	1.0
SH117480.07FU_EU161240_reps	k__Fungi;p__Ascomycota;c__Dothideomycetes;o__Capnodiales;f__Teratosphaeriaceae;g__Teratosphaeria;s__Teratosphaeria_macowanii	1.0
SH119443.07FU_JQ975053_reps	k__Fungi;p__Basidiomycota;c__Agaricomycetes;o__Hymenochaetales;f__Hymenochaetaceae;g__Fulvifomes;s__Fulvifomes_chinensis	1.0
SH104178.07FU_AB508107_reps	k__Fungi;p__Ascomycota;c__Leotiomycetes;o__Helotiales;f__Hyaloscyphaceae;g__Lachnellula;s__Lachnellula_calyciformis	1.0
SH082503.07FU_UDB013133_reps	k__Fungi;p__Basidiomycota;c__Agaricomycetes;o__Polyporales;f__Polyporaceae;g__Haploporus;s__Haploporus_tuberculosus	1.0
SH103844.07FU_HQ659235_reps	k__Fungi;p__Basidiomycota;c__Agaricomycetes;o__Polyporales;f__Polyporaceae;g__Trametes;s__Trametes_polyzona	1.0
SH119030.07FU_AY347342_reps	k__Fungi;p__Ascomycota;c__Sordariomycetes;o__Diaporthales;f__Valsaceae;g__Cytospora;s__Cytospora_rhizophorae	1.0
SH112146.07FU_KJ404862_reps	k__Fungi;p__Basidiomycota;c__Tremellomycetes;o__Tremellales;f__Tremellales_fam_Incertae_sedis;g__Tremella;s__Tremella_encephala	1.0
SH115681.07FU_JX089519_reps	k__Fungi;p__Ascomycota;c__Leotiomycetes;o__Helotiales;f__Helotiaceae;g__Tricladium;s__Tricladium_sp	1.0
SH106305.07FU_KF617732_reps	k__Fungi;p__Basidiomycota;c__Agaricomycetes;o__Hymenochaetales;f__Schizoporaceae;g__Hyphodontia;s__Hyphodontia_hastata	1.0
SH119010.07FU_KF251249_refs	Unassigned	0.0
SH090944.07FU_LN589976_reps	k__Fungi;p__Ascomycota;c__Eurotiomycetes;o__Onygenales;f__Arthrodermataceae;g__Arthroderma;s__Arthroderma_ciferrii	1.0
SH085098.07FU_JQ775401_reps	Unassigned	0.0
SH080696.07FU_EU330945_refs	k__Fungi;p__Ascomycota;c__Sordariomycetes;o__Hypocreales;f__Hypocreaceae;g__Hypomyces;s__Hypomyces_sp	1.0
SH107304.07FU_GQ892250_reps	k__Fungi;p__Ascomycota;c__Leotiomycetes;o__Leotiomycetes_ord_Incertae_sedis;f__Leotiomycetes_fam_Incertae_sedis;g__Mycosymbioces;s__Mycosymbioces_mycenaphila	1.0
SH089627.07FU_UDB016634_refs	k__Fungi;p__Basidiomycota;c__Agaricomycetes;o__Thelephorales;f__Bankeraceae;g__Phellodon;s__Phellodon_tomentosus	1.0
SH076802.07FU_DQ185925_reps	k__Fungi;p__Basidiomycota;c__Agaricomycetes;o__Russulales;f__Hericiaceae;g__Dentipellis;s__Dentipellis_parmastoi	1.0
SH082018.07FU_GU991575_reps	k__Fungi;p__Basidiomycota;c__Agaricomycetes;o__Polyporales;f__Polyporaceae;g__Royoporus;s__Royoporus_badius	1.0
SH087215.07FU_UDB015579_refs	k__Fungi;p__Basidiomycota;c__Agaricomycetes;o__Agaricales;f__Agaricaceae;g__Chamaemyces;s__Chamaemyces_sp	1.0
SH537346.07FU_KR230028_reps	k__Fungi;p__Ascomycota;c__Pezizomycotina_cls_Incertae_sedis;o__Pezizomycotina_ord_Incertae_sedis;f__Pezizomycotina_fam_Incertae_sedis;g__Pulchromyces;s__Pulchromyces_fimicola	1.0
SH118351.07FU_KF528018_reps	k__Fungi;p__Basidiomycota;c__Pucciniomycetes;o__Pucciniales;f__Pucciniales_fam_Incertae_sedis;g__Uredo;s__Uredo_rolliniae	1.0
SH123186.07FU_HG518411_reps	k__Fungi;p__Ascomycota;c__Pezizomycotina_cls_Incertae_sedis;o__Pezizomycotina_ord_Incertae_sedis;f__Pezizomycotina_fam_Incertae_sedis;g__Cordana;s__Cordana_verruculosa	1.0
SH099639.07FU_KC529647_reps	k__Fungi;p__Basidiomycota;c__Agaricomycetes;o__Geastrales;f__Geastraceae;g__Geastrum;s__Geastrum_sp	1.0
SH079645.07FU_AJ271591_reps	k__Fungi;p__Ascomycota;c__Sordariomycetes;o__Sordariales;f__Chaetomiaceae;g__Chaetomium;s__Chaetomium_brasiliense	1.0
SH101618.07FU_KC479758_reps	k__Fungi;p__Ascomycota;c__Sordariomycetes;o__Hypocreales;f__Clavicipitaceae;g__Claviceps;s__Claviceps_setariicola	1.0
SH083443.07FU_JX392812_refs	k__Fungi;p__Basidiomycota;c__Agaricomycetes;o__Trechisporales;f__Hydnodontaceae;g__Trechispora;s__Trechispora_sp	1.0
SH083972.07FU_GQ919280_reps	k__Fungi;p__Ascomycota;c__Lecanoromycetes;o__Lecanorales;f__Lecanoraceae;g__Lecanora;s__Lecanora_anakeestiicola	1.0
SH464870.07FU_KF381526_refs	k__Fungi;p__Basidiomycota;c__Agaricomycetes;o__Agaricales;f__Amanitaceae;g__Amanita;s__Amanita_quenda	1.0
SH081892.07FU_FJ951427_reps	k__Fungi;p__Neocallimastigomycota;c__Neocallimastigomycetes;o__Neocallimastigales;f__Neocallimastigaceae;g__Neocallimastix;s__Neocallimastix_frontalis	1.0
SH109714.07FU_UDB018030_refs	k__Fungi;p__Basidiomycota;c__Agaricomycetes;o__Agaricales;f__Hydnangiaceae;g__Laccaria;s__Laccaria_paraphysata	1.0
SH121209.07FU_AB733593_refs	k__Fungi;p__Ascomycota;c__Leotiomycetes;o__Erysiphales;f__Erysiphaceae;g__Erysiphe;s__Erysiphe_ulmariae	1.0
SH080085.07FU_HQ667544_reps	k__Fungi;p__Ascomycota;c__Pezizomycotina_cls_Incertae_sedis;o__Pezizomycotina_ord_Incertae_sedis;f__Pezizomycotina_fam_Incertae_sedis;g__Ochroconis;s__Ochroconis_musae	1.0
SH102901.07FU_EU683656_refs	k__Fungi;p__Ascomycota;c__Dothideomycetes;o__Botryosphaeriales;f__Botryosphaeriaceae;g__Pseudofusicoccum;s__Pseudofusicoccum_violaceum	1.0
SH099613.07FU_HM152543_reps	k__Fungi;p__Ascomycota;c__Pezizomycotina_cls_Incertae_sedis;o__Pezizomycotina_ord_Incertae_sedis;f__Pezizomycotina_fam_Incertae_sedis;g__Chalara;s__Chalara_piceae-abietis	1.0
SH099082.07FU_AY603123_refs	k__Fungi;p__Ascomycota;c__Lecanoromycetes;o__Baeomycetales;f__Baeomycetaceae;g__Baeomyces;s__Baeomyces_rufus	1.0
SH106728.07FU_AF038334_refs	k__Fungi;p__Ascomycota;c__Eurotiomycetes;o__Onygenales;f__Ajellomycetaceae;g__Emmonsia;s__Emmonsia_helica	1.0
SH118115.07FU_DQ004575_reps	k__Fungi;p__Ascomycota;c__Lecanoromycetes;o__Lecanorales;f__Parmeliaceae;g__Masonhalea;s__Masonhalea_richardsonii	1.0
SH079862.07FU_JQ915097_reps	Unassigned	0.0
SH109186.07FU_AF309604_refs	k__Fungi;p__Ascomycota;c__Dothideomycetes;o__Capnodiales;f__Teratosphaeriaceae;g__Teratosphaeria;s__Teratosphaeria_dimorpha	1.0
SH136532.07FU_UDB013642_reps	k__Fungi;p__Ascomycota;c__Pezizomycotina_cls_Incertae_sedis;o__Pezizomycotina_ord_Incertae_sedis;f__Pezizomycotina_fam_Incertae_sedis;g__Chalara;s__Chalara_piceae-abietis	1.0
SH120938.07FU_KC152117_reps	Unassigned	0.0
SH079652.07FU_FR750587_reps	k__Fungi;p__Zygomycota;c__Mucoromycotina_cls_Incertae_sedis;o__Mucorales;f__Umbelopsidaceae;g__Umbelopsis;s__Umbelopsis_ramanniana	1.0
SH128257.07FU_KC209153_reps	k__Fungi;p__Ascomycota;c__Lecanoromycetes;o__Lecanorales;f__Tephromelataceae;g__Calvitimela;s__Calvitimela_melaleuca	1.0
SH079710.07FU_AY217651_refs	k__Fungi;p__Zygomycota;c__Mortierellomycotina_cls_Incertae_sedis;o__Mortierellales;f__Mortierellaceae;g__Mortierella;s__Mortierella_wolfii	1.0
SH116908.07FU_JN889974_reps	k__Fungi;p__Basidiomycota;c__Agaricomycetes;o__Thelephorales;f__Thelephoraceae;g__Tomentella;s__Tomentella_sp	1.0
SH105937.07FU_UDB008257_refs	k__Fungi;p__Basidiomycota;c__Agaricomycetes;o__Atheliales;f__Atheliaceae;g__Tylospora;s__Tylospora_sp	1.0
SH114188.07FU_AY785274_reps	k__Fungi;p__Ascomycota;c__Lecanoromycetes;o__Lecanorales;f__Parmeliaceae;g__Bryoria;s__Bryoria_hengduanensis	1.0
SH100026.07FU_EF452454_reps	k__Fungi;p__Ascomycota;c__Dothideomycetes;o__Pleosporales;f__Pleosporaceae;g__Drechslera;s__Drechslera_sp	1.0
SH103017.07FU_HQ263354_reps	k__Fungi;p__Basidiomycota;c__Tremellomycetes;o__Tremellales;f__Tremellales_fam_Incertae_sedis;g__Cryptococcus;s__Cryptococcus_sp	1.0
SH099473.07FU_EU681331_reps	k__Fungi;p__Ascomycota;c__Lecanoromycetes;o__Teloschistales;f__Teloschistaceae;g__Parvoplaca;s__Parvoplaca_athallina	1.0
SH081471.07FU_UDB011686_refs	k__Fungi;p__Basidiomycota;c__Agaricomycetes;o__Russulales;f__Russulaceae;g__Lactarius;s__Lactarius_piperatus	1.0
SH110789.07FU_KJ140612_reps	k__Fungi;p__Basidiomycota;c__Agaricomycetes;o__Polyporales;f__Phanerochaetaceae;g__Rhizochaete;s__Rhizochaete_radicata	1.0
SH104209.07FU_AB481234_refs	k__Fungi;p__Ascomycota;c__Leotiomycetes;o__Helotiales;f__Hyaloscyphaceae;g__Lachnum;s__Lachnum_sp	1.0
SH100759.07FU_HM056199_refs	Unassigned	0.0
SH103401.07FU_HQ149687_refs	k__Fungi;p__Ascomycota;c__Dothideomycetes;o__Capnodiales;f__Mycosphaerellaceae;g__Stenella;s__Stenella_musae	1.0
SH125091.07FU_EU552130_refs	k__Fungi;p__Ascomycota;c__Pezizomycotina_cls_Incertae_sedis;o__Pezizomycotina_ord_Incertae_sedis;f__Pezizomycotina_fam_Incertae_sedis;g__Myrmaecium;s__Myrmaecium_fulvopruinatum	1.0
SH100544.07FU_HE605243_reps	k__Fungi;p__Ascomycota;c__Sordariomycetes;o__Hypocreales;f__Clavicipitaceae;g__Neotyphodium;s__Neotyphodium_tembladerae	1.0
SH114727.07FU_FR715515_refs	k__Fungi;p__Ascomycota;c__Sordariomycetes;o__Hypocreales;f__Nectriaceae;g__Fusarium;s__Fusarium_chlamydosporum	1.0
SH085620.07FU_EF373558_reps	k__Fungi;p__Ascomycota;c__Eurotiomycetes;o__Chaetothyriales;f__Herpotrichiellaceae;g__Cladophialophora;s__Cladophialophora_sp	1.0
SH111457.07FU_JQ409357_reps	Unassigned	0.0
SH121545.07FU_AB546939_reps	k__Fungi;p__Ascomycota;c__Leotiomycetes;o__Helotiales;f__Hyaloscyphaceae;g__Lachnum;s__Lachnum_sp	1.0
SH093343.07FU_KC107954_reps	k__Fungi;p__Ascomycota;c__Sordariomycetes;o__Chaetosphaeriales;f__Chaetosphaeriaceae;g__Thozetella;s__Thozetella_sp	1.0
SH118068.07FU_AF451752_reps	k__Fungi;p__Ascomycota;c__Lecanoromycetes;o__Lecanorales;f__Parmeliaceae;g__Melanohalea;s__Melanohalea_subolivacea	1.0
SH102915.07FU_KF128805_reps	k__Fungi;p__Ascomycota;c__Dothideomycetes;o__Botryosphaeriales;f__Botryosphaeriaceae;g__Dichomera;s__Dichomera_versiformis	1.0
SH077868.07FU_JQ003654_reps	k__Fungi;p__Basidiomycota;c__Agaricomycetes;o__Agaricales;f__Inocybaceae;g__Inocybe;s__Inocybe_margaritispora	1.0
SH134671.07FU_DQ444306_refs	k__Fungi;p__Basidiomycota;c__Agaricomycetes;o__Russulales;f__Albatrellaceae;g__Leucogaster;s__Leucogaster_citrinus	1.0
SH130621.07FU_KM067909_reps	k__Fungi;p__Ascomycota;c__Sordariomycetes;o__Xylariales;f__Xylariaceae;g__Xylaria;s__Xylaria_sp	1.0
SH102227.07FU_KJ486574_reps	k__Fungi;p__Ascomycota;c__Lecanoromycetes;o__Lecanorales;f__Parmeliaceae;g__Alectoria;s__Alectoria_sarmentosa_subsp._vexillifera	1.0
SH115556.07FU_DQ485653_refs	k__Fungi;p__Chytridiomycota;c__Chytridiomycetes;o__Rhizophydiales;f__Terramycetaceae;g__Boothiomyces;s__Boothiomyces_sp	1.0
SH548114.07FU_KP814222_reps	k__Fungi;p__Basidiomycota;c__Agaricomycetes;o__Atheliales;f__Atheliaceae;g__Piloderma;s__Piloderma_olivaceum	1.0
SH085614.07FU_HM123082_reps	k__Fungi;p__Ascomycota;c__Sordariomycetes;o__Xylariales;f__Amphisphaeriaceae;g__Phlogicylindrium;s__Phlogicylindrium_eucalyptorum	1.0
SH129304.07FU_DQ268586_reps	k__Fungi;p__Ascomycota;c__Dothideomycetes;o__Botryosphaeriales;f__Botryosphaeriaceae;g__Phyllosticta;s__Phyllosticta_ampelicida	1.0
SH109921.07FU_FM178325_refs	k__Fungi;p__Ascomycota;c__Saccharomycetes;o__Saccharomycetales;f__Saccharomycetales_fam_Incertae_sedis;g__Schwanniomyces;s__Schwanniomyces_polymorphus	1.0
SH107692.07FU_JN392146_reps	k__Fungi;p__Ascomycota;c__Pezizomycetes;o__Pezizales;f__Pyronemataceae;g__Geopora;s__Geopora_tolucana	1.0
SH090840.07FU_EF667965_reps	k__Fungi;p__Basidiomycota;c__Ustilaginomycetes;o__Urocystidales;f__Urocystidaceae;g__Urocystis;s__Urocystis_eranthidis	1.0
SH547873.07FU_KF698749_reps	Unassigned	0.0
SH096090.07FU_HQ630277_refs	k__Fungi;p__Zygomycota;c__Mortierellomycotina_cls_Incertae_sedis;o__Mortierellales;f__Mortierellaceae;g__Mortierella;s__Mortierella_camargensis	1.0
SH111488.07FU_GU570098_reps	Unassigned	0.0
SH106098.07FU_FJ775550_refs	k__Fungi;p__Basidiomycota;c__Agaricomycetes;o__Russulales;f__Albatrellaceae;g__Leucogaster;s__Leucogaster_citrinus	1.0
SH125157.07FU_UDB015766_refs	k__Fungi;p__Ascomycota;c__Pezizomycetes;o__Pezizales;f__Sarcosomataceae;g__Urnula;s__Urnula_hiemalis	1.0
SH125244.07FU_DQ782848_reps	k__Fungi;p__Ascomycota;c__Eurotiomycetes;o__Eurotiales;f__Trichocomaceae;g__Penicillium;s__Penicillium_cryptum	1.0
SH110876.07FU_JN211109_reps	k__Fungi;p__Ascomycota;c__Lecanoromycetes;o__Teloschistales;f__Physciaceae;g__Physcia;s__Physcia_dubia	1.0
SH079747.07FU_UDB013672_reps	Unassigned	0.0
SH122275.07FU_AY789294_refs	k__Fungi;p__Ascomycota;c__Dothideomycetes;o__Dothideomycetes_ord_Incertae_sedis;f__Dothideomycetes_fam_Incertae_sedis;g__Peltaster;s__Peltaster_cerophilus	1.0
SH127201.07FU_UDB015169_reps	Unassigned	0.0
SH122932.07FU_AF202913_reps	k__Fungi;p__Ascomycota;c__Pezizomycetes;o__Pezizales;f__Sarcosomataceae;g__Plectania;s__Plectania_sp	1.0
SH090876.07FU_JN205992_refs	k__Fungi;p__Zygomycota;c__Mucoromycotina_cls_Incertae_sedis;o__Mucorales;f__Mucoraceae;g__Mucor;s__Mucor_circinelloides	1.0
SH115100.07FU_AJ247563_reps	Unassigned	0.0
SH106504.07FU_FN394719_reps	k__Fungi;p__Ascomycota;c__Leotiomycetes;o__Helotiales;f__Helotiaceae;g__Crocicreas;s__Crocicreas_sp	1.0
SH118109.07FU_GU994561_reps	k__Fungi;p__Ascomycota;c__Lecanoromycetes;o__Lecanorales;f__Parmeliaceae;g__Melanelia;s__Melanelia_hepatizon	1.0
SH106015.07FU_U66027_reps	k__Fungi;p__Ascomycota;c__Pezizomycetes;o__Pezizales;f__Sarcoscyphaceae;g__Cookeina;s__Cookeina_sp	1.0
SH123168.07FU_EU434854_reps	k__Fungi;p__Ascomycota;c__Leotiomycetes;o__Helotiales;f__Vibrisseaceae;g__Acephala;s__Acephala_macrosclerotiorum	1.0
SH121429.07FU_KJ474834_reps	k__Fungi;p__Ascomycota;c__Sordariomycetes;o__Hypocreales;f__Bionectriaceae;g__Stephanonectria;s__Stephanonectria_sp	1.0
SH134158.07FU_GQ231745_reps	Unassigned	0.0
SH098867.07FU_UDB016417_refs	Unassigned	0.0
SH539163.07FU_KP456017_reps	k__Fungi;p__Ascomycota;c__Sordariomycetes;o__Hypocreales;f__Nectriaceae;g__Aquanectria;s__Aquanectria_penicillioides	1.0
SH538565.07FU_KP012758_reps	k__Fungi;p__Basidiomycota;c__Dacrymycetes;o__Dacrymycetales;f__Dacrymycetaceae;g__Dacrymyces;s__Dacrymyces_aureosporus	1.0
SH110071.07FU_UDB011645_refs	Unassigned	0.0
SH111157.07FU_FJ161378_reps	k__Fungi;p__Ascomycota;c__Lecanoromycetes;o__Lecanorales;f__Parmeliaceae;g__Evernia;s__Evernia_mesomorpha	1.0
SH082739.07FU_AF451766_reps	k__Fungi;p__Ascomycota;c__Lecanoromycetes;o__Lecanorales;f__Parmeliaceae;g__Usnea;s__Usnea_flavocardia	1.0
SH539318.07FU_KM246210_reps	k__Fungi;p__Ascomycota;c__Sordariomycetes;o__Hypocreales;f__Bionectriaceae;g__Bionectria;s__Bionectria_zelandiae-novae	1.0
SH545033.07FU_KR017127_reps	Unassigned	0.0
SH133920.07FU_UDB000647_reps	Unassigned	0.0
SH077325.07FU_JQ281481_refs	k__Fungi;p__Basidiomycota;c__Agaricomycetes;o__Agaricales;f__Hydnangiaceae;g__Laccaria;s__Laccaria_sp	1.0
SH109092.07FU_FJ362124_reps	k__Fungi;p__Ascomycota;c__Lecanoromycetes;o__Teloschistales;f__Teloschistaceae;g__Brownliella;s__Brownliella_montisfracti	1.0
SH087571.07FU_L54114_reps	k__Fungi;p__Basidiomycota;c__Agaricomycetes;o__Boletales;f__Gomphidiaceae;g__Chroogomphus;s__Chroogomphus_albipes	1.0
SH097371.07FU_AB425974_refs	k__Fungi;p__Ascomycota;c__Sordariomycetes;o__Xylariales;f__Xylariales_fam_Incertae_sedis;g__Monographella;s__Monographella_cucumerina	1.0
SH100421.07FU_HM583818_refs	k__Fungi;p__Basidiomycota;c__Agaricomycetes;o__Hymenochaetales;f__Schizoporaceae;g__Hyphodontia;s__Hyphodontia_setulosa	1.0
SH080313.07FU_AY789297_reps	k__Fungi;p__Ascomycota;c__Leotiomycetes;o__Helotiales;f__Helotiales_fam_Incertae_sedis;g__Cenangiopsis;s__Cenangiopsis_quercicola	1.0
SH077966.07FU_AJ238676_reps	k__Fungi;p__Ascomycota;c__Dothideomycetes;o__Capnodiales;f__Teratosphaeriaceae;g__Readeriella;s__Readeriella_angustia	1.0
SH094112.07FU_DQ925521_reps	k__Fungi;p__Chytridiomycota;c__Chytridiomycetes;o__Chytridiales;f__Chytriomycetaceae;g__Chytriomyces;s__Chytriomyces_hyalinus	1.0
SH086232.07FU_JX244264_refs	k__Fungi;p__Basidiomycota;c__Agaricomycetes;o__Agaricales;f__Inocybaceae;g__Inocybe;s__Inocybe_sp	1.0
SH087596.07FU_AY641432_reps	k__Fungi;p__Basidiomycota;c__Agaricomycetes;o__Hymenochaetales;f__Hymenochaetaceae;g__Inonotus;s__Inonotus_sp	1.0
SH122810.07FU_KF061266_reps	k__Fungi;p__Basidiomycota;c__Agaricomycetes;o__Sebacinales;f__Sebacinaceae;g__Sebacina;s__Sebacina_sp	1.0
SH117409.07FU_AF485079_refs	k__Fungi;p__Ascomycota;c__Pezizomycetes;o__Pezizales;f__Pyronemataceae;g__Otidea;s__Otidea_alutacea	1.0
SH083136.07FU_GQ205089_refs	k__Fungi;p__Glomeromycota;c__Glomeromycetes;o__Glomerales;f__Claroideoglomeraceae;g__Claroideoglomus;s__Claroideoglomus_sp	1.0
SH092155.07FU_AB434661_refs	k__Fungi;p__Ascomycota;c__Leotiomycetes;o__Helotiales;f__Helotiales_fam_Incertae_sedis;g__Cadophora;s__Cadophora_orchidicola	1.0
SH109816.07FU_AY461831_reps	k__Fungi;p__Basidiomycota;c__Agaricomycetes;o__Agaricales;f__Psathyrellaceae;g__Coprinellus;s__Coprinellus_hiascens	1.0
SH120272.07FU_EF394123_reps	k__Fungi;p__Basidiomycota;c__Pucciniomycetes;o__Pucciniales;f__Pucciniaceae;g__Puccinia;s__Puccinia_porri	1.0
SH132314.07FU_DQ486689_reps	k__Fungi;p__Basidiomycota;c__Agaricomycetes;o__Agaricales;f__Tricholomataceae;g__Clitocybe;s__Clitocybe_sp	1.0
SH100737.07FU_HQ871796_reps	k__Fungi;p__Ascomycota;c__Eurotiomycetes;o__Onygenales;f__Onygenaceae;g__Chrysosporium;s__Chrysosporium_vallenarense	1.0
SH105658.07FU_UDB001404_refs	k__Fungi;p__Basidiomycota;c__Agaricomycetes;o__Boletales;f__Boletaceae;g__Boletus;s__Boletus_subluridellus	1.0
SH131687.07FU_EU041820_reps	Unassigned	0.0
SH098794.07FU_DQ100415_reps	Unassigned	0.0
SH127091.07FU_JQ038891_reps	Unassigned	0.0
SH125014.07FU_FN549910_refs	k__Fungi;p__Ascomycota;c__Sordariomycetes;o__Xylariales;f__Xylariaceae;g__Xylaria;s__Xylaria_scruposa	1.0
SH115217.07FU_JQ906770_refs	k__Fungi;p__Ascomycota;c__Lecanoromycetes;o__Teloschistales;f__Physciaceae;g__Phaeophyscia;s__Phaeophyscia_adiastola	1.0
SH103497.07FU_KF453551_reps	k__Fungi;p__Ascomycota;c__Sordariomycetes;o__Xylariales;f__Diatrypaceae;g__Cryptosphaeria;s__Cryptosphaeria_eunomia	1.0
SH077679.07FU_KC681817_reps	k__Fungi;p__Ascomycota;c__Lecanoromycetes;o__Teloschistales;f__Physciaceae;g__Physcia;s__Physcia_sp	1.0
SH116934.07FU_FR750022_refs	k__Fungi;p__Glomeromycota;c__Glomeromycetes;o__Archaeosporales;f__Archaeosporaceae;g__Palaeospora;s__Palaeospora_spainiae	1.0
SH547026.07FU_KR061348_reps	k__Fungi;p__Ascomycota;c__Lecanoromycetes;o__Lecanorales;f__Parmeliaceae;g__Bryoria;s__Bryoria_hengduanensis	1.0
SH130966.07FU_HQ714754_refs	k__Fungi;p__Basidiomycota;c__Agaricomycetes;o__Agaricales;f__Cortinariaceae;g__Cortinarius;s__Cortinarius_tubarius	1.0
SH080304.07FU_Z81447_reps	k__Fungi;p__Ascomycota;c__Leotiomycetes;o__Helotiales;f__Sclerotiniaceae;g__Cristulariella;s__Cristulariella_depraedans	1.0
SH130175.07FU_GQ231736_reps	Unassigned	0.0
SH111917.07FU_AJ007351_reps	Unassigned	0.0
SH129414.07FU_AY394705_reps	k__Fungi;p__Basidiomycota;c__Pucciniomycetes;o__Pucciniales;f__Pucciniaceae;g__Puccinia;s__Puccinia_graminis	1.0
SH099020.07FU_EF029223_reps	Unassigned	0.0
SH110947.07FU_GU269665_reps	k__Fungi;p__Ascomycota;c__Dothideomycetes;o__Pleosporales;f__Pleosporales_fam_Incertae_sedis;g__Phoma;s__Phoma_sp	1.0
SH120525.07FU_JQ639153_reps	k__Fungi;p__Basidiomycota;c__Agaricomycetes;o__Agaricales;f__Tricholomataceae;g__Melanoleuca;s__Melanoleuca_melaleuca	1.0
SH111579.07FU_KC966138_reps	k__Fungi;p__Ascomycota;c__Pezizomycotina_cls_Incertae_sedis;o__Pezizomycotina_ord_Incertae_sedis;f__Pezizomycotina_fam_Incertae_sedis;g__Chalara;s__Chalara_sp	1.0
SH547096.07FU_LC001734_reps	Unassigned	0.0
SH121328.07FU_KC485535_reps	Unassigned	0.0
SH125037.07FU_JX243811_reps	k__Fungi;p__Ascomycota;c__Eurotiomycetes;o__Eurotiales;f__Trichocomaceae;g__Penicillium;s__Penicillium_griseolum	1.0
SH111899.07FU_JN100643_refs	k__Fungi;p__Ascomycota;c__Sordariomycetes;o__Hypocreales;f__Nectriaceae;g__Aquanectria;s__Aquanectria_penicillioides	1.0
SH126259.07FU_UDB015434_refs	k__Fungi;p__Basidiomycota;c__Agaricomycetes;o__Agaricales;f__Amanitaceae;g__Amanita;s__Amanita_sp	1.0
SH080461.07FU_UDB015664_refs	k__Fungi;p__Basidiomycota;c__Agaricomycetes;o__Agaricales;f__Strophariaceae;g__Protostropharia;s__Protostropharia_alcis	1.0
SH077015.07FU_EU258674_refs	k__Fungi;p__Basidiomycota;c__Agaricomycetes;o__Agaricales;f__Agaricaceae;g__Heinemannomyces;s__Heinemannomyces_splendidissimus	1.0
SH132734.07FU_FJ644285_reps	k__Fungi;p__Basidiomycota;c__Agaricomycetes;o__Russulales;f__Auriscalpiaceae;g__Lentinellus;s__Lentinellus_tridentinus	1.0
SH084847.07FU_AY616232_reps	Unassigned	0.0
SH077905.07FU_GU138729_reps	k__Fungi;p__Ascomycota;c__Leotiomycetes;o__Rhytismatales;f__Rhytismataceae;g__Lophodermium;s__Lophodermium_pini-excelsae	1.0
SH132729.07FU_DQ144612_refs	k__Fungi;p__Glomeromycota;c__Glomeromycetes;o__Diversisporales;f__Diversisporaceae;g__Redeckera;s__Redeckera_megalocarpum	1.0
SH090905.07FU_AJ242905_reps	Unassigned	0.0
SH086394.07FU_EU379942_refs	k__Fungi;p__Basidiomycota;c__Ustilaginomycetes;o__Ustilaginales;f__Ustilaginaceae;g__Ustilago;s__Ustilago_shanxiensis	1.0
SH127064.07FU_HM992500_reps	k__Fungi;p__Ascomycota;c__Sordariomycetes;o__Chaetosphaeriales;f__Chaetosphaeriaceae;g__Chaetosphaeria;s__Chaetosphaeria_sp	1.0
SH079880.07FU_JN942679_reps	Unassigned	0.0
SH086986.07FU_AY916746_refs	k__Fungi;p__Basidiomycota;c__Agaricomycetes;o__Agaricales;f__Marasmiaceae;g__Crinipellis;s__Crinipellis_setipes	1.0
SH133568.07FU_KJ461893_refs	k__Fungi;p__Basidiomycota;c__Agaricomycetes;o__Agaricales;f__Hydnangiaceae;g__Laccaria;s__Laccaria_paraphysata	1.0
SH115055.07FU_AY452499_reps	k__Fungi;p__Ascomycota;c__Lecanoromycetes;o__Lecanorales;f__Parmeliaceae;g__Evernia;s__Evernia_prunastri	1.0
SH106626.07FU_HM122801_reps	k__Fungi;p__Ascomycota;c__Lecanoromycetes;o__Lecanorales;f__Parmeliaceae;g__Menegazzia;s__Menegazzia_subsimilis	1.0
SH108162.07FU_GQ337912_refs	k__Fungi;p__Basidiomycota;c__Agaricomycetes;o__Polyporales;f__Ganodermataceae;g__Ganoderma;s__Ganoderma_williamsianum	1.0
SH134529.07FU_AJ421992_reps	k__Fungi;p__Ascomycota;c__Lecanoromycetes;o__Teloschistales;f__Physciaceae;g__Physcia;s__Physcia_sp	1.0
SH536684.07FU_KF380907_reps	k__Fungi;p__Ascomycota;c__Lecanoromycetes;o__Lecanorales;f__Tephromelataceae;g__Calvitimela;s__Calvitimela_melaleuca	1.0
SH082638.07FU_JX466168_reps	k__Fungi;p__Ascomycota;c__Lecanoromycetes;o__Lecanorales;f__Parmeliaceae;g__Alectoria;s__Alectoria_sarmentosa_subsp._vexillifera	1.0
SH134579.07FU_UDB011613_reps	k__Fungi;p__Basidiomycota;c__Agaricomycetes;o__Agaricales;f__Cortinariaceae;g__Cortinarius;s__Cortinarius_cretax	1.0
SH128532.07FU_EU339369_reps	k__Fungi;p__Ascomycota;c__Dothideomycetes;o__Pleosporales;f__Tetraplosphaeriaceae;g__Pseudotetraploa;s__Pseudotetraploa_curviappendiculata	1.0
SH103805.07FU_AY144542_reps	k__Fungi;p__Ascomycota;c__Leotiomycetes;o__Helotiales;f__Hyaloscyphaceae;g__Cistella;s__Cistella_sp	1.0
SH098714.07FU_UDB015551_refs	k__Fungi;p__Ascomycota;c__Leotiomycetes;o__Rhytismatales;f__Rhytismataceae;g__Lophodermium;s__Lophodermium_sp	1.0
SH092141.07FU_KP004468_refs	k__Fungi;p__Ascomycota;c__Eurotiomycetes;o__Chaetothyriales;f__Herpotrichiellaceae;g__Capronia;s__Capronia_sp	1.0
SH133537.07FU_EU669314_reps	k__Fungi;p__Basidiomycota;c__Agaricomycetes;o__Agaricales;f__Tricholomataceae;g__Clitocybe;s__Clitocybe_sp	1.0
SH124963.07FU_GQ428313_reps	k__Fungi;p__Ascomycota;c__Pezizomycotina_cls_Incertae_sedis;o__Pezizomycotina_ord_Incertae_sedis;f__Pezizomycotina_fam_Incertae_sedis;g__Cryptostroma;s__Cryptostroma_corticale	1.0
SH099213.07FU_KC862286_reps	k__Fungi;p__Basidiomycota;c__Agaricomycetes;o__Gloeophyllales;f__Gloeophyllaceae;g__Gloeophyllum;s__Gloeophyllum_striatum	1.0
SH116542.07FU_KF251315_reps	k__Fungi;p__Ascomycota;c__Dothideomycetes;o__Capnodiales;f__Mycosphaerellaceae;g__Caryophylloseptoria;s__Caryophylloseptoria_silenes	1.0
SH101269.07FU_FJ025263_reps	k__Fungi;p__Ascomycota;c__Pezizomycetes;o__Pezizales;f__Pyronemataceae;g__Tricharina;s__Tricharina_striispora	1.0
SH103391.07FU_JF700867_refs	k__Fungi;p__Ascomycota;c__Dothideomycetes;o__Capnodiales;f__Mycosphaerellaceae;g__Caryophylloseptoria;s__Caryophylloseptoria_pseudolychnidis	1.0
SH549603.07FU_KT339262_reps	Unassigned	0.0
SH078518.07FU_DQ112554_refs	k__Fungi;p__Basidiomycota;c__Agaricomycetes;o__Agaricales;f__Agaricaceae;g__Macrolepiota;s__Macrolepiota_excoriata	1.0
SH124708.07FU_AB587010_refs	k__Fungi;p__Ascomycota;c__Sordariomycetes;o__Hypocreales;f__Nectriaceae;g__Fusarium;s__Fusarium_proliferatum	1.0
SH129325.07FU_JX454968_reps	k__Fungi;p__Basidiomycota;c__Agaricomycetes;o__Russulales;f__Russulaceae;g__Lactarius;s__Lactarius_montoyae	1.0
SH129508.07FU_UDB016263_refs	k__Fungi;p__Basidiomycota;c__Agaricomycetes;o__Agaricales;f__Lyophyllaceae;g__Asterophora;s__Asterophora_parasitica	1.0
SH551650.07FU_KM817088_reps	k__Fungi;p__Ascomycota;c__Sordariomycetes;o__Diaporthales;f__Diaporthaceae;g__Diaporthe;s__Diaporthe_sclerotioides	1.0
SH118511.07FU_AB073530_reps	k__Fungi;p__Basidiomycota;c__Agaricomycetes;o__Agaricales;f__Entolomataceae;g__Clitopilus;s__Clitopilus_hobsonii	1.0
SH133921.07FU_KF291231_refs	k__Fungi;p__Basidiomycota;c__Agaricomycetes;o__Agaricales;f__Marasmiaceae;g__Crinipellis;s__Crinipellis_scabella	1.0
SH097548.07FU_AY740044_reps	k__Fungi;p__Basidiomycota;c__Ustilaginomycetes;o__Ustilaginales;f__Ustilaginaceae;g__Ustilago;s__Ustilago_shanxiensis	1.0
SH542841.07FU_KR607177_reps	k__Fungi;p__Basidiomycota;c__Agaricomycetes;o__Agaricales;f__Physalacriaceae;g__Gloiocephala;s__Gloiocephala_phormiorum	1.0
SH134264.07FU_FN907912_refs	k__Fungi;p__Basidiomycota;c__Agaricomycetes;o__Hymenochaetales;f__Schizoporaceae;g__Xylodon;s__Xylodon_sp	1.0
SH076764.07FU_JX503760_reps	Unassigned	0.0
SH107382.07FU_JQ724378_reps	k__Fungi;p__Zygomycota;c__Mucoromycotina_cls_Incertae_sedis;o__Mucorales;f__Syncephalastraceae;g__Zychaea;s__Zychaea_mexicana	1.0
SH088200.07FU_HM577307_refs	k__Fungi;p__Ascomycota;c__Lecanoromycetes;o__Lecanorales;f__Lecanoraceae;g__Lecanora;s__Lecanora_sp	1.0
SH086526.07FU_EF585540_refs	k__Fungi;p__Ascomycota;c__Dothideomycetes;o__Botryosphaeriales;f__Botryosphaeriaceae;g__Botryosphaeria;s__Botryosphaeria_agaves	1.0
SH113040.07FU_EU041788_reps	k__Fungi;p__Ascomycota;c__Dothideomycetes;o__Capnodiales;f__Mycosphaerellaceae;g__Mycosphaerella;s__Mycosphaerella_polygoni-cuspidati	1.0
SH084820.07FU_UDB014110_reps	Unassigned	0.0
SH117490.07FU_AY493435_refs	k__Fungi;p__Ascomycota;c__Saccharomycetes;o__Saccharomycetales;f__Saccharomycetales_fam_Incertae_sedis;g__Wickerhamomyces;s__Wickerhamomyces_anomalus	1.0
SH131711.07FU_AB100440_reps	k__Fungi;p__Basidiomycota;c__Tremellomycetes;o__Tremellales;f__Tremellales_fam_Incertae_sedis;g__Auriculibuller;s__Auriculibuller_sp	1.0
SH088416.07FU_GU327433_reps	k__Fungi;p__Ascomycota;c__Dothideomycetes;o__Pleosporales;f__Pleosporales_fam_Incertae_sedis;g__Pyrenochaeta;s__Pyrenochaeta_nobilis	1.0
SH093573.07FU_UDB015456_refs	Unassigned	0.0
SH079575.07FU_UDB015445_refs	k__Fungi;p__Basidiomycota;c__Agaricomycetes;o__Boletales;f__Suillaceae;g__Suillus;s__Suillus_cavipes	1.0
SH114395.07FU_AB110693_reps	k__Fungi;p__Basidiomycota;c__Tremellomycetes;o__Tremellales;f__Tremellales_fam_Incertae_sedis;g__Cryptococcus;s__Cryptococcus_sp	1.0
SH109040.07FU_JF681963_reps	k__Fungi;p__Ascomycota;c__Sordariomycetes;o__Diaporthales;f__Togniniaceae;g__Phaeoacremonium;s__Phaeoacremonium_rubrigenum	1.0
SH087290.07FU_AJ608980_reps	k__Fungi;p__Ascomycota;c__Dothideomycetes;o__Pleosporales;f__Pleosporales_fam_Incertae_sedis;g__Phoma;s__Phoma_sp	1.0
SH078736.07FU_KC618709_reps	k__Fungi;p__Ascomycota;c__Pezizomycetes;o__Pezizales;f__Tuberaceae;g__Tuber;s__Tuber_separans	1.0
SH538474.07FU_KF691783_reps	k__Fungi;p__Ascomycota;c__Lecanoromycetes;o__Teloschistales;f__Physciaceae;g__Physcia;s__Physcia_stellaris	1.0
SH120359.07FU_FM205749_reps	Unassigned	0.0
SH130221.07FU_UDB016375_refs	k__Fungi;p__Basidiomycota;c__Agaricomycetes;o__Russulales;f__Auriscalpiaceae;g__Auriscalpium;s__Auriscalpium_vulgare	1.0
SH134092.07FU_KC992951_refs	k__Fungi;p__Basidiomycota;c__Agaricomycetes;o__Agaricales;f__Psathyrellaceae;g__Homophron;s__Homophron_cernuum	1.0
SH101783.07FU_UDB019548_reps	k__Fungi;p__Basidiomycota;c__Agaricomycetes;o__Auriculariales;f__Auriculariales_fam_Incertae_sedis;g__Auricularia;s__Auricularia_sp	1.0
SH541039.07FU_KJ417254_reps	k__Fungi;p__Basidiomycota;c__Agaricomycetes;o__Agaricales;f__Mycenaceae;g__Xeromphalina;s__Xeromphalina_sp	1.0
SH087862.07FU_GQ913385_refs	k__Fungi;p__Basidiomycota;c__Agaricomycetes;o__Agaricales;f__Physalacriaceae;g__Xerula;s__Xerula_sp	1.0
SH089120.07FU_KF730819_reps	k__Fungi;p__Ascomycota;c__Pezizomycotina_cls_Incertae_sedis;o__Pezizomycotina_ord_Incertae_sedis;f__Pezizomycotina_fam_Incertae_sedis;g__Fontanospora;s__Fontanospora_eccentrica	1.0
SH082154.07FU_JX968217_reps	k__Fungi;p__Basidiomycota;c__Agaricomycetes;o__Agaricales;f__Inocybaceae;g__Crepidotus;s__Crepidotus_applanatus	1.0
SH127220.07FU_GU055617_reps	k__Fungi;p__Ascomycota;c__Pezizomycetes;o__Pezizales;f__Pyronemataceae;g__Otidea;s__Otidea_alutacea	1.0
SH118050.07FU_EF373560_reps	k__Fungi;p__Ascomycota;c__Lecanoromycetes;o__Lecanorales;f__Parmeliaceae;g__Ahtiana;s__Ahtiana_sphaerosporella	1.0
SH133505.07FU_EF669714_reps	k__Fungi;p__Ascomycota;c__Eurotiomycetes;o__Eurotiales;f__Trichocomaceae;g__Penicillium;s__Penicillium_sp	1.0
SH537787.07FU_KT695372_reps	k__Fungi;p__Ascomycota;c__Pezizomycotina_cls_Incertae_sedis;o__Pezizomycotina_ord_Incertae_sedis;f__Pezizomycotina_fam_Incertae_sedis;g__Coleophoma;s__Coleophoma_empetri	1.0
SH105769.07FU_HQ021865_reps	k__Fungi;p__Basidiomycota;c__Agaricomycetes;o__Agaricales;f__Clavariaceae;g__Clavaria;s__Clavaria_falcata	1.0
SH096877.07FU_UDB015530_refs	Unassigned	0.0
SH129213.07FU_UDB011425_refs	k__Fungi;p__Basidiomycota;c__Agaricomycetes;o__Agaricales;f__Psathyrellaceae;g__Coprinellus;s__Coprinellus_sp	1.0
SH099798.07FU_HQ287306_reps	k__Fungi;p__Ascomycota;c__Leotiomycetes;o__Helotiales;f__Helotiales_fam_Incertae_sedis;g__Phacidiella;s__Phacidiella_eucalypti	1.0
SH083932.07FU_UDB011590_refs	k__Fungi;p__Basidiomycota;c__Agaricomycetes;o__Agaricales;f__Tricholomataceae;g__Clitocybe;s__Clitocybe_metachroides	1.0
SH538026.07FU_KT156693_reps	k__Fungi;p__Basidiomycota;c__Agaricomycetes;o__Polyporales;f__Fomitopsidaceae;g__Fomitopsis;s__Fomitopsis_castanea	1.0
SH120892.07FU_KF227845_reps	k__Fungi;p__Ascomycota;c__Dothideomycetes;o__Botryosphaeriales;f__Botryosphaeriaceae;g__Phyllosticta;s__Phyllosticta_cordylinophila	1.0
SH552466.07FU_KT805131_reps	k__Fungi;p__Ascomycota;c__Lecanoromycetes;o__Teloschistales;f__Teloschistaceae;g__Caloplaca;s__Caloplaca_sp	1.0
SH108637.07FU_JQ991644_reps	k__Fungi;p__Ascomycota;c__Lecanoromycetes;o__Teloschistales;f__Teloschistaceae;g__Caloplaca;s__Caloplaca_aractina	1.0
SH118839.07FU_JN585950_reps	k__Fungi;p__Ascomycota;c__Dothideomycetes;o__Pleosporales;f__Phaeosphaeriaceae;g__Parastagonospora;s__Parastagonospora_sp	1.0
SH079749.07FU_JX093786_refs	Unassigned	0.0
SH103496.07FU_HQ692590_reps	k__Fungi;p__Ascomycota;c__Sordariomycetes;o__Xylariales;f__Diatrypaceae;g__Diatrype;s__Diatrype_oregonensis	1.0
SH119850.07FU_HM488750_refs	k__Fungi;p__Basidiomycota;c__Agaricomycetes;o__Agaricales;f__Agaricaceae;g__Chlorophyllum;s__Chlorophyllum_hortense	1.0
SH085509.07FU_EF029220_reps	k__Fungi;p__Ascomycota;c__Sordariomycetes;o__Chaetosphaeriales;f__Chaetosphaeriaceae;g__Chaetosphaeria;s__Chaetosphaeria_sp	1.0
SH080321.07FU_KJ663836_refs	k__Fungi;p__Ascomycota;c__Lecanoromycetes;o__Lecanorales;f__Lecanoraceae;g__Lecanora;s__Lecanora_hagenii	1.0
SH125904.07FU_UDB011670_refs	Unassigned	0.0
SH086884.07FU_AF210677_refs	k__Fungi;p__Ascomycota;c__Sordariomycetes;o__Hypocreales;f__Nectriaceae;g__Cosmospora;s__Cosmospora_sp	1.0
SH118155.07FU_AF072227_reps	k__Fungi;p__Ascomycota;c__Lecanoromycetes;o__Lecanorales;f__Parmeliaceae;g__Ahtiana;s__Ahtiana_sphaerosporella	1.0
SH094264.07FU_UDB018834_refs	k__Fungi;p__Basidiomycota;c__Agaricomycetes;o__Agaricales;f__Tricholomataceae;g__Clitocybe;s__Clitocybe_phyllophila	1.0
SH106254.07FU_JX290073_refs	k__Fungi;p__Basidiomycota;c__Agaricomycetes;o__Polyporales;f__Ganodermataceae;g__Ganoderma;s__Ganoderma_lucidum	1.0
SH088755.07FU_AB811863_reps	k__Fungi;p__Basidiomycota;c__Agaricomycetes;o__Hymenochaetales;f__Hymenochaetaceae;g__Phellinus;s__Phellinus_viticola	1.0
SH108443.07FU_KJ522475_reps	k__Fungi;p__Ascomycota;c__Dothideomycetes;o__Pleosporales;f__Phaeosphaeriaceae;g__Phaeosphaeria;s__Phaeosphaeria_caricicola	1.0
SH117834.07FU_DQ990017_refs	k__Fungi;p__Basidiomycota;c__Exobasidiomycetes;o__Microstromatales;f__Microstromatales_fam_Incertae_sedis;g__Jaminaea;s__Jaminaea_angkorensis	1.0
SH123747.07FU_KP162134_refs	k__Fungi;p__Ascomycota;c__Sordariomycetes;o__Hypocreales;f__Nectriaceae;g__Fusarium;s__Fusarium_sp	1.0
SH089129.07FU_FJ430779_refs	k__Fungi;p__Ascomycota;c__Pezizomycotina_cls_Incertae_sedis;o__Pezizomycotina_ord_Incertae_sedis;f__Pezizomycotina_fam_Incertae_sedis;g__Fontanospora;s__Fontanospora_eccentrica	1.0
SH128761.07FU_AB385698_reps	Unassigned	0.0
SH111835.07FU_KC834047_refs	k__Fungi;p__Ascomycota;c__Leotiomycetes;o__Helotiales;f__Helotiaceae;g__Varicosporium;s__Varicosporium_delicatum	1.0
SH133702.07FU_JF728247_reps	k__Fungi;p__Basidiomycota;c__Tremellomycetes;o__Tremellales;f__Tremellales_fam_Incertae_sedis;g__Cryptococcus;s__Cryptococcus_dimennae	1.0
SH098725.07FU_JQ002681_refs	k__Fungi;p__Basidiomycota;c__Tremellomycetes;o__Cystofilobasidiales;f__Cystofilobasidiales_fam_Incertae_sedis;g__Mrakiella;s__Mrakiella_sp	1.0
SH077631.07FU_KC176297_reps	k__Fungi;p__Basidiomycota;c__Agaricomycetes;o__Polyporales;f__Ganodermataceae;g__Ganoderma;s__Ganoderma_perzonatum	1.0
SH118873.07FU_UDB011622_refs	Unassigned	0.0
SH112401.07FU_AM410670_refs	k__Fungi;p__Ascomycota;c__Dothideomycetes;o__Pleosporales;f__Sporormiaceae;g__Westerdykella;s__Westerdykella_sp	1.0
SH088415.07FU_KJ463525_reps	k__Fungi;p__Ascomycota;c__Dothideomycetes;o__Pleosporales;f__Pleosporales_fam_Incertae_sedis;g__Pyrenochaeta;s__Pyrenochaeta_keratinophila	1.0
SH094907.07FU_AY672920_reps	k__Fungi;p__Basidiomycota;c__Agaricomycetes;o__Russulales;f__Peniophoraceae;g__Peniophora;s__Peniophora_laxitexta	1.0
SH119258.07FU_KF730837_reps	Unassigned	0.0
SH094255.07FU_JX432963_refs	k__Fungi;p__Basidiomycota;c__Exobasidiomycetes;o__Exobasidiales;f__Exobasidiaceae;g__Exobasidium;s__Exobasidium_kishianum	1.0
SH111020.07FU_EU149921_reps	k__Fungi;p__Ascomycota;c__Sordariomycetes;o__Hypocreales;f__Ophiocordycipitaceae;g__Polycephalomyces;s__Polycephalomyces_sp	1.0
SH093499.07FU_JQ409460_reps	k__Fungi;p__Basidiomycota;c__Agaricomycetes;o__Polyporales;f__Fomitopsidaceae;g__Postia;s__Postia_undosa	1.0
SH089754.07FU_EF464583_reps	k__Fungi;p__Ascomycota;c__Sordariomycetes;o__Hypocreales;f__Nectriaceae;g__Nectria;s__Nectria_sp	1.0
SH536964.07FU_KP676121_reps	k__Fungi;p__Ascomycota;c__Dothideomycetes;o__Pleosporales;f__Pleosporaceae;g__Alternaria;s__Alternaria_helianthiinficiens	1.0
SH096517.07FU_JN206229_refs	k__Fungi;p__Zygomycota;c__Mucoromycotina_cls_Incertae_sedis;o__Mucorales;f__Choanephoraceae;g__Choanephora;s__Choanephora_infundibulifera	1.0
SH134149.07FU_HQ446350_reps	k__Fungi;p__Ascomycota;c__Lecanoromycetes;o__Lecanorales;f__Lecanorales_fam_Incertae_sedis;g__Mycobilimbia;s__Mycobilimbia_tetramera	1.0
SH088602.07FU_UDB011763_refs	k__Fungi;p__Basidiomycota;c__Agaricomycetes;o__Agaricales;f__Omphalotaceae;g__Gymnopus;s__Gymnopus_aquosus	1.0
SH090336.07FU_KJ780585_reps	k__Fungi;p__Basidiomycota;c__Agaricomycetes;o__Atheliales;f__Atheliaceae;g__Cora;s__Cora_arachnoidea	1.0
SH095133.07FU_EU697275_reps	k__Fungi;p__Basidiomycota;c__Agaricomycetes;o__Russulales;f__Albatrellaceae;g__Leucogaster;s__Leucogaster_citrinus	1.0
SH079988.07FU_JQ723140_reps	k__Fungi;p__Ascomycota;c__Dothideomycetes;o__Dothideomycetes_ord_Incertae_sedis;f__Dothideomycetes_fam_Incertae_sedis;g__Peltaster;s__Peltaster_cerophilus	1.0
SH080607.07FU_AF336138_reps	k__Fungi;p__Zygomycota;c__Mortierellomycotina_cls_Incertae_sedis;o__Mortierellales;f__Mortierellaceae;g__Mortierella;s__Mortierella_sp	1.0
SH086318.07FU_UDB016823_refs	k__Fungi;p__Basidiomycota;c__Agaricomycetes;o__Thelephorales;f__Thelephoraceae;g__Polyozellus;s__Polyozellus_sp	1.0
SH102213.07FU_AY509802_reps	k__Fungi;p__Ascomycota;c__Lecanoromycetes;o__Lecanorales;f__Tephromelataceae;g__Tephromela;s__Tephromela_atra	1.0
SH113775.07FU_UDB016315_refs	Unassigned	0.0
SH539685.07FU_KP191919_reps	k__Fungi;p__Basidiomycota;c__Agaricomycetes;o__Agaricales;f__Hydnangiaceae;g__Laccaria;s__Laccaria_sp	1.0
SH116001.07FU_KP641179_refs	k__Fungi;p__Ascomycota;c__Dothideomycetes;o__Dothideales;f__Dothioraceae;g__Kabatina;s__Kabatina_thujae	1.0
SH127189.07FU_UDB017676_reps	k__Fungi;p__Basidiomycota;c__Agaricomycetes;o__Agaricales;f__Clavariaceae;g__Clavaria;s__Clavaria_sp	1.0
SH129527.07FU_JF832620_reps	k__Fungi;p__Ascomycota;c__Sordariomycetes;o__Hypocreales;f__Nectriaceae;g__Pleonectria;s__Pleonectria_boothii	1.0
SH125807.07FU_AB056132_reps	k__Fungi;p__Ascomycota;c__Saccharomycetes;o__Saccharomycetales;f__Saccharomycetaceae;g__Vanderwaltozyma;s__Vanderwaltozyma_polyspora	1.0
SH088363.07FU_KF725734_reps	k__Fungi;p__Ascomycota;c__Leotiomycetes;o__Helotiales;f__Rutstroemiaceae;g__Rutstroemia;s__Rutstroemia_firma	1.0
SH077673.07FU_AF046223_reps	Unassigned	0.0
SH124856.07FU_AY095102_reps	k__Fungi;p__Ascomycota;c__Orbiliomycetes;o__Orbiliales;f__Orbiliaceae;g__Arthrobotrys;s__Arthrobotrys_microscaphoides	1.0
SH543193.07FU_KM371453_reps	k__Fungi;p__Ascomycota;c__Lecanoromycetes;o__Lecanorales;f__Lecanorales_fam_Incertae_sedis;g__Botryolepraria;s__Botryolepraria_lesdainii	1.0
SH081747.07FU_JN206059_refs	k__Fungi;p__Zygomycota;c__Mucoromycotina_cls_Incertae_sedis;o__Mucorales;f__Mucoraceae;g__Mucor;s__Mucor_aligarensis	1.0
SH128134.07FU_KC338994_reps	k__Fungi;p__Ascomycota;c__Sordariomycetes;o__Hypocreales;f__Nectriaceae;g__Xenoacremonium;s__Xenoacremonium_recifei	1.0
