JF715197	Root;Saccharomycetes;Saccharomycetales;Pichiaceae;Issatchenkia;Issatchenkia_sp_YS16A	1.00	1
New.CleanUp.ReferenceOTU34	Unassigned	1.00	1
New.CleanUp.ReferenceOTU185	Unassigned	1.00	1
New.CleanUp.ReferenceOTU184	Root;Saccharomycetes;Saccharomycetales;Dipodascaceae;Galactomyces;Galactomyces_geotrichum	1.00	1
New.CleanUp.ReferenceOTU180	Root;Saccharomycetes;Saccharomycetales;Dipodascaceae;Galactomyces;Galactomyces_geotrichum	1.00	1
New.CleanUp.ReferenceOTU78	Root;Saccharomycetes;Saccharomycetales;Dipodascaceae;Galactomyces;Galactomyces_sp_BPY_54	1.00	1
New.CleanUp.ReferenceOTU136	Root;Saccharomycetes;Saccharomycetales;Dipodascaceae;Galactomyces;Galactomyces_geotrichum	1.00	1
New.CleanUp.ReferenceOTU138	Root;Saccharomycetes;Saccharomycetales;Incertae_sedis;Candida;Candida_catenulata	1.00	1
New.ReferenceOTU1	Root;Saccharomycetes;Saccharomycetales;Dipodascaceae;Galactomyces;Galactomyces_geotrichum	1.00	1
New.ReferenceOTU2	Root;Saccharomycetes;Saccharomycetales;Dipodascaceae;Galactomyces;Galactomyces_geotrichum	1.00	1
New.ReferenceOTU3	Unassigned	1.00	1
New.ReferenceOTU4	Root;Saccharomycetes;Saccharomycetales;Dipodascaceae;Galactomyces;Galactomyces_geotrichum	1.00	1
New.ReferenceOTU5	Root;Saccharomycetes;Saccharomycetales;Dipodascaceae;Galactomyces;Galactomyces_geotrichum	1.00	1
New.ReferenceOTU6	Unassigned	1.00	1
New.ReferenceOTU7	Root;Saccharomycetes;Saccharomycetales;Dipodascaceae;Galactomyces;Galactomyces_geotrichum	1.00	1
GU370744	Unassigned	1.00	1
New.CleanUp.ReferenceOTU25	Root;Saccharomycetes;Saccharomycetales;Dipodascaceae;Galactomyces;Galactomyces_geotrichum	1.00	1
JF439501	Root;Eurotiomycetes;Eurotiales;Trichocomaceae;Penicillium;Penicillium_sp_MU_2009_1	1.00	1
New.CleanUp.ReferenceOTU191	Root;Saccharomycetes;Saccharomycetales;Dipodascaceae;Galactomyces;Galactomyces_geotrichum	1.00	1
New.CleanUp.ReferenceOTU105	Root;Saccharomycetes;Saccharomycetales;Dipodascaceae;Galactomyces;Galactomyces_geotrichum	1.00	1
New.CleanUp.ReferenceOTU104	Unassigned	1.00	1
New.CleanUp.ReferenceOTU107	Root;Sordariomycetes;Hypocreales;Nectriaceae;Fusarium;Fusarium_sp_MI_17	1.00	1
New.CleanUp.ReferenceOTU106	Root;Saccharomycetes;Saccharomycetales;Dipodascaceae;Galactomyces;Galactomyces_sp_BPY_54	1.00	1
JF449887	Root;Incertae_sedis;Incertae_sedis;Incertae_sedis;Ilyonectria;Ilyonectria_robusta	1.00	1
New.CleanUp.ReferenceOTU109	Root;Saccharomycetes;Saccharomycetales;Pichiaceae;Issatchenkia;Issatchenkia_sp_YS16A	1.00	1
New.CleanUp.ReferenceOTU95	Unassigned	1.00	1
FJ466715	Root;Sordariomycetes;Hypocreales;Nectriaceae;Nectria;Nectria_eustromatica	1.00	1
JN905480	Root;Sordariomycetes;Hypocreales;Nectriaceae;Fusarium;Fusarium_sp_CBS_119875	1.00	1
GQ229082	Root;Eurotiomycetes;Eurotiales;Trichocomaceae;Aspergillus;Aspergillus_unguis	1.00	1
New.CleanUp.ReferenceOTU15	Root;Saccharomycetes;Saccharomycetales;Dipodascaceae;Galactomyces;Galactomyces_geotrichum	1.00	1
New.CleanUp.ReferenceOTU16	Unassigned	1.00	1
AB236002	Root;Saccharomycetes;Saccharomycetales;Pichiaceae;Pichia;Pichia_burtonii	1.00	1
HQ589260	Root;Saccharomycetes;Saccharomycetales;Pichiaceae;Issatchenkia;Issatchenkia_sp_YS16A	1.00	1
JF907594	Root;Saccharomycetes;Saccharomycetales;Dipodascaceae;Galactomyces;Galactomyces_geotrichum	1.00	1
DQ681335	Root;Eurotiomycetes;Eurotiales;Trichocomaceae;Penicillium;Penicillium_brevicompactum	1.00	1
New.CleanUp.ReferenceOTU142	Root;Saccharomycetes;Saccharomycetales;Dipodascaceae;Galactomyces;Galactomyces_geotrichum	1.00	1
New.CleanUp.ReferenceOTU90	Unassigned	1.00	1
EF199746	Root;Saccharomycetes;Saccharomycetales;Incertae_sedis;Candida;Candida_catenulata	1.00	1
New.CleanUp.ReferenceOTU110	Root;Saccharomycetes;Saccharomycetales;Saccharomycetaceae;Debaryomyces;Debaryomyces_hansenii	1.00	1
New.CleanUp.ReferenceOTU111	Root;Saccharomycetes;Saccharomycetales;Dipodascaceae;Galactomyces;Galactomyces_geotrichum	1.00	1
New.CleanUp.ReferenceOTU94	Unassigned	1.00	1
New.CleanUp.ReferenceOTU117	Root;Saccharomycetes;Saccharomycetales;Dipodascaceae;Galactomyces;Galactomyces_geotrichum	1.00	1
EU490021	Root;Sordariomycetes;Hypocreales;Nectriaceae;Fusarium;Fusarium_sp_GrS5	1.00	1
FJ196614	Root;Sordariomycetes;Hypocreales;Nectriaceae;Nectria;Nectria_sp_FTJZZJ06	1.00	1
FR799498	Root;Eurotiomycetes;Eurotiales;Trichocomaceae;Penicillium;Penicillium_brevicompactum	1.00	1
HM037662	Root;Saccharomycetes;Saccharomycetales;Dipodascaceae;Galactomyces;Galactomyces_sp_BPY_54	1.00	1
New.CleanUp.ReferenceOTU44	Unassigned	1.00	1
FM875842	Root;Saccharomycetes;Saccharomycetales;Saccharomycetaceae;Debaryomyces;Debaryomyces_hansenii	1.00	1
New.CleanUp.ReferenceOTU169	Root;Saccharomycetes;Saccharomycetales;Dipodascaceae;Galactomyces;Galactomyces_sp_BPY_54	1.00	1
New.CleanUp.ReferenceOTU83	Root;Saccharomycetes;Saccharomycetales;Pichiaceae;Issatchenkia;Issatchenkia_sp_YS16A	1.00	1
New.CleanUp.ReferenceOTU162	Unassigned	1.00	1
New.CleanUp.ReferenceOTU81	Unassigned	1.00	1
EU551202	Root;Eurotiomycetes;Eurotiales;Trichocomaceae;Penicillium;Penicillium_brevicompactum	1.00	1
New.CleanUp.ReferenceOTU6	Root;Saccharomycetes;Saccharomycetales;Dipodascaceae;Galactomyces;Galactomyces_geotrichum	1.00	1
GU934594	Root;Eurotiomycetes;Eurotiales;Trichocomaceae;Penicillium;Penicillium_brevicompactum	1.00	1
New.CleanUp.ReferenceOTU5	Unassigned	1.00	1
New.CleanUp.ReferenceOTU2	Root;Sordariomycetes;Hypocreales;Nectriaceae;Fusarium;Fusarium_sp_MI_17	1.00	1
EF397557	Root;Sordariomycetes;Hypocreales;Nectriaceae;Fusarium;Fusarium_sp_MI_17	1.00	1
HQ827787	Root;Eurotiomycetes;Eurotiales;Trichocomaceae;Penicillium;Penicillium_janthinellum	1.00	1
New.CleanUp.ReferenceOTU9	Unassigned	1.00	1
AM410602	Root;Sordariomycetes;Hypocreales;Nectriaceae;Fusarium;Fusarium_sp_LL_X4	1.00	1
New.CleanUp.ReferenceOTU72	Unassigned	1.00	1
GQ458026	Root;Eurotiomycetes;Eurotiales;Trichocomaceae;Penicillium;Penicillium_sp_MU_2009_1	1.00	1
New.CleanUp.ReferenceOTU71	Unassigned	1.00	1
New.CleanUp.ReferenceOTU179	Root;Saccharomycetes;Saccharomycetales;Pichiaceae;Issatchenkia;Issatchenkia_sp_YS16A	1.00	1
New.CleanUp.ReferenceOTU174	Root;Saccharomycetes;Saccharomycetales;Dipodascaceae;Galactomyces;Galactomyces_geotrichum	1.00	1
New.CleanUp.ReferenceOTU175	Root;Saccharomycetes;Saccharomycetales;Pichiaceae;Issatchenkia;Issatchenkia_sp_YS16A	1.00	1
New.CleanUp.ReferenceOTU176	Unassigned	1.00	1
New.CleanUp.ReferenceOTU170	Unassigned	1.00	1
DQ683114	Root;Saccharomycetes;Saccharomycetales;Dipodascaceae;Galactomyces;Galactomyces_geotrichum	1.00	1
GU566244	Root;Eurotiomycetes;Eurotiales;Trichocomaceae;Penicillium;Penicillium_sp_GZU_BCECYN45_1	1.00	1
JF720033	Root;Saccharomycetes;Saccharomycetales;Saccharomycetaceae;Debaryomyces;Debaryomyces_hansenii	1.00	1
New.CleanUp.ReferenceOTU61	Unassigned	1.00	1
New.CleanUp.ReferenceOTU60	Root;Saccharomycetes;Saccharomycetales;Incertae_sedis;Candida;Candida_catenulata	1.00	1
New.CleanUp.ReferenceOTU62	Root;Saccharomycetes;Saccharomycetales;Incertae_sedis;Candida;Candida_catenulata	1.00	1
New.CleanUp.ReferenceOTU145	Root;Saccharomycetes;Saccharomycetales;Dipodascaceae;Galactomyces;Galactomyces_geotrichum	1.00	1
FM177661	Root;Saccharomycetes;Saccharomycetales;Pichiaceae;Pichia;Pichia_kudriavzevii	1.00	1
GQ999201	Root;Eurotiomycetes;Eurotiales;Trichocomaceae;Penicillium;Penicillium_concentricum	1.00	1
New.CleanUp.ReferenceOTU54	Root;Saccharomycetes;Saccharomycetales;Dipodascaceae;Galactomyces;Galactomyces_geotrichum	1.00	1
GQ376077	Root;Saccharomycetes;Saccharomycetales;Saccharomycetaceae;Kluyveromyces;Kluyveromyces_lactis	1.00	1
New.CleanUp.ReferenceOTU51	Root;Saccharomycetes;Saccharomycetales;Pichiaceae;Issatchenkia;Issatchenkia_sp_YS16A	1.00	1
New.CleanUp.ReferenceOTU150	Unassigned	1.00	1
HM069364	Root;Sordariomycetes;Hypocreales;Nectriaceae;Fusarium;Fusarium_sp_MI_17	1.00	1
JN905595	Root;Sordariomycetes;Hypocreales;Nectriaceae;Fusarium;Fusarium_sp_ela1	1.00	1
New.CleanUp.ReferenceOTU58	Root;Saccharomycetes;Saccharomycetales;Incertae_sedis;Candida;Candida_catenulata	1.00	1
New.CleanUp.ReferenceOTU48	Root;Saccharomycetes;Saccharomycetales;Incertae_sedis;Candida;Candida_catenulata	1.00	1
New.CleanUp.ReferenceOTU43	Unassigned	1.00	1
New.CleanUp.ReferenceOTU40	Root;Sordariomycetes;Microascales;Microascaceae;Scopulariopsis;Scopulariopsis_sp_2468	1.00	1
GU054037	Root;Sordariomycetes;Microascales;Microascaceae;Scopulariopsis;Scopulariopsis_sp_2468	1.00	1
HQ115737	Unassigned	1.00	1
New.CleanUp.ReferenceOTU123	Root;Saccharomycetes;Saccharomycetales;Incertae_sedis;Candida;Candida_catenulata	1.00	1
New.CleanUp.ReferenceOTU124	Unassigned	1.00	1
New.CleanUp.ReferenceOTU82	Unassigned	1.00	1
FJ777353	Root;Sordariomycetes;Hypocreales;Nectriaceae;Fusarium;Fusarium_sp_469	1.00	1
