AF224395	Root;Ascomycota;Lecanoromycetes;Teloschistales;Physciaceae;Rinodina;Rinodina_septentrionalis	1.00	1
FN547645	Root;Glomeromycota;Glomeromycetes;Glomerales;Glomeraceae;Glomus;Glomus_aurantium	1.00	1
U57988	Root;Ascomycota;Leotiomycetes;Helotiales;Hyaloscyphaceae;Lachnum;Lachnum_virgineum	1.00	1
EU819445	Root;Basidiomycota;Tremellomycetes;Tremellales;Exidiaceae;Sebacina;Sebacina	1.00	1
AF479669	Root;Basidiomycota;Agaricomycetes;Hymenochaetales;Schizoporaceae;Oxyporus;Irpex_vellereus	1.00	1
EU293816	Unassigned	1.00	1
HQ650647	Unassigned	1.00	1
AF291284	Root;Basidiomycota;Tremellomycetes;Tremellales;Exidiaceae;Sebacina;Sebacina_calcea	1.00	1
GQ254687	Unassigned	1.00	1
FJ372685	Root;Basidiomycota;Agaricomycetes;Polyporales;Polyporaceae;Trametes;Trametes_punicea	1.00	1
GU062254	Root;Ascomycota;Dothideomycetes;Capnodiales;Mycosphaerellaceae;Mycosphaerella;Ascochyta_pinodes	1.00	1
AY367612	Root;Basidiomycota;Agaricomycetes;Agaricales;Tricholomataceae;Apterostigma_calverti_fungal_symbiont_s2;Apterostigma_calverti_fungal_symbiont_s2	1.00	1
GQ919276	Root;Ascomycota;Lecanoromycetes;Lecanorales;Parmeliaceae;Remototrachyna_costaricensis;Remototrachyna_costaricensis	1.00	1
AB361643	Unassigned	1.00	1
FJ594063	Root;Basidiomycota;Agaricomycetes;Polyporales;Meruliaceae;Flavodon;Flavodon_flavus	1.00	1
AB509853	Unassigned	1.00	1
FJ914687	Root;Ascomycota;Sordariomycetes;Microascales;Microascaceae;Doratomyces;Doratomyces_verrucisporus	1.00	1
DQ923529	Root;Ascomycota;Dothideomycetes;Capnodiales;Teratosphaeriaceae;Teratosphaeria;Teratosphaeria_pluritubularis	1.00	1
HM005147	Unassigned	1.00	1
AF345807	Unassigned	1.00	1
DQ001271	Root;Ascomycota;Lecanoromycetes;Lecanorales;Parmeliaceae;Cetrariella;Cetrariella_fastigiata	1.00	1
DQ001273	Unassigned	1.00	1
DQ116558	Unassigned	1.00	1
AF138833	Unassigned	1.00	1
AF033389	Root;Ascomycota;Eurotiomycetes;Eurotiales;Trichocomaceae;Talaromyces;Talaromyces_emersonii	1.00	1
AY046176	Unassigned	1.00	1
AB072233	Root;Basidiomycota;Tremellomycetes;Cystofilobasidiales;Cystofilobasidiaceae;Udeniomyces;Udeniomyces_pannonicus	1.00	1
AJ458187	Root;Ascomycota;Sordariomycetes;Sordariales;Lasiosphaeriaceae;Podospora;Podospora_appendiculata	1.00	1
HQ676140	Unassigned	1.00	1
AJ271430	Root;Ascomycota;Eurotiomycetes;Onygenales;Onygenaceae;Chrysosporium;Chrysosporium_vallenarense	1.00	1
EU669394	Root;Basidiomycota;Agaricomycetes;Russulales;Albatrellaceae;Scutiger;Albatrellus_pes-caprae	1.00	1
EU142917	Root;Ascomycota;Lecanoromycetes;Teloschistales;Teloschistaceae;Xanthoria;Xanthoria_stenophylla	1.00	1
FJ172271	Unassigned	1.00	1
FJ839635	Root;Ascomycota;Dothideomycetes;Capnodiales;Mycosphaerellaceae;Verrucisporota_grevilleae;Verrucisporota_grevilleae	1.00	1
AY916470	Root;Ascomycota;Dothideomycetes;Pleosporales;Tubeufiaceae;Helicoma;Helicoma_violaceum	1.00	1
GQ919278	Root;Ascomycota;Lecanoromycetes;Lecanorales;Parmeliaceae;Hypotrachyna;Hypotrachyna_incognita	1.00	1
AY740153	Root;Basidiomycota;Ustilaginomycetes;Ustilaginales;Ustilaginaceae;Pseudozyma;Pseudozyma_antarctica	1.00	1
AY487968	Unassigned	1.00	1
DQ534469	Root;Ascomycota;Lecanoromycetes;Lecanorales;Parmeliaceae;Kaernefeltia;Kaernefeltia_merrillii	1.00	1
FJ786401	Root;Ascomycota;Dothideomycetes;Botryosphaeriales;Botryosphaeriaceae;Dothiorella;Dothiorella_longicollis	1.00	1
EU552155	Root;Ascomycota;Sordariomycetes;Xylariales;Amphisphaeriaceae;Seimatosporium;Seimatosporium_grevilleae	1.00	1
GU234028	Unassigned	1.00	1
HQ650619	Unassigned	1.00	1
JN053487	Unassigned	1.00	1
HQ650610	Root;Ascomycota;Lecanoromycetes;Lecanorales;Parmeliaceae;Pseudevernia;Pseudevernia_furfuracea	1.00	1
AF394020	Unassigned	1.00	1
JF419897	Root;Ascomycota;Dothideomycetes;Pleosporales;Lindgomycetaceae;Lindgomyces_apiculatus;Lindgomyces_apiculatus	1.00	1
EU852799	Unassigned	1.00	1
AF357037	Root;Basidiomycota;Agaricomycetes;Agaricales;Lyophyllaceae;Tephrocybe;Lyophyllum_atratum	1.00	1
FJ177450	Root;Ascomycota;Sordariomycetes;Hypocreales;Ophiocordycipitaceae;Ophiocordyceps;Ophiocordyceps_myrmecophila	1.00	1
AF444299	Unassigned	1.00	1
AY872281	Unassigned	1.00	1
EU920673	Unassigned	1.00	1
EF120414	Root;Ascomycota;Dothideomycetes;Pleosporales;Sporormiaceae;Preussia;Preussia_africana	1.00	1
FJ904627	Root;Ascomycota;Sordariomycetes;Hypocreales;Hypocreaceae;Sepedonium;Sepedonium_chalcipori	1.00	1
GQ337912	Root;Basidiomycota;Agaricomycetes;Agaricales;Pleurotaceae;Pleurotus;Pleurotus_nebrodensis	1.00	1
U57496	Unassigned	1.00	1
GQ337914	Root;Basidiomycota;Agaricomycetes;Gloeophyllales;Gloeophyllaceae;Gloeophyllum;Gloeophyllum_sepiarium	1.00	1
AF059597	Root;Basidiomycota;Agaricomycetes;Agaricales;Strophariaceae;Weraroa;Weraroa_virescens	1.00	1
EF373566	Root;Ascomycota;Lecanoromycetes;Lecanorales;Parmeliaceae;Cetrariella;Cetrariella_fastigiata	1.00	1
JF908767	Unassigned	1.00	1
EF121862	Root;Ascomycota;Sordariomycetes;Hypocreales;Ophiocordycipitaceae;Ophiocordyceps;Ophiocordyceps_emeiensis	1.00	1
JF908763	Unassigned	1.00	1
EU784156	Root;Ascomycota;Lecanoromycetes;Lecanorales;Parmeliaceae;Melanelixia;Melanelixia_fuliginosa	1.00	1
AB056132	Unassigned	1.00	1
GQ981522	Unassigned	1.00	1
FJ903322	Root;Basidiomycota;Agaricomycetes;Russulales;Stereaceae;Acanthophysium;Acanthophysium_lividocaeruleum	1.00	1
FJ999711	Root;Ascomycota;Dothideomycetes;Capnodiales;Mycosphaerellaceae;Cladosporium;Cladosporium	1.00	1
FJ499393	Unassigned	1.00	1
AY176449	Unassigned	1.00	1
AY652759	Root;Basidiomycota;Pucciniomycetes;Pucciniales;Pucciniaceae;Puccinia;Puccinia_sessilis	1.00	1
GQ169314	Root;Ascomycota;Eurotiomycetes;Eurotiales;Trichocomaceae;Neosartorya;Neosartorya_hiratsukae	1.00	1
EU346953	Unassigned	1.00	1
HQ650711	Unassigned	1.00	1
JF681966	Root;Ascomycota;Sordariomycetes;Diaporthales;Gnomoniaceae;Gnomonia;Gnomonia_rubi	1.00	1
DQ365668	Root;Basidiomycota;Agaricomycetes;Atheliales;Atheliaceae;Amphinema;Amphinema	1.00	1
EF535707	Root;Ascomycota;Dothideomycetes;Capnodiales;Mycosphaerellaceae;Mycosphaerella;Mycosphaerella_eumusae	1.00	1
EU273515	Root;Ascomycota;Sordariomycetes;Hypocreales;Nectriaceae;Neonectria;Neonectria_radicicola	1.00	1
FJ914798	Root;Ascomycota;Lecanoromycetes;Lecanorales;Parmeliaceae;Kaernefeltia;Kaernefeltia_merrillii	1.00	1
GQ229461	Unassigned	1.00	1
UDB011402	Root;Basidiomycota;Agaricomycetes;Agaricales;Physalacriaceae;Paraxerula_americana;Paraxerula_americana	1.00	1
JN865203	Root;Ascomycota;Dothideomycetes;Pleosporales;Tubeufiaceae;Acanthostigma;Acanthostigma_filiforme	1.00	1
JN865201	Root;Ascomycota;Orbiliomycetes;Orbiliales;Orbiliaceae;Helicoon_gigantisporum;Helicoon_gigantisporum	1.00	1
AF405301	Root;Ascomycota;Sordariomycetes;Xylariales;Amphisphaeriaceae;Pestalotiopsis;Pestalotiopsis_besseyi	1.00	1
AB524805	Root;Ascomycota;Dothideomycetes;Pleosporales;Tetraplosphaeriaceae;Tetraplosphaeria;Tetraplosphaeria_yakushimensis	1.00	1
UDB003318	Unassigned	1.00	1
DQ875354	Unassigned	1.00	1
DQ875356	Root;Basidiomycota;Ustilaginomycetes;Urocystidales;Urocystidaceae;Vankya;Vankya_heufleri	1.00	1
EU047803	Root;Basidiomycota;Agaricomycetes;Polyporales;Phanerochaetaceae;Ceraceomyces;Ceraceomyces_americanus	1.00	1
AJ271578	Root;Ascomycota;Sordariomycetes;Sordariales;Chaetomiaceae;Chaetomium;Chaetomium_globosum	1.00	1
EF527210	Unassigned	1.00	1
EF026128	Unassigned	1.00	1
HM484865	Root;Ascomycota;Sordariomycetes;Hypocreales;Bionectriaceae;Sesquicillium;Sesquicillium_microsporum	1.00	1
FJ627252	Root;Basidiomycota;Agaricomycetes;Polyporales;Polyporaceae;Trametes;Trametes_hirsuta	1.00	1
AF098410	Unassigned	1.00	1
EU644702	Root;Basidiomycota;Agaricomycetes;Russulales;Russulaceae;Lactarius;Lactarius_cremor	1.00	1
EU784265	Root;Basidiomycota;Agaricomycetes;Russulales;Hericiaceae;Creolophus;Creolophus_cirrhatus	1.00	1
AJ301962	Root;Ascomycota;Eurotiomycetes;Chaetothyriales;Herpotrichiellaceae;Phialophora;Phialophora_geniculata	1.00	1
HE611486	Unassigned	1.00	1
GU322457	Root;Ascomycota;Sordariomycetes;Xylariales;Xylariaceae;Rosellinia;Rosellinia_necatrix	1.00	1
GQ913410	Root;Basidiomycota;Agaricomycetes;Agaricales;Marasmiaceae;Xerula;Xerula_furfuracea	1.00	1
FJ904677	Unassigned	1.00	1
EF600943	Root;Ascomycota;Dothideomycetes;Myriangiales;Elsinoaceae;Elsinoe;Elsinoe_proteae	1.00	1
FJ827711	Unassigned	1.00	1
AF444318	Root;Basidiomycota;Tremellomycetes;Tremellales;Cuniculitremaceae;Cuniculitrema;Cuniculitrema_polymorpha	1.00	1
HQ897807	Root;Ascomycota;Sordariomycetes;Hypocreales;Nectriaceae;Fusarium;Fusarium_ciliatum	1.00	1
FJ627262	Root;Ascomycota;Dothideomycetes;Pleosporales;Leptosphaeriaceae;Coniothyrium;Coniothyrium_nitidae	1.00	1
AF506423	Root;Basidiomycota;Agaricomycetes;Russulales;Stereaceae;Laxitextum;Laxitextum_bicolor	1.00	1
AB278192	Unassigned	1.00	1
DQ641634	Unassigned	1.00	1
AF224333	Unassigned	1.00	1
EU598203	Root;Basidiomycota;Agaricomycetes;Agaricales;Marasmiaceae;Oudemansiella;Oudemansiella_mucida	1.00	1
EU697239	Root;Basidiomycota;Agaricomycetes;Boletales;Gomphidiaceae;Chroogomphus;Chroogomphus_rutilus	1.00	1
U19954	Unassigned	1.00	1
GU479900	Root;Ascomycota;Sordariomycetes;Hypocreales;Nectriaceae;Flagellospora;Flagellospora_penicillioides	1.00	1
EU784392	Unassigned	1.00	1
EU266087	Root;Ascomycota;Lecanoromycetes;Acarosporales;Acarosporaceae;Glypholecia;Glypholecia_scabra	1.00	1
AY150225	Unassigned	1.00	1
AF484690	Unassigned	1.00	1
GQ927253	Unassigned	1.00	1
AY548802	Unassigned	1.00	1
AF377299	Root;Ascomycota;Sordariomycetes;Xylariales;Amphisphaeriaceae;Pestalotiopsis;Pestalotiopsis_funerea	1.00	1
FJ515891	Root;Ascomycota;Leotiomycetes;Helotiales;Sclerotiniaceae;Botryotinia;Botryotinia_fuckeliana	1.00	1
EF363683	Root;Ascomycota;Sordariomycetes;Hypocreales;Clavicipitaceae;Claviceps;Claviceps_sorghicola	1.00	1
DQ536501	Unassigned	1.00	1
AB278196	Unassigned	1.00	1
EF652086	Root;Ascomycota;Eurotiomycetes;Eurotiales;Trichocomaceae;Penicillium;Penicillium_decumbens	1.00	1
AY833058	Root;Ascomycota;Leotiomycetes;Helotiales;Helotiaceae;Heyderia_;Heyderia_abietis	1.00	1
EU673340	Root;Ascomycota;Dothideomycetes;Botryosphaeriales;Botryosphaeriaceae;Sphaeropsis;Diplodia_pinea	1.00	1
FJ380944	Root;Ascomycota;Orbiliomycetes;Orbiliales;Orbiliaceae;Arthrobotrys;Arthrobotrys_gephyropaga	1.00	1
DQ202516	Root;Ascomycota;Leotiomycetes;Helotiales;Helotiaceae;Articulospora;Articulospora_atra	1.00	1
EF369523	Root;Ascomycota;Eurotiomycetes;Verrucariales;Verrucariaceae;Bagliettoa;Verrucaria_baldensis	1.00	1
AY793430	Root;Ascomycota;Sordariomycetes;Hypocreales;Nectriaceae;Cylindrocladium;Cylindrocladium_quinqueseptatum	1.00	1
HM488751	Unassigned	1.00	1
AJ131785	Root;Ascomycota;Eurotiomycetes;Onygenales;Onygenaceae;Chrysosporium;Chrysosporium_articulatum	1.00	1
GQ500919	Root;Ascomycota;Lecanoromycetes;Lecanorales;Cladoniaceae;Cladonia;Cladonia_uncialis_subsp_biuncialis	1.00	1
GQ225699	Unassigned	1.00	1
JF706309	Unassigned	1.00	1
EU744915	Root;Basidiomycota;Pucciniomycetes;Pucciniales;Pucciniastraceae;Pucciniastrum;Pucciniastrum_coryli	1.00	1
EU715596	Unassigned	1.00	1
FJ596774	Root;Basidiomycota;Agaricomycetes;Russulales;Russulaceae;Lactarius;Lactarius_uvidus	1.00	1
AF079693	Root;Basidiomycota;Agaricomycetes;Agaricales;Agaricaceae;Cyphomyrmex_rimosus_symbiont_OC9;Cyphomyrmex_rimosus_symbiont_OC9	1.00	1
JF907774	Unassigned	1.00	1
JN654921	Root;Ascomycota;Dothideomycetes;Pleosporales;Phaeosphaeriaceae;Phaeosphaeria;Phaeosphaeria_avenaria	1.00	1
GQ142024	Root;Basidiomycota;Agaricomycetes;Agaricales;Pleurotaceae;Nematoctonus;Nematoctonus_concurrens	1.00	1
EU040217	Unassigned	1.00	1
AF384861	Unassigned	1.00	1
AB190871	Root;Ascomycota;Sordariomycetes;Diaporthales;Togniniaceae;Phaeoacremonium;Phaeoacremonium_inflatipes	1.00	1
GQ340441	Unassigned	1.00	1
DQ873651	Unassigned	1.00	1
JN710531	Unassigned	1.00	1
EU035404	Root;Ascomycota;Eurotiomycetes;Chaetothyriales;Herpotrichiellaceae;Exophiala;Exophiala_mesophila	1.00	1
AF351139	Root;Ascomycota;Lecanoromycetes;Peltigerales;Lobariaceae;Lobaria;Lobaria_meridionalis	1.00	1
EF081003	Unassigned	1.00	1
DQ885904	Root;Ascomycota;Dothideomycetes;Pleosporales;Tubeufiaceae;Helicoma;Helicoma_olivaceum	1.00	1
FJ664848	Unassigned	1.00	1
AB445116	Unassigned	1.00	1
AY789355	Unassigned	1.00	1
GQ344614	Unassigned	1.00	1
AY571044	Unassigned	1.00	1
HQ414605	Root;Ascomycota;Sordariomycetes;Diaporthales;Gnomoniaceae;Apiognomonia;Apiognomonia_hystrix	1.00	1
GU361938	Root;Ascomycota;Sordariomycetes;Hypocreales;Bionectriaceae;Bionectria;Bionectria_rossmaniae	1.00	1
AY277912	Root;Ascomycota;Sordariomycetes;Sordariales;Lasiosphaeriaceae;Zopfiella;Zopfiella_tabulata	1.00	1
FN868479	Root;Ascomycota;Sordariomycetes;Xylariales;Amphisphaeriaceae;Seimatosporium;Seimatosporium_grevilleae	1.00	1
AY795873	Unassigned	1.00	1
EU035423	Root;Ascomycota;Dothideomycetes;Pleosporales;Tubeufiaceae;Helicoma;Helicoma_olivaceum	1.00	1
AB481261	Root;Ascomycota;Leotiomycetes;Helotiales;Hyaloscyphaceae;Solenopezia;Solenopezia_solenia	1.00	1
FJ481038	Unassigned	1.00	1
GQ267499	Unassigned	1.00	1
AF282108	Unassigned	1.00	1
FN859431	Unassigned	1.00	1
JF499851	Root;Ascomycota;Dothideomycetes;Capnodiales;Mycosphaerellaceae;Phaeothecoidea;Phaeothecoidea_proteae	1.00	1
AF299347	Unassigned	1.00	1
HQ650626	Unassigned	1.00	1
EU860383	Root;Ascomycota;Dothideomycetes;Botryosphaeriales;Botryosphaeriaceae;Sphaeropsis;Diplodia_pinea	1.00	1
DQ144611	Unassigned	1.00	1
AY571032	Root;Basidiomycota;Agaricomycetes;Agaricales;Marasmiaceae;Marasmius;Marasmius_purpureostriatus	1.00	1
AJ292401	Root;Ascomycota;Sordariomycetes;Hypocreales;Clavicipitaceae;Pochonia;Pochonia_suchlasporia	1.00	1
EU343866	Root;Ascomycota;Saccharomycetes;Saccharomycetales;Pichiaceae;Pichia;Pichia_koratensis	1.00	1
FJ822972	Unassigned	1.00	1
AY527405	Root;Ascomycota;Eurotiomycetes;Onygenales;Onygenaceae;Chrysosporium;Chrysosporium_lobatum	1.00	1
FJ872075	Unassigned	1.00	1
DQ974799	Unassigned	1.00	1
GQ221126	Root;Ascomycota;Sordariomycetes;Sordariales;Chaetomiaceae;Chaetomium;Chaetomium_atrobrunneum	1.00	1
DQ201952	Root;Ascomycota;Lecanoromycetes;Teloschistales;Physciaceae;Buellia;Buellia_triphragmoides	1.00	1
DQ494685	Unassigned	1.00	1
FJ501579	Unassigned	1.00	1
JF908772	Unassigned	1.00	1
AF391034	Unassigned	1.00	1
AJ537397	Root;Basidiomycota;Tremellomycetes;Tremellales;Exidiaceae;Guepinia;Guepinia_spathularia	1.00	1
EU037891	Unassigned	1.00	1
GU234142	Unassigned	1.00	1
GU594155	Unassigned	1.00	1
EU673370	Root;Ascomycota;Sordariomycetes;Hypocreales;Ophiocordycipitaceae;Ophiocordyceps;Ophiocordyceps_myrmecophila	1.00	1
U21814	Root;Ascomycota;Leotiomycetes;Helotiales;Hyaloscyphaceae;Lachnum;Lachnum_pulverulentum	1.00	1
AY524843	Root;Ascomycota;Leotiomycetes;Helotiales;Hyaloscyphaceae;Bryoglossum;Bryoglossum_gracile	1.00	1
GQ981514	Unassigned	1.00	1
DQ885585	Unassigned	1.00	1
JF440985	Root;Ascomycota;Sordariomycetes;Hypocreales;Nectriaceae;Fusarium;Fusarium_ciliatum	1.00	1
DQ449942	Root;Basidiomycota;Agaricomycetes;Agaricales;Marasmiaceae;Marasmius;Marasmius_tricolor	1.00	1
AY176354	Root;Basidiomycota;Agaricomycetes;Agaricales;Agaricaceae;Lepiota;Lepiota_hystrix	1.00	1
FJ356152	Root;Ascomycota;Lecanoromycetes;Lecanorales;Ramalinaceae;Ramalinopsis;Ramalinopsis_mannii	1.00	1
EU833201	Root;Basidiomycota;Agaricomycetes;Agaricales;Agaricaceae;Leucoagaricus;Leucoagaricus_gongylophorus	1.00	1
AM882885	Root;Basidiomycota;Agaricomycetes;Boletales;Hymenogasteraceae;Hymenogaster;Hymenogaster_arenarius	1.00	1
JN710573	Unassigned	1.00	1
DQ004573	Root;Ascomycota;Lecanoromycetes;Lecanorales;Parmeliaceae;Ahtiana;Ahtiana_sphaerosporella	1.00	1
DQ004572	Root;Ascomycota;Lecanoromycetes;Lecanorales;Parmeliaceae;Kaernefeltia;Kaernefeltia_merrillii	1.00	1
AY618667	Root;Basidiomycota;Dacrymycetes;Dacrymycetales;Dacrymycetaceae;Calocera;Calocera_furcata	1.00	1
AF350290	Unassigned	1.00	1
EU623677	Unassigned	1.00	1
JF440978	Root;Ascomycota;Sordariomycetes;Xylariales;Diatrypaceae;Eutypella;Eutypella_cerviculata	1.00	1
GQ355956	Root;Basidiomycota;Agaricomycetes;Polyporales;Polyporaceae;Megasporoporia;Megasporoporia_cavernulosa	1.00	1
AJ315842	Unassigned	1.00	1
AJ315841	Unassigned	1.00	1
AF178417	Root;Ascomycota;Sordariomycetes;Hypocreales;Nectriaceae;Haematonectria;Fusarium_solani	1.00	1
EU073198	Root;Ascomycota;Sordariomycetes;Hypocreales;Hypocreaceae;Sepedonium;Sepedonium_chalcipori	1.00	1
EU402589	Unassigned	1.00	1
EF088656	Unassigned	1.00	1
JF505112	Root;Ascomycota;Eurotiomycetes;Eurotiales;Trichocomaceae;Paecilomyces;Paecilomyces_lilacinus	1.00	1
AF020770	Root;Basidiomycota;Agaricomycetes;Thelephorales;Thelephoraceae;Thelephora;Thelephora_ganbajun	1.00	1
FJ839640	Root;Ascomycota;Dothideomycetes;Pleosporales;Pleomassariaceae;Prosthemium;Prosthemium_canba	1.00	1
FJ411100	Root;Basidiomycota;Agaricomycetes;Polyporales;Polyporaceae;Perenniporiella;Perenniporiella_pendula	1.00	1
FJ911892	Root;Ascomycota;Orbiliomycetes;Orbiliales;Orbiliaceae;Arthrobotrys;Arthrobotrys_foliicola	1.00	1
AF444551	Root;Basidiomycota;Agaricostilbomycetes;Agaricostilbales;Agaricostilbaceae;Agaricostilbum;Agaricostilbum_hyphaenes	1.00	1
GU062273	Root;Ascomycota;Leotiomycetes;Helotiales;Dermateaceae;Pezicula;Pezicula_cinnamomea	1.00	1
HQ610175	Root;Ascomycota;Sordariomycetes;Diaporthales;Schizoparmaceae;Pilidiella;Pilidiella_diplodiopsis	1.00	1
AF332127	Unassigned	1.00	1
JF433374	Unassigned	1.00	1
GQ850202	Root;Basidiomycota;Tremellomycetes;Tremellales;Tremellaceae;Tsuchiyaea;Tsuchiyaea_wingfieldii	1.00	1
EU181457	Root;Ascomycota;Eurotiomycetes;Onygenales;Arthrodermataceae;Arthroderma;Arthroderma_fulvum	1.00	1
DQ534455	Unassigned	1.00	1
GU139172	Root;Basidiomycota;Microbotryomycetes;Microbotryales;Microbotryaceae;Sphacelotheca;Sporisorium_reilianum	1.00	1
HQ888720	Unassigned	1.00	1
AF231912	Root;Basidiomycota;Agaricomycetes;Russulales;Russulaceae;Lactarius;Lactarius_subsericatus	1.00	1
FJ462759	Root;Ascomycota;Sordariomycetes;Diaporthales;Diaporthaceae;Diaporthe;Diaporthe_helianthi	1.00	1
EF621920	Root;Basidiomycota;Microbotryomycetes;Microbotryales;Microbotryaceae;Liroa;Liroa_emodensis	1.00	1
AF444425	Root;Basidiomycota;Tremellomycetes;Tremellales;Cuniculitremaceae;Fellomyces;Fellomyces_sichuanensis	1.00	1
EU660447	Unassigned	1.00	1
FJ442633	Root;Ascomycota;Sordariomycetes;Hypocreales;Hypocreaceae;Sepedonium;Sepedonium_chalcipori	1.00	1
DQ354521	Root;Basidiomycota;Pucciniomycetes;Pucciniales;Phragmidiaceae;Phragmidium;Phragmidium_violaceum	1.00	1
GQ231739	Unassigned	1.00	1
AF336150	Unassigned	1.00	1
JQ398742	Unassigned	1.00	1
EF635909	Root;Basidiomycota;Ustilaginomycetes;Urocystidales;Urocystidaceae;Vankya;Vankya_heufleri	1.00	1
GU992337	Root;Ascomycota;Lecanoromycetes;Lecanorales;Parmeliaceae;Xanthoparmelia;Xanthoparmelia_pulla	1.00	1
DQ383639	Unassigned	1.00	1
HM853977	Root;Ascomycota;Dothideomycetes;Pleosporales;Pleomassariaceae;Prosthemium;Prosthemium_stellare	1.00	1
DQ780456	Unassigned	1.00	1
EF635904	Root;Basidiomycota;Ustilaginomycetes;Urocystidales;Urocystidaceae;Vankya;Vankya_heufleri	1.00	1
EU599575	Root;Ascomycota;Leotiomycetes;Helotiales;Sclerotiniaceae;Sclerotinia;Sclerotinia_trifoliorum	1.00	1
AB353761	Unassigned	1.00	1
EF029203	Root;Ascomycota;Dothideomycetes;Pleosporales;Venturiaceae;Venturia;Venturia_viennotii	1.00	1
AY854068	Unassigned	1.00	1
FM212666	Root;Basidiomycota;Ustilaginomycetes;Ustilaginales;Ustilaginaceae;Stegocintractia;Stegocintractia_luzulae	1.00	1
HQ533012	Unassigned	1.00	1
DQ322098	Unassigned	1.00	1
HQ533014	Unassigned	1.00	1
EU266099	Root;Ascomycota;Lecanoromycetes;Lecanorales;Parmeliaceae;Hypogymnia;Hypogymnia_austerodes	1.00	1
U56049	Root;Basidiomycota;Agaricomycetes;Agaricales;Cortinariaceae;Dermocybe_egmontiana;Dermocybe_egmontiana	1.00	1
GU222294	Root;Ascomycota;Leotiomycetes;Helotiales;Sclerotiniaceae;Torrendiella;Torrendiella_cannibalensis	1.00	1
AY945231	Root;Ascomycota;Eurotiomycetes;Eurotiales;Trichocomaceae;Paecilomyces;Isaria_farinosa	1.00	1
EU552133	Unassigned	1.00	1
DQ361050	Root;Ascomycota;Saccharomycetes;Saccharomycetales;Saccharomycopsidaceae;Saccharomycopsis;Saccharomycopsis_javanensis	1.00	1
AJ271431	Unassigned	1.00	1
AB208109	Root;Ascomycota;Sordariomycetes;Hypocreales;Nectriaceae;Fusarium;Fusarium_larvarum_var_larvarum	1.00	1
FJ903297	Root;Basidiomycota;Agaricomycetes;Agaricales;Psathyrellaceae;Coprinopsis;Coprinopsis_cothurnata	1.00	1
FJ903295	Root;Ascomycota;Lecanoromycetes;Umbilicariales;Umbilicariaceae;Umbilicaria;Umbilicaria_cylindrica	1.00	1
GQ396263	Unassigned	1.00	1
HM631724	Root;Basidiomycota;Agaricomycetes;Agaricales;Tricholomataceae;Clitocybe;Clitocybe_bresadoliana	1.00	1
AF229470	Root;Ascomycota;Dothideomycetes;Pleosporales;Pleosporaceae;Embellisia;Embellisia_phragmospora	1.00	1
EU683062	Root;Ascomycota;Sordariomycetes;Diaporthales;Gnomoniaceae;Apiognomonia;Apiognomonia_hystrix	1.00	1
GU214649	Root;Ascomycota;Dothideomycetes;Capnodiales;Capnodiaceae;Capnodium;Capnodium_coffeae	1.00	1
AJ617491	Root;Basidiomycota;Agaricomycetes;Agaricales;Lycoperdaceae;Bovista;Lycoperdon_pusillum	1.00	1
FJ608589	Unassigned	1.00	1
GQ334386	Root;Ascomycota;Dothideomycetes;Capnodiales;Teratosphaeriaceae;Teratosphaeria;Teratosphaeria_jonkershoekensis	1.00	1
EU340897	Root;Basidiomycota;Agaricomycetes;Agaricales;Pleurotaceae;Pleurotus;Pleurotus_nebrodensis	1.00	1
DQ873639	Unassigned	1.00	1
AF097903	Root;Ascomycota;Lecanoromycetes;Lecanorales;Parmeliaceae;Punctelia;Punctelia_caseana	1.00	1
EU118648	Root;Basidiomycota;Agaricomycetes;Polyporales;Meripilaceae;Rigidoporus;Oxyporus_latemarginatus	1.00	1
AB507400	Unassigned	1.00	1
EU551189	Root;Ascomycota;Sordariomycetes;Sordariales;Sordariaceae;Gelasinospora;Gelasinospora_reticulata	1.00	1
GQ292540	Root;Ascomycota;Sordariomycetes;Diaporthales;Cryphonectriaceae;Cryphonectria;Cryphonectria_macrospora	1.00	1
AF451790	Root;Ascomycota;Lecanoromycetes;Lecanorales;Parmeliaceae;Ahtiana;Ahtiana_sphaerosporella	1.00	1
EU486435	Unassigned	1.00	1
U35307	Root;Ascomycota;Sordariomycetes;Hypocreales;Clavicipitaceae;Elaphocordyceps;Elaphocordyceps_ophioglossoides	1.00	1
FJ596767	Root;Basidiomycota;Agaricomycetes;Agaricales;Marasmiaceae;Marasmius;Marasmius_androsaceus	1.00	1
DQ200844	Unassigned	1.00	1
EU040222	Root;Ascomycota;Sordariomycetes;Xylariales;Amphisphaeriaceae;Pestalotiopsis;Pestalotiopsis_aff_palmarum_PP93	1.00	1
U21828	Root;Ascomycota;Leotiomycetes;Helotiales;Sclerotiniaceae;Botryotinia;Botryotinia_calthae	1.00	1
GQ167045	Root;Basidiomycota;Ustilaginomycetes;Ustilaginales;Ustilaginaceae;Ustilago;Ustilago_alcornii	1.00	1
FJ627527	Root;Basidiomycota;Agaricomycetes;Russulales;Bondarzewiaceae;Bondarzewia;Bondarzewia_guaitecasensis	1.00	1
EF619542	Unassigned	1.00	1
EF492210	Root;Ascomycota;Lecanoromycetes;Lecanorales;Parmeliaceae;Hypogymnia;Hypogymnia_antarctica	1.00	1
AY549983	Root;Basidiomycota;Tremellomycetes;Tremellales;Trichosporonaceae;Trichosporon;Trichosporon_chiarellii	1.00	1
DQ407258	Unassigned	1.00	1
EF191235	Root;Ascomycota;Leotiomycetes;Rhytismatales;Rhytismataceae;Coccomyces;Coccomyces_australis	1.00	1
FJ596780	Root;Basidiomycota;Agaricomycetes;Agaricales;Strophariaceae;Weraroa;Weraroa_virescens	1.00	1
AF097751	Unassigned	1.00	1
FJ805250	Root;Basidiomycota;Agaricomycetes;Polyporales;Ganodermataceae;Tomophagus;Tomophagus_colossus	1.00	1
EU819469	Root;Basidiomycota;Agaricomycetes;Boletales;Hymenogasteraceae;Hymenogaster;Hymenogaster_australis	1.00	1
EU784214	Root;Basidiomycota;Agaricomycetes;Hymenochaetales;Hymenochaetaceae;Coltricia;Coltricia_perennis	1.00	1
EU851104	Root;Ascomycota;Sordariomycetes;Diaporthales;Togniniaceae;Phaeoacremonium;Phaeoacremonium_globosum	1.00	1
GU324736	Unassigned	1.00	1
HM046877	Unassigned	1.00	1
AJ716159	Unassigned	1.00	1
U66440	Unassigned	1.00	1
DQ425023	Unassigned	1.00	1
GQ344601	Unassigned	1.00	1
AF516557	Root;Basidiomycota;Agaricomycetes;Polyporales;Polyporaceae;Pseudofavolus;Pseudofavolus_cucullatus	1.00	1
AM944645	Unassigned	1.00	1
DQ018098	Unassigned	1.00	1
AY349109	Unassigned	1.00	1
AF444630	Root;Basidiomycota;Microbotryomycetes;Leucosporidiales;Leucosporidiaceae;Leucosporidiella;Leucosporidiella_fragaria	1.00	1
AF506471	Root;Basidiomycota;Agaricomycetes;Russulales;Echinodontiaceae;Echinodontium;Echinodontium_tinctorium	1.00	1
EU118629	Unassigned	1.00	1
GQ369593	Root;Ascomycota;Sordariomycetes;Chaetosphaeriales;Chaetosphaeriaceae;Dischloridium;Dischloridium_laeense	1.00	1
FJ839613	Root;Ascomycota;Dothideomycetes;Pleosporales;Pleosporaceae;Lewia;Lewia_infectoria	1.00	1
EF421111	Unassigned	1.00	1
AB439544	Unassigned	1.00	1
JN033218	Root;Basidiomycota;Agaricomycetes;Agaricales;Cortinariaceae;Crepidotus;Crepidotus_subverrucisporus	1.00	1
EU784442	Unassigned	1.00	1
EU254918	Root;Ascomycota;Sordariomycetes;Diaporthales;Gnomoniaceae;Gnomonia;Gnomonia_aff_setacea_BPI_878212A	1.00	1
DQ534567	Root;Basidiomycota;Agaricomycetes;Boletales;Suillaceae;Truncocolumella;Truncocolumella_rubra	1.00	1
JN194152	Root;Glomeromycota;Glomeromycetes;Glomerales;Glomeraceae;Glomus;Glomus_intraradices	1.00	1
GQ267480	Root;Basidiomycota;Agaricomycetes;Thelephorales;Thelephoraceae;Polyozellus;Polyozellus_multiplex	1.00	1
GU570110	Unassigned	1.00	1
AF350303	Root;Ascomycota;Lecanoromycetes;Peltigerales;Lobariaceae;Sticta;Sticta_squamata	1.00	1
EU012333	Root;Ascomycota;Leotiomycetes;Helotiales;Sclerotiniaceae;Sclerotinia;Sclerotinia_trifoliorum	1.00	1
U38898	Root;Ascomycota;Pezizomycetes;Pezizales;Pezizaceae;Peziza;Peziza_howsei	1.00	1
AJ419192	Unassigned	1.00	1
HQ650638	Root;Ascomycota;Lecanoromycetes;Lecanorales;Hymeneliaceae;Aspicilia;Aspicilia_cinerea	1.00	1
JN871718	Unassigned	1.00	1
FJ357310	Root;Ascomycota;Dothideomycetes;Pleosporales;Pleosporaceae;Ulocladium;Ulocladium_alternariae	1.00	1
GU187522	Unassigned	1.00	1
DQ873595	Unassigned	1.00	1
AY785274	Root;Ascomycota;Lecanoromycetes;Lecanorales;Parmeliaceae;Nephromopsis;Nephromopsis_pseudocomplicata	1.00	1
HQ897823	Root;Ascomycota;Sordariomycetes;Hypocreales;Nectriaceae;Fusarium;Fusarium_ciliatum	1.00	1
EU683655	Root;Ascomycota;Dothideomycetes;Botryosphaeriales;Botryosphaeriaceae;Dichomera;Dichomera_eucalypti	1.00	1
FJ914867	Unassigned	1.00	1
DQ865092	Unassigned	1.00	1
EU162052	Root;Basidiomycota;Agaricomycetes;Polyporales;Fomitopsidaceae;Fomitopsis;Fomitopsis_rosea	1.00	1
GU994566	Root;Ascomycota;Lecanoromycetes;Lecanorales;Parmeliaceae;Hypogymnia;Hypogymnia_fujisanensis	1.00	1
GQ458022	Unassigned	1.00	1
AF485078	Root;Ascomycota;Sordariomycetes;Sordariales;Chaetomiaceae;Trichocladium;Trichocladium_opacum	1.00	1
EF081374	Unassigned	1.00	1
EF585539	Root;Ascomycota;Dothideomycetes;Botryosphaeriales;Botryosphaeriaceae;Neofusicoccum;Neofusicoccum_mangiferae	1.00	1
EU401714	Root;Basidiomycota;Agaricomycetes;Agaricales;Tricholomataceae;Phaeolepiota;Gymnopilus_spectabilis	1.00	1
FJ810128	Root;Basidiomycota;Agaricomycetes;Polyporales;Polyporaceae;Pseudofavolus;Pseudofavolus_cucullatus	1.00	1
AB273560	Unassigned	1.00	1
FJ941882	Root;Ascomycota;Dothideomycetes;Botryosphaeriales;Botryosphaeriaceae;Lasiodiplodia;Lasiodiplodia_theobromae	1.00	1
EF051729	Root;Ascomycota;Sordariomycetes;Hypocreales;Clavicipitaceae;Metacordyceps;Metarhizium_majus	1.00	1
GU138755	Root;Ascomycota;Leotiomycetes;Rhytismatales;Rhytismataceae;Coccomyces;Coccomyces_delta	1.00	1
GQ981509	Unassigned	1.00	1
GQ913398	Root;Basidiomycota;Agaricomycetes;Agaricales;Marasmiaceae;Xerula;Xerula_furfuracea	1.00	1
AB524794	Root;Ascomycota;Dothideomycetes;Pleosporales;Tetraplosphaeriaceae;Triplosphaeria;Triplosphaeria_yezoensis	1.00	1
EF105411	Root;Ascomycota;Lecanoromycetes;Lecanorales;Parmeliaceae;Nodobryoria;Nodobryoria_abbreviata	1.00	1
EF121328	Root;Ascomycota;Eurotiomycetes;Eurotiales;Trichocomaceae;Petromyces;Petromyces_alliaceus	1.00	1
GQ250004	Root;Ascomycota;Sordariomycetes;Hypocreales;Cordycipitaceae;Torrubiella;Torrubiella_ratticaudata	1.00	1
AY176347	Unassigned	1.00	1
FJ545249	Unassigned	1.00	1
FJ596893	Unassigned	1.00	1
AY961602	Unassigned	1.00	1
EU330178	Unassigned	1.00	1
EU652341	Unassigned	1.00	1
EU685112	Root;Basidiomycota;Agaricomycetes;Boletales;Boletaceae;Tylopilus;Tylopilus_sordidus	1.00	1
AF451767	Root;Ascomycota;Lecanoromycetes;Lecanorales;Parmeliaceae;Nephromopsis;Nephromopsis_ahtii	1.00	1
JF419904	Root;Ascomycota;Dothideomycetes;Pleosporales;Lindgomycetaceae;Lindgomyces_apiculatus;Lindgomyces_apiculatus	1.00	1
AB260936	Root;Basidiomycota;Tremellomycetes;Tremellales;Trichosporonaceae;Trichosporon;Trichosporon_mucoides	1.00	1
JF908791	Unassigned	1.00	1
JF908497	Unassigned	1.00	1
FJ903377	Root;Ascomycota;Sordariomycetes;Coniochaetales;Coniochaetaceae;Coniochaeta;Coniochaeta_ligniaria	1.00	1
AJ302444	Root;Ascomycota;Sordariomycetes;Xylariales;Diatrypaceae;Diatrype;Diatrype_stigma	1.00	1
AB551948	Unassigned	1.00	1
AM774156	Root;Ascomycota;Sordariomycetes;Microascales;Microascaceae;Graphium;Graphium_dubautiae	1.00	1
EU622257	Root;Ascomycota;Sordariomycetes;Sordariales;Chaetomiaceae;Chaetomium;Chaetomium_atrobrunneum	1.00	1
JN819280	Unassigned	1.00	1
JN819283	Unassigned	1.00	1
EF394866	Root;Ascomycota;Dothideomycetes;Capnodiales;Teratosphaeriaceae;Teratosphaeria;Teratosphaeria_mareebensis	1.00	1
DQ872858	Unassigned	1.00	1
EU157728	Root;Basidiomycota;Agaricomycetes;Agaricales;Pleurotaceae;Pleurotus;Pleurotus_ostreatus	1.00	1
EU076919	Root;Ascomycota;Sordariomycetes;Hypocreales;Hypocreaceae;Hypocrea;Hypocrea_lutea	1.00	1
DQ826735	Root;Ascomycota;Eurotiomycetes;Verrucariales;Verrucariaceae;Placopyrenium;Placopyrenium_bucekii	1.00	1
GU233360	Root;Basidiomycota;Agaricomycetes;Agaricales;Cortinariaceae;Inocybe;Inocybe_assimilata	1.00	1
FJ861375	Unassigned	1.00	1
DQ677496	Unassigned	1.00	1
AF373985	Unassigned	1.00	1
GQ203770	Unassigned	1.00	1
HM536085	Root;Basidiomycota;Agaricomycetes;Gloeophyllales;Gloeophyllaceae;Gloeophyllum;Gloeophyllum_sepiarium	1.00	1
AF506444	Root;Basidiomycota;Agaricomycetes;Russulales;Gloeocystidiellaceae;Gloeocystidiellum;Gloeocystidiellum_subasperisporum	1.00	1
AY636061	Unassigned	1.00	1
EU669382	Unassigned	1.00	1
EU669383	Unassigned	1.00	1
AY916464	Root;Ascomycota;Dothideomycetes;Pleosporales;Tubeufiaceae;Helicoma;Helicoma_violaceum	1.00	1
EU295634	Root;Ascomycota;Dothideomycetes;Pleosporales;Montagnulaceae;Microsphaeropsis;Microsphaeropsis_arundinis	1.00	1
EF029190	Unassigned	1.00	1
AM269795	Unassigned	1.00	1
AF377057	Unassigned	1.00	1
Z81428	Root;Ascomycota;Leotiomycetes;Helotiales;Sclerotiniaceae;Botryotinia;Botryotinia_calthae	1.00	1
EU552123	Unassigned	1.00	1
AJ271422	Unassigned	1.00	1
EU552127	Unassigned	1.00	1
GQ131880	Root;Ascomycota;Eurotiomycetes;Chaetothyriales;Herpotrichiellaceae;Phialophora;Phialophora_geniculata	1.00	1
AF079716	Root;Basidiomycota;Agaricomycetes;Agaricales;Agaricaceae;Apterostigma_auriculatum_symbiont_S1;Apterostigma_auriculatum_symbiont_S1	1.00	1
GU234033	Unassigned	1.00	1
HQ714768	Root;Basidiomycota;Agaricomycetes;Boletales;Melanogastraceae;Melanogaster;Melanogaster_ambiguus	1.00	1
DQ000299	Unassigned	1.00	1
HQ650602	Root;Ascomycota;Lecanoromycetes;Acarosporales;Acarosporaceae;Acarospora;Acarospora_fulvoviridula	1.00	1
AF009814	Root;Ascomycota;Sordariomycetes;Xylariales;Amphisphaeriaceae;Seimatosporium;Seimatosporium_discosioides	1.00	1
AY428793	Root;Ascomycota;Sordariomycetes;Hypocreales;Nectriaceae;Fusarium;Fusarium_ciliatum	1.00	1
DQ241463	Root;Basidiomycota;Pucciniomycetes;Pachnocybales;Pachnocybaceae;Pachnocybe;Pachnocybe_ferruginea	1.00	1
EU041820	Unassigned	1.00	1
AJ292391	Root;Ascomycota;Eurotiomycetes;Eurotiales;Trichocomaceae;Paecilomyces;Isaria_farinosa	1.00	1
AF250780	Root;Ascomycota;Lecanoromycetes;Teloschistales;Physciaceae;Buellia;Buellia_frigida	1.00	1
HM436649	Unassigned	1.00	1
EU525946	Root;Basidiomycota;Agaricomycetes;Agaricales;Cortinariaceae;Dermocybe_fervida;Dermocybe_fervida	1.00	1
AJ006677	Unassigned	1.00	1
JN197292	Root;Ascomycota;Dothideomycetes;Capnodiales;Mycosphaerellaceae;Pseudocercospora;Pseudocercospora_norchiensis	1.00	1
AJ006671	Unassigned	1.00	1
EF373570	Root;Ascomycota;Lecanoromycetes;Lecanorales;Parmeliaceae;Kaernefeltia;Kaernefeltia_merrillii	1.00	1
AF514292	Unassigned	1.00	1
EU075539	Root;Ascomycota;Lecanoromycetes;Lecanorales;Parmeliaceae;Xanthoparmelia;Xanthoparmelia_chlorochroa	1.00	1
HQ650696	Root;Ascomycota;Lecanoromycetes;Peltigerales;Lobariaceae;Lobaria;Lobaria_adscripta	1.00	1
GQ152145	Root;Ascomycota;Leotiomycetes;Helotiales;Hyaloscyphaceae;Hyaloscypha;Hyaloscypha_albohyalina_var_albohyalina	1.00	1
AF357052	Root;Basidiomycota;Agaricomycetes;Agaricales;Lyophyllaceae;Tephrocybe;Lyophyllum_ambustum	1.00	1
AJ247562	Root;Ascomycota;Lecanoromycetes;Lecanorales;Ramalinaceae;Biatora;Biatora_carneoalbida	1.00	1
EF446017	Root;Ascomycota;Orbiliomycetes;Orbiliales;Orbiliaceae;Drechslerella;Drechslerella_dactyloides	1.00	1
FJ627021	Unassigned	1.00	1
DQ830803	Root;Basidiomycota;Agaricomycetes;Agaricales;Tricholomataceae;Clitocybe;Clitocybe_festiva	1.00	1
AF451744	Root;Ascomycota;Lecanoromycetes;Lecanorales;Parmeliaceae;Melanelixia;Melanelixia_subglabra	1.00	1
FM206390	Unassigned	1.00	1
EU833660	Root;Basidiomycota;Agaricomycetes;Agaricales;Lycoperdaceae;Bovista;Lycoperdon_pusillum	1.00	1
HQ833460	Unassigned	1.00	1
GU291281	Root;Basidiomycota;Agaricostilbomycetes;Agaricostilbales;Chionosphaeraceae;Kurtzmanomyces;Kurtzmanomyces_nectairei	1.00	1
DQ497617	Unassigned	1.00	1
DQ238719	Root;Basidiomycota;Microbotryomycetes;Microbotryales;Microbotryaceae;Liroa;Liroa_emodensis	1.00	1
AY555731	Unassigned	1.00	1
FJ822973	Unassigned	1.00	1
GQ919281	Root;Ascomycota;Lecanoromycetes;Lecanorales;Parmeliaceae;Remototrachyna_costaricensis;Remototrachyna_costaricensis	1.00	1
GU292821	Unassigned	1.00	1
JF681957	Unassigned	1.00	1
GU233325	Root;Basidiomycota;Agaricomycetes;Agaricales;Cortinariaceae;Dermocybe_egmontiana;Dermocybe_egmontiana	1.00	1
EU254889	Root;Ascomycota;Sordariomycetes;Diaporthales;Gnomoniaceae;Gnomonia;Gnomonia_ischnostyla	1.00	1
AY129365	Root;Basidiomycota;Agaricomycetes;Agaricales;Strophariaceae;Psilocybe;Psilocybe_australiana	1.00	1
HQ414538	Unassigned	1.00	1
AF505780	Root;Basidiomycota;Agaricomycetes;Agaricales;Marasmiaceae;Marasmius;Marasmius_androsaceus	1.00	1
EU708340	Root;Basidiomycota;Agaricomycetes;Agaricales;Lyophyllaceae;Tephrocybe;Tephrocybe_rancida	1.00	1
AY239213	Root;Ascomycota;Taphrinomycetes;Taphrinales;Taphrinaceae;Taphrina;Taphrina_carpini	1.00	1
EU520120	Unassigned	1.00	1
FJ845424	Root;Basidiomycota;Agaricomycetes;Thelephorales;Bankeraceae;Bankera;Bankera_violascens	1.00	1
GU367909	Root;Ascomycota;Leotiomycetes;Rhytismatales;Rhytismataceae;Coccomyces;Coccomyces_leptideus	1.00	1
GU590877	Unassigned	1.00	1
HM005139	Root;Basidiomycota;Agaricomycetes;Agaricales;Physalacriaceae;Hymenopellis_gigaspora;Hymenopellis_gigaspora	1.00	1
AY194555	Root;Basidiomycota;Agaricomycetes;Agaricales;Bolbitiaceae;Conocybe;Conocybe_bulbifera	1.00	1
EF017208	Root;Ascomycota;Dothideomycetes;Botryosphaeriales;Botryosphaeriaceae;Neofusicoccum;Neofusicoccum_mangiferae	1.00	1
AF448458	Root;Ascomycota;Lecanoromycetes;Umbilicariales;Umbilicariaceae;Umbilicaria;Umbilicaria_haplocarpa	1.00	1
AF324254	Unassigned	1.00	1
FN907920	Unassigned	1.00	1
DQ202270	Root;Basidiomycota;Microbotryomycetes;Microbotryales;Ustilentylomataceae;Microbotryozyma_collariae;Microbotryozyma_collariae	1.00	1
AF407163	Root;Basidiomycota;Agaricomycetes;Boletales;Hymenogasteraceae;Hymenogaster;Hymenogaster_arenarius	1.00	1
FJ403215	Root;Basidiomycota;Agaricomycetes;Polyporales;Fomitopsidaceae;Fomitopsis;Fomitopsis_rosea	1.00	1
AY078151	Root;Ascomycota;Leotiomycetes;Helotiales;Vibrisseaceae;Phialocephala;Phialocephala_fortinii	1.00	1
EF197068	Root;Ascomycota;Sordariomycetes;Sordariales;Lasiosphaeriaceae;Schizothecium;Schizothecium_glutinans	1.00	1
EF121334	Root;Ascomycota;Dothideomycetes;Capnodiales;Mycosphaerellaceae;Ramichloridium;Ramichloridium_cerophilum	1.00	1
HQ406808	Root;Ascomycota;Sordariomycetes;Coniochaetales;Coniochaetaceae;Coniochaeta;Coniochaeta_savoryi	1.00	1
FN185985	Root;Ascomycota;Lecanoromycetes;Umbilicariales;Umbilicariaceae;Umbilicaria;Umbilicaria_crustulosa	1.00	1
EU819470	Unassigned	1.00	1
JN009733	Root;Ascomycota;Lecanoromycetes;Lecanorales;Lecanoraceae;Protoparmeliopsis;Lecanora_muralis	1.00	1
GU234077	Unassigned	1.00	1
FJ789599	Unassigned	1.00	1
FJ196771	Unassigned	1.00	1
FJ538352	Unassigned	1.00	1
EF600974	Root;Ascomycota;Dothideomycetes;Pleosporales;Leptosphaeriaceae;Leptosphaeria;Leptosphaeria_maculans	1.00	1
AY509552	Unassigned	1.00	1
EU375546	Root;Basidiomycota;Agaricomycetes;Cantharellales;Ceratobasidiaceae;Ceratobasidium;Ceratobasidium_cornigerum	1.00	1
EU045422	Unassigned	1.00	1
DQ494696	Unassigned	1.00	1
GQ503036	Unassigned	1.00	1
EF029224	Root;Ascomycota;Leotiomycetes;Helotiales;Hyaloscyphaceae;Hyaloscypha;Hyaloscypha_albohyalina_var_spiralis	1.00	1
DQ389701	Root;Basidiomycota;Agaricomycetes;Agaricales;Psathyrellaceae;Coprinellus;Coprinellus_radicellus	1.00	1
AY259137	Root;Ascomycota;Leotiomycetes;Helotiales;Vibrisseaceae;Vibrissea;Vibrissea_flavovirens	1.00	1
EU021600	Unassigned	1.00	1
JN864881	Root;Ascomycota;Eurotiomycetes;Eurotiales;Trichocomaceae;Penicillium;Penicillium_brasilianum	1.00	1
JF908719	Root;Ascomycota;Pezizomycetes;Pezizales;Pyronemataceae;Scutellinia;Scutellinia_heterosculpturata	1.00	1
EU552114	Unassigned	1.00	1
AF260224	Root;Ascomycota;Dothideomycetes;Dothideales;Dothideaceae;Dothidea;Dothidea_insculpta	1.00	1
HQ650650	Root;Ascomycota;Lecanoromycetes;Lecanorales;Ramalinaceae;Biatora;Biatora_pallens	1.00	1
EU784183	Unassigned	1.00	1
AB481288	Root;Ascomycota;Leotiomycetes;Helotiales;Hyaloscyphaceae;Trichopeziza;Trichopeziza_mollissima	1.00	1
EU352773	Unassigned	1.00	1
GQ267191	Root;Ascomycota;Lecanoromycetes;Lecanorales;Parmeliaceae;Parmelia;Parmelia_lindmanii	1.00	1
U59145	Root;Ascomycota;Leotiomycetes;Helotiales;Hyaloscyphaceae;Lachnum;Lachnum_pulverulentum	1.00	1
EU669233	Root;Basidiomycota;Agaricomycetes;Agaricales;Cortinariaceae;Dermocybe_canaria;Dermocybe_canaria	1.00	1
EU784188	Unassigned	1.00	1
GQ304945	Unassigned	1.00	1
FM202494	Unassigned	1.00	1
EU254750	Root;Ascomycota;Sordariomycetes;Diaporthales;Gnomoniaceae;Linospora;Linospora_ceuthocarpa	1.00	1
AF540507	Unassigned	1.00	1
FJ380935	Unassigned	1.00	1
JF340250	Root;Ascomycota;Sordariomycetes;Hypocreales;Clavicipitaceae;Elaphocordyceps;Elaphocordyceps_ophioglossoides	1.00	1
AY204590	Root;Ascomycota;Sordariomycetes;Hypocreales;Nectriaceae;Flagellospora;Flagellospora_curvula	1.00	1
AB524804	Root;Ascomycota;Dothideomycetes;Pleosporales;Tetraplosphaeriaceae;Triplosphaeria;Triplosphaeria_yezoensis	1.00	1
AY204610	Root;Ascomycota;Leotiomycetes;Helotiales;Hyaloscyphaceae;Discocistella;Cistella_grevillei	1.00	1
AJ877224	Unassigned	1.00	1
AJ877222	Unassigned	1.00	1
AF482859	Unassigned	1.00	1
U21830	Root;Ascomycota;Leotiomycetes;Helotiales;Sclerotiniaceae;Sclerotinia;Sclerotinia_trifoliorum	1.00	1
U85789	Root;Basidiomycota;Agaricomycetes;Agaricales;Typhulaceae;Typhula;Typhula_variabilis	1.00	1
AF482855	Unassigned	1.00	1
GQ981497	Unassigned	1.00	1
EU118666	Unassigned	1.00	1
AF435825	Root;Ascomycota;Pezizomycetes;Pezizales;Pezizaceae;Peziza;Peziza_howsei	1.00	1
AB022351	Root;Ascomycota;Leotiomycetes;Erysiphales;Erysiphaceae;Erysiphe;Erysiphe_carpophila	1.00	1
EF064155	Unassigned	1.00	1
EF155483	Root;Ascomycota;Sordariomycetes;Xylariales;Diatrypaceae;Diatrype;Diatrype_stigma	1.00	1
EU553340	Root;Ascomycota;Eurotiomycetes;Eurotiales;Trichocomaceae;Penicillium;Penicillium_pittii	1.00	1
EU078628	Root;Ascomycota;Eurotiomycetes;Eurotiales;Trichocomaceae;Neosartorya;Neosartorya_fischeri	1.00	1
AY725552	Root;Ascomycota;Dothideomycetes;Capnodiales;Mycosphaerellaceae;Mycosphaerella;Mycosphaerella_communis	1.00	1
HQ647144	Root;Basidiomycota;Agaricomycetes;Boletales;Boletaceae;Leccinum;Leccinum_carpini	1.00	1
AF389161	Root;Basidiomycota;Agaricomycetes;Agaricales;Cortinariaceae;Dermocybe_cardinalis;Dermocybe_cardinalis	1.00	1
AJ439439	Root;Ascomycota;Eurotiomycetes;Onygenales;Onygenaceae;Chrysosporium;Chrysosporium_articulatum	1.00	1
AY035661	Root;Glomeromycota;Glomeromycetes;Diversisporales;Gigasporaceae;Scutellospora;Scutellospora_spinosissima	1.00	1
