FJ481038	Root;Basidiomycota;Agaricomycetes;Agaricales;Mycenaceae;Panellus;Panellus_stypticus
JQ711875	Root;Basidiomycota;Agaricomycetes;Atheliales;Atheliaceae;Piloderma;Piloderma_sphaerosporum
EU525946	Root;Basidiomycota;Agaricomycetes;Agaricales;Cortinariaceae;Cortinarius;Dermocybe_sanguinea
DQ517408	Root;Basidiomycota;Agaricomycetes;Agaricales;Cortinariaceae;Cortinarius;Cortinarius_calochrous
GQ389623	Root;Basidiomycota;Agaricomycetes;Boletales;Paxillaceae;Paxillus;Paxillus_involutus
DQ661031	Root;Basidiomycota;Tremellomycetes;Cystofilobasidiales;Cystofilobasidiaceae;Xanthophyllomyces;Xanthophyllomyces_dendrorhous
GQ458022	Root;Ascomycota;Saccharomycetes;Saccharomycetales;Dipodascaceae;Galactomyces;Galactomyces_geotrichum
EF192226	Root;Ascomycota;Saccharomycetes;Saccharomycetales;Saccharomycetaceae;Debaryomyces;Debaryomyces_hansenii
DQ683018	Root;Ascomycota;Saccharomycetes;Saccharomycetales;Pichiaceae;Pichia;Pichia_guilliermondii
DQ681328	Root;Ascomycota;Eurotiomycetes;Eurotiales;Trichocomaceae;Penicillium;Penicillium_purpurogenum
FJ478136	Root;Ascomycota;Sordariomycetes;Hypocreales;Nectriaceae;Fusarium;Fusarium_oxysporum
FJ884179	Root;Ascomycota;Sordariomycetes;Hypocreales;Hypocreaceae;Hypocrea;Hypocrea_lixii
DQ631933	Root;Ascomycota;Sordariomycetes;Xylariales;Xylariaceae;Biscogniauxia;Biscogniauxia_capnodes
DQ631942	Root;Ascomycota;Sordariomycetes;Xylariales;Xylariaceae;Nemania;Nemania_serpens
AY078151	Root;Ascomycota;Leotiomycetes;Helotiales;Vibrisseaceae;Acephala;Acephala_applanata
DQ780453	Root;Ascomycota;Dothideomycetes;Pleosporales;Corynesporascaceae;Corynespora;Corynespora_cassiicola
DQ822793	Root;Basidiomycota;Agaricomycetes;Boletales;Boletaceae;Boletus;Xerocomus_chrysenteron
FJ845440	Root;Basidiomycota;Agaricomycetes;Boletales;Suillaceae;Suillus;Suillus_brevipes
U34582	Root;Ascomycota;Sordariomycetes;Hypocreales;Nectriaceae;Fusarium;Fusarium_beomiforme
AB015696	Root;Basidiomycota;Agaricomycetes;Agaricales;Amanitaceae;Amanita;Amanita_flavipes
AM087246	Root;Basidiomycota;Agaricomycetes;Cantharellales;Hydnaceae;Hydnum;Hydnum_rufescens
UDB011365	Root;Basidiomycota;Agaricomycetes;Russulales;Russulaceae;Russula;Russula_romellii
DQ887774	Root;Ascomycota;Dothideomycetes;Pleosporales;Venturiaceae;Venturia;Venturia_inaequalis
DQ917653	Root;Basidiomycota;Agaricomycetes;Agaricales;Lyophyllaceae;Hypsizygus;Hypsizygus_tessulatus
DQ974701	Root;Basidiomycota;Agaricomycetes;Agaricales;Tricholomataceae;Tricholoma;Tricholoma_saponaceum
DQ872370	Root;Ascomycota;Sordariomycetes;Hypocreales;Cordycipitaceae;Engyodontium;Engyodontium_album
DQ988249	Root;Basidiomycota;Agaricomycetes;Boletales;Suillaceae;Suillus;Suillus_tomentosus
AF272836	Root;Microsporidia;Microsporea;Microsporida;Encephalitozoonidae;Encephalitozoon;Encephalitozoon_hellem
EF010914	Root;Ascomycota;Leotiomycetes;Erysiphales;Erysiphaceae;Golovinomyces;Golovinomyces_cichoracearum
DQ885898	Root;Ascomycota;Dothideomycetes;Capnodiales;Teratosphaeriaceae;Teratosphaeria;Teratosphaeria_maxii
EF029224	Root;Ascomycota;Leotiomycetes;Helotiales;Hyaloscyphaceae;Pseudaegerita;Pseudaegerita_corticalis
FM878021	Root;Basidiomycota;Agaricomycetes;Agaricales;Psathyrellaceae;Coprinopsis;Coprinopsis_marcescibilis
GU176485	Root;Ascomycota;Sordariomycetes;Hypocreales;Hypocreaceae;Hypocrea;Hypocrea_koningii
FJ805250	Root;Basidiomycota;Agaricomycetes;Polyporales;Ganodermataceae;Ganoderma;Ganoderma_resinaceum
EF061129	Root;Ascomycota;Saccharomycetes;Saccharomycetales;Pichiaceae;Pichia;Pichia_membranifaciens
FJ459970	Root;Ascomycota;Sordariomycetes;Hypocreales;Hypocreaceae;Trichoderma;Trichoderma_longibrachiatum
GQ166898	Root;Basidiomycota;Agaricomycetes;Russulales;Russulaceae;Lactarius;Lactarius_glaucescens
JN182869	Root;Basidiomycota;Agaricomycetes;Boletales;Boletaceae;Tylopilus;Tylopilus_felleus
L54085	Root;Basidiomycota;Agaricomycetes;Boletales;Suillaceae;Suillus;Suillus_cavipes
EF126366	Root;Basidiomycota;Tremellomycetes;Filobasidiales;Filobasidiaceae;Cryptococcus;Cryptococcus_magnus
AF250780	Root;Ascomycota;Lecanoromycetes;Teloschistales;Physciaceae;Amandinea;Amandinea_punctata
AF096979	Root;Basidiomycota;Agaricomycetes;Russulales;Russulaceae;Lactarius;Lactarius_zonarius
AF309519	Root;Basidiomycota;Agaricomycetes;Agaricales;Tricholomataceae;Tricholoma;Tricholoma_caligatum
AF312010	Root;Ascomycota;Dothideomycetes;Botryosphaeriales;Botryosphaeriaceae;Phyllosticta;Phyllosticta_pyrolae
EF026134	Root;Ascomycota;Sordariomycetes;Xylariales;Xylariaceae;Biscogniauxia;Biscogniauxia_mediterranea
AJ271422	Root;Ascomycota;Eurotiomycetes;Onygenales;Onygenaceae;Auxarthron;Auxarthron_kuehnii
EU497950	Root;Ascomycota;Eurotiomycetes;Eurotiales;Trichocomaceae;Talaromyces;Talaromyces_rotundus
EF081003	Root;Ascomycota;Pezizomycetes;Pezizales;Morchellaceae;Morchella;Morchella_crassipes
AM418549	Root;Glomeromycota;Glomeromycetes;Glomerales;Glomeraceae;Glomus;Glomus_pulvinatum
AB252472	Root;Ascomycota;Leotiomycetes;Erysiphales;Erysiphaceae;Erysiphe;Erysiphe_carpinicola
AB054036	Root;Ascomycota;Saccharomycetes;Saccharomycetales;Pichiaceae;Pichia;Pichia_manshurica
AB054041	Root;Ascomycota;Schizosaccharomycetes;Schizosaccharomycetales;Schizosaccharomycetaceae;Schizosaccharomyces;Schizosaccharomyces_pombe
EF441995	Root;Ascomycota;Pezizomycetes;Pezizales;Rhizinaceae;Phymatotrichopsis;Phymatotrichopsis_omnivora
EF452729	Root;Ascomycota;Dothideomycetes;Pleosporales;Phaeosphaeriaceae;Phaeosphaeria;Phaeosphaeria_avenaria_f._sp._triticae
AF224409	Root;Ascomycota;Lecanoromycetes;Teloschistales;Physciaceae;Physcia;Physcia_stellaris
FJ627021	Root;Basidiomycota;Agaricomycetes;Agaricales;Hygrophoraceae;Ampulloclitocybe;Ampulloclitocybe_clavipes
AF335455	Root;Ascomycota;Pezizomycetes;Pezizales;Helvellaceae;Helvella;Helvella_elastica
EF155483	Root;Ascomycota;Sordariomycetes;Xylariales;Diatrypaceae;Eutypa;Eutypa_spinosa
AB298704	Root;Ascomycota;Sordariomycetes;Ophiostomatales;Ophiostomataceae;Sporothrix;Sporothrix_schenckii
EF121862	Root;Ascomycota;Sordariomycetes;Hypocreales;Nectriaceae;Lanatonectria;Lanatonectria_flavolanata
AF310169	Root;Basidiomycota;Exobasidiomycetes;Tilletiales;Tilletiaceae;Tilletia;Tilletia_barclayana
AF228650	Root;Basidiomycota;Agaricomycetes;Boletales;Sclerodermataceae;Pisolithus;Pisolithus_tinctorius
AF357601	Root;Basidiomycota;Agaricomycetes;Hymenochaetales;Hymenochaetaceae;Inonotus;Inonotus_linteus
AJ307021	Root;Ascomycota;Dothideomycetes;Capnodiales;Mycosphaerellaceae;Phloeospora;Phloeospora_mimosae_pigrae
U10409	Root;Ascomycota;Saccharomycetes;Saccharomycetales;Saccharomycopsidaceae;Saccharomycopsis;Saccharomycopsis_fibuligera
AF373978	Root;Ascomycota;Eurotiomycetes;Pyrenulales;Xanthopyreniaceae;Pyrenocollema;Pyrenocollema_halodytes
AF373985	Root;Ascomycota;Eurotiomycetes;Pyrenulales;Xanthopyreniaceae;Collemopsidium;Collemopsidium_foveolata
EF136366	Root;Ascomycota;Eurotiomycetes;Eurotiales;Trichocomaceae;Penicillium;Penicillium_thiersii
AF309613	Root;Ascomycota;Dothideomycetes;Capnodiales;Mycosphaerellaceae;Phaeophleospora;Phaeophleospora_eugeniae
EF546655	Root;Ascomycota;Sordariomycetes;Hypocreales;Ophiocordycipitaceae;Hirsutella;Hirsutella_rhossiliensis
EU295634	Root;Ascomycota;Dothideomycetes;Pleosporales;Montagnulaceae;Paraconiothyrium;Paraconiothyrium_brasiliense
AF387653	Root;Ascomycota;Pezizomycetes;Pezizales;Pyronemataceae;Phaeangium;Phaeangium_lefebvrei
EF411225	Root;Ascomycota;Sordariomycetes;Hypocreales;Cordycipitaceae;Isaria;Isaria_tenuipes
EF411226	Root;Ascomycota;Sordariomycetes;Hypocreales;Cordycipitaceae;Phytocordyceps;Phytocordyceps_ninchukispora
EF568065	Root;Ascomycota;Saccharomycetes;Saccharomycetales;Saccharomycetaceae;Kuraishia;Kuraishia_capsulata
EF447406	Root;Ascomycota;Sordariomycetes;Diaporthales;Valsaceae;Leucostoma;Leucostoma_cinctum
EF636923	Root;Basidiomycota;Agaricomycetes;Agaricales;Lyophyllaceae;Termitomyces;Termitomyces_DKA_2007
AJ289626	Root;Basidiomycota;Agaricomycetes;Hymenochaetales;Hymenochaetaceae;Phellopilus;Phellopilus_nigrolimitatus
AF297672	Root;Ascomycota;Lecanoromycetes;Umbilicariales;Umbilicariaceae;Umbilicaria;Umbilicaria_subglabra
DQ534463	Root;Ascomycota;Lecanoromycetes;Lecanorales;Cladoniaceae;Cladonia;Cladonia_pyxidata
DQ534479	Root;Ascomycota;Lecanoromycetes;Agyriales;Agyriaceae;Placopsis;Placopsis_contortuplicata
AF444418	Root;Basidiomycota;Tremellomycetes;Cystofilobasidiales;Cystofilobasidiaceae;Guehomyces;Guehomyces_pullulans
FJ861426	Root;Ascomycota;Eurotiomycetes;Eurotiales;Trichocomaceae;Penicillium;Penicillium_herquei
EU086776	Root;Ascomycota;Pezizomycetes;Pezizales;Morchellaceae;Morchella;Morchella_esculenta
AB080512	Root;Ascomycota;Leotiomycetes;Erysiphales;Erysiphaceae;Phyllactinia;Phyllactinia_guttata
FJ897717	Root;Ascomycota;Eurotiomycetes;Onygenales;Arthrodermataceae;Arthroderma;Microsporum_gypseum
EF493291	Root;Basidiomycota;Agaricomycetes;Russulales;Russulaceae;Lactarius;Lactarius_evosmus
EU118639	Root;Basidiomycota;Agaricomycetes;Corticiales;Corticiaceae;Laetisaria;Laetisaria_fuciformis
EU123800	Root;Ascomycota;Leotiomycetes;Helotiales;Sclerotiniaceae;Sclerotinia;Sclerotinia_homoeocarpa
AB361654	Root;Ascomycota;Eurotiomycetes;Onygenales;Onygenaceae;Uncinocarpus;Uncinocarpus_reesii
EU149926	Root;Ascomycota;Sordariomycetes;Hypocreales;Ophiocordycipitaceae;Ophiocordyceps;Ophiocordyceps_crinalis
AF332112	Root;Ascomycota;Lecanoromycetes;Lecanorales;Hymeneliaceae;Aspicilia;Aspicilia_cinerea
AF332127	Root;Ascomycota;Lecanoromycetes;Pertusariales;Pertusariaceae;Pertusaria;Pertusaria_pertusa
EU056944	Root;Basidiomycota;Agaricomycetes;Agaricales;Cortinariaceae;Cortinarius;Cortinarius_caroviolaceus
EF652509	Root;Ascomycota;Eurotiomycetes;Eurotiales;Trichocomaceae;Aspergillus;Aspergillus_unguis
AM269795	Root;Basidiomycota;Agaricomycetes;Hymenochaetales;Hymenochaetaceae;Fuscoporia;Fuscoporia_gilva
FJ845444	Root;Basidiomycota;Agaricomycetes;Agaricales;Tricholomataceae;Tricholoma;Tricholoma_vaccinum
DQ388878	Root;Ascomycota;Pezizomycetes;Pezizales;Tuberaceae;Tuber;Tuber_aestivum
EF608061	Root;Ascomycota;Sordariomycetes;Phyllachorales;Phyllachoraceae;Colletotrichum;Colletotrichum_sp
AY725556	Root;Ascomycota;Dothideomycetes;Capnodiales;Mycosphaerellaceae;Mycosphaerella;Mycosphaerella_marksii
EU137332	Root;Ascomycota;Eurotiomycetes;Chaetothyriales;Herpotrichiellaceae;Exophiala;Exophiala_angulospora
EU081962	Root;Basidiomycota;Agaricomycetes;Agaricales;Agaricaceae;Lepiota;Lepiota_cristata
EU266501	Root;Basidiomycota;Tremellomycetes;Tremellales;Tremellaceae;Dioszegia;Dioszegia_hungarica
AJ302468	Root;Ascomycota;Sordariomycetes;Xylariales;Diatrypaceae;Eutypella;Eutypella_cerviculata
GU234052	Root;Basidiomycota;Agaricomycetes;Agaricales;Cortinariaceae;Cortinarius;Cortinarius_obtusus
EF493295	Root;Basidiomycota;Agaricomycetes;Russulales;Russulaceae;Lactarius;Lactarius_mitissimus
EF512983	Root;Ascomycota;Sordariomycetes;Hypocreales;Cordycipitaceae;Lecanicillium;Lecanicillium_muscarium
EU266079	Root;Ascomycota;Lecanoromycetes;Lecanorales;Parmeliaceae;Evernia;Evernia_prunastri
EU266080	Root;Ascomycota;Lecanoromycetes;Lecanorales;Cladoniaceae;Cladonia;Cladonia_furcata
EU266090	Root;Ascomycota;Lecanoromycetes;Lecanorales;Lecanoraceae;Protoparmeliopsis;Lecanora_muralis
EU266100	Root;Ascomycota;Lecanoromycetes;Teloschistales;Physciaceae;Phaeophyscia;Phaeophyscia_melanchra
EU266103	Root;Ascomycota;Lecanoromycetes;Lecanorales;Parmeliaceae;Parmelia;Parmelia_omphalodes
AF438570	Root;Basidiomycota;Agaricomycetes;Agaricales;Cortinariaceae;Cortinarius;Cortinarius_caninus
EF595847	Root;Basidiomycota;Agaricomycetes;Agaricales;Marasmiaceae;Flammulina;Flammulina_rossica
AM888375	Root;Ascomycota;Sordariomycetes;Hypocreales;Hypocreaceae;Trichoderma;Trichoderma_inhamatum
AY884183	Root;Basidiomycota;Agaricomycetes;Polyporales;Ganodermataceae;Ganoderma;Ganoderma_australe
EU379209	Root;Chytridiomycota;Chytridiomycetes;Rhizophlyctidales;Rhizophlyctidaceae;Rhizophlyctis;Rhizophlyctis_rosea
EU327195	Root;Ascomycota;Pezizomycetes;Pezizales;Morchellaceae;Imaia;Imaia_gigantea
FJ441663	Root;Ascomycota;Sordariomycetes;Phyllachorales;Phyllachoraceae;Colletotrichum;Colletotrichum_boninense
GU598069	Root;Basidiomycota;Pucciniomycetes;Pucciniales;Pucciniaceae;Puccinia;Puccinia_coronata
EU486435	Root;Basidiomycota;Agaricomycetes;Agaricales;Tricholomataceae;Pleurotopsis;Pleurotopsis_longinqua
EU523587	Root;Basidiomycota;Agaricomycetes;Agaricales;Cortinariaceae;Inocybe;Inocybe_griseolilacina
EU525996	Root;Basidiomycota;Agaricomycetes;Thelephorales;Thelephoraceae;Thelephora;Thelephora_terrestris
EU526002	Root;Basidiomycota;Agaricomycetes;Agaricales;Entolomataceae;Entoloma;Entoloma_madidum
EU526005	Root;Basidiomycota;Agaricomycetes;Boletales;Boletaceae;Boletus;Boletus_subtomentosus
EF051729	Root;Ascomycota;Sordariomycetes;Hypocreales;Clavicipitaceae;Metarhizium;Metarhizium_anisopliae
GU134172	Root;Ascomycota;Sordariomycetes;Ophiostomatales;Ophiostomataceae;Ophiostoma;Ophiostoma_minus
EU551192	Root;Ascomycota;Sordariomycetes;Hypocreales;Nectriaceae;Cylindrocladiella;Cylindrocladiella_peruviana
EU569769	Root;Ascomycota;Lecanoromycetes;Teloschistales;Teloschistaceae;Xanthoria;Xanthoria_elegans
GQ267473	Root;Basidiomycota;Agaricomycetes;Agaricales;Cortinariaceae;Inocybe;Inocybe_lacera
AY014227	Root;Basidiomycota;Microbotryomycetes;Microbotryales;Microbotryaceae;Microbotryum;Microbotryum_violaceum
AF501559	Root;Basidiomycota;Agaricomycetes;Agaricales;Cortinariaceae;Gymnopilus;Gymnopilus_sapineus
AF325665	Root;Basidiomycota;Agaricomycetes;Agaricales;Cortinariaceae;Inocybe;Inocybe_calospora
AF454425	Root;Basidiomycota;Agaricomycetes;Russulales;Auriscalpiaceae;Artomyces;Artomyces_stephenii
AJ309335	Root;Ascomycota;Sordariomycetes;Hypocreales;Ophiocordycipitaceae;Ophiocordyceps;Ophiocordyceps_robertsii
GQ452059	Root;Basidiomycota;Agaricomycetes;Russulales;Russulaceae;Russula;Russula_cyanoxantha
EU598154	Root;Basidiomycota;Agaricomycetes;Russulales;Russulaceae;Lactarius;Lactarius_corrugis
EU589152	Root;Ascomycota;Sordariomycetes;Hypocreales;Bionectriaceae;Bionectria;Bionectria_ochroleuca
EU583422	Root;Basidiomycota;Agaricomycetes;Hymenochaetales;Schizoporaceae;Hyphodontia;Hyphodontia_niemelaei
EU434855	Root;Ascomycota;Leotiomycetes;Helotiales;Vibrisseaceae;Vibrissea;Vibrissea_truncorum
U56033	Root;Basidiomycota;Agaricomycetes;Agaricales;Cortinariaceae;Cortinarius;Cortinarius_vibratilis
AF394046	Root;Ascomycota;Pezizomycetes;Pezizales;Sarcoscyphaceae;Microstoma;Microstoma_floccosum
FJ481033	Root;Basidiomycota;Agaricomycetes;Agaricales;Lycoperdaceae;Vascellum;Vascellum_pratense
EU670232	Root;Ascomycota;Lecanoromycetes;Teloschistales;Physciaceae;Physconia;Physconia_detersa
AF229470	Root;Ascomycota;Dothideomycetes;Pleosporales;Pleosporaceae;Alternaria;Alternaria_porri
FJ473426	Root;Ascomycota;Dothideomycetes;Capnodiales;Mycosphaerellaceae;Cercospora;Cercospora_beticola
EU622257	Root;Basidiomycota;Agaricomycetes;Agaricales;Lycoperdaceae;Lycoperdon;Lycoperdon_perlatum
EU622846	Root;Basidiomycota;Agaricomycetes;Corticiales;Corticiaceae;Limonomyces;Limonomyces_roseipellis
EU652342	Root;Basidiomycota;Agaricomycetes;Gomphales;Gomphaceae;Ramaria;Ramaria_largentii
EU652348	Root;Ascomycota;Leotiomycetes;Rhytismatales;Cudoniaceae;Cudonia;Cudonia_monticola
EU664474	Root;Ascomycota;Eurotiomycetes;Eurotiales;Trichocomaceae;Aspergillus;Aspergillus_candidus
EU715623	Root;Ascomycota;Sordariomycetes;Xylariales;Xylariaceae;Xylaria;Xylaria_curta
AB180368	Root;Basidiomycota;Exobasidiomycetes;Exobasidiales;Exobasidiaceae;Exobasidium;Exobasidium_bisporum
EF447378	Root;Ascomycota;Sordariomycetes;Diaporthales;Valsaceae;Valsa;Cytospora_nivea
EU520144	Root;Basidiomycota;Agaricomycetes;Agaricales;Coprinaceae;Coprinus;Coprinus_silvaticus
FJ462754	Root;Basidiomycota;Agaricomycetes;Auriculariales;Auriculariaceae;Auricularia;Auricularia_auricula_judae
EU697243	Root;Ascomycota;Pezizomycetes;Pezizales;Helvellaceae;Helvella;Helvella_crassitunica
EU697272	Root;Basidiomycota;Agaricomycetes;Boletales;Suillaceae;Truncocolumella;Truncocolumella_rubra
EU597082	Root;Basidiomycota;Agaricomycetes;Russulales;Russulaceae;Russula;Russula_crassotunicata
EU918702	Root;Ascomycota;Sordariomycetes;Hypocreales;Cordycipitaceae;Lecanicillium;Lecanicillium_psalliotae
EU623740	Root;Basidiomycota;Agaricomycetes;Agaricales;Marasmiaceae;Megacollybia;Megacollybia_fusca
FJ194521	Root;Ascomycota;Dothideomycetes;Capnodiales;Mycosphaerellaceae;Mycosphaerella;Ascochyta_pinodes
GQ328758	Root;Basidiomycota;Pucciniomycetes;Pucciniales;Melampsoraceae;Melampsora;Melampsora_magnusiana
AF349714	Root;Basidiomycota;Agaricomycetes;Russulales;Russulaceae;Russula;Russula_brevipes
EU707817	Root;Ascomycota;Lecanoromycetes;Lecanorales;Parmeliaceae;Hypogymnia;Hypogymnia_imshaugii
EU852799	Root;Ascomycota;Pezizomycetes;Pezizales;Pyronemataceae;Otidea;Otidea_smithii
EU669227	Root;Basidiomycota;Agaricomycetes;Thelephorales;Bankeraceae;Sarcodon;Sarcodon_fuscoindicus
FM205695	Root;Ascomycota;Pezizomycetes;Pezizales;Tuberaceae;Tuber;Tuber_puberulum
EU837202	Root;Ascomycota;Pezizomycetes;Pezizales;Discinaceae;Gyromitra;Gyromitra_californica
EU819415	Root;Basidiomycota;Agaricomycetes;Cantharellales;Clavulinaceae;Clavulina;Clavulina_cristata
EU819418	Root;Basidiomycota;Agaricomycetes;Atheliales;Atheliaceae;Piloderma;Piloderma_byssinum
EU819448	Root;Basidiomycota;Agaricomycetes;Agaricales;Tricholomataceae;Tricholoma;Tricholoma_sulphureum
EU819453	Root;Basidiomycota;Agaricomycetes;Boletales;Boletaceae;Boletus;Boletus_pulverulentus
EU645679	Root;Ascomycota;Eurotiomycetes;Eurotiales;Trichocomaceae;Aspergillus;Aspergillus_japonicus
FJ549440	Root;Ascomycota;Eurotiomycetes;Eurotiales;Trichocomaceae;Aspergillus;Aspergillus_aculeatus
AM774155	Root;Ascomycota;Sordariomycetes;Microascales;Microascaceae;Wardomyces;Wardomyces_inflatus
EU872426	Root;Basidiomycota;Agaricomycetes;Polyporales;Phanerochaetaceae;Phanerochaete;Phanerochaete_chrysosporium
FJ403472	Root;Basidiomycota;Agaricomycetes;Agaricales;Psathyrellaceae;Coprinopsis;Coprinopsis_strossmayeri
EU696874	Root;Basidiomycota;Agaricomycetes;Thelephorales;Thelephoraceae;Thelephora;Thelephora_ganbajun
EU718116	Root;Basidiomycota;Agaricomycetes;Boletales;Sclerodermataceae;Scleroderma;Scleroderma_areolatum
EU706334	Root;Basidiomycota;Agaricomycetes;Boletales;Gomphidiaceae;Chroogomphus;Chroogomphus_pseudotomentosus
FJ617293	Root;Basidiomycota;Agaricomycetes;Auriculariales;Auriculariaceae;Auricularia;Auricularia_polytricha
EU930087	Root;Basidiomycota;Pucciniomycetes;Pucciniales;Phakopsoraceae;Phakopsora;Phakopsora_pachyrhizi
GU295946	Root;Ascomycota;Sordariomycetes;Sordariales;Chaetomiaceae;Chaetomium;Chaetomium_globosum
AF444331	Root;Basidiomycota;Tremellomycetes;Tremellales;Tremellaceae;Tremella;Tremella_moriformis
EF592116	Root;Basidiomycota;Microbotryomycetes;Sporidiobolales;Sporidiobolaceae;Sporidiobolus;Sporidiobolus_salmonicolor
FJ153216	Root;Ascomycota;Saccharomycetes;Saccharomycetales;Saccharomycetaceae;Kazachstania;Kazachstania_exigua
GQ340441	Root;Ascomycota;Saccharomycetes;Saccharomycetales;Saccharomycetaceae;Lachancea;Lachancea_thermotolerans
EF121861	Root;Ascomycota;Sordariomycetes;Hypocreales;Nectriaceae;Cosmospora;Cosmospora_consors
EU486452	Root;Basidiomycota;Agaricomycetes;Russulales;Russulaceae;Russula;Russula_cremoricolor
FJ157040	Root;Basidiomycota;Agaricomycetes;Agaricales;Cortinariaceae;Cortinarius;Cortinarius_cyanites
FJ845434	Root;Basidiomycota;Agaricomycetes;Russulales;Russulaceae;Russula;Russula_sanguinea
EU833201	Root;Ascomycota;Eurotiomycetes;Chaetothyriales;Herpotrichiellaceae;Capronia;Capronia_semiimmersa
DQ497616	Root;Ascomycota;Taphrinomycetes;Taphrinales;Taphrinaceae;Taphrina;Taphrina_wiesneri
FJ195752	Root;Basidiomycota;Dacrymycetes;Dacrymycetales;Dacrymycetaceae;Calocera;Calocera_cornea
FJ231440	Root;Ascomycota;Saccharomycetes;Saccharomycetales;Saccharomycodaceae;Hanseniaspora;Hanseniaspora_vineae
FJ205447	Root;Ascomycota;Sordariomycetes;Xylariales;Xylariaceae;Xylaria;Xylaria_enteroleuca
FJ205452	Root;Ascomycota;Sordariomycetes;Hypocreales;Hypocreaceae;Trichoderma;Trichoderma_asperellum
EU784265	Root;Basidiomycota;Agaricomycetes;Russulales;Hericiaceae;Hericium;Hericium_erinaceum
EU784297	Root;Basidiomycota;Agaricomycetes;Agaricales;Hygrophoraceae;Hygrocybe;Hygrocybe_colemanniana
EU784302	Root;Basidiomycota;Agaricomycetes;Agaricales;Hygrophoraceae;Hygrocybe;Hygrocybe_flavipes
EU784279	Root;Basidiomycota;Agaricomycetes;Agaricales;Hygrophoraceae;Hygrocybe;Hygrocybe_aurantiosplendens
EU784364	Root;Basidiomycota;Agaricomycetes;Boletales;Hymenogasteraceae;Hymenogaster;Hymenogaster_tener
EU784373	Root;Ascomycota;Leotiomycetes;Helotiales;Geoglossaceae;Microglossum;Microglossum_olivaceum
EU784404	Root;Basidiomycota;Agaricomycetes;Thelephorales;Bankeraceae;Sarcodon;Sarcodon_scabrosus
EU784429	Root;Ascomycota;Pezizomycetes;Pezizales;Tuberaceae;Tuber;Tuber_rapaeodorum
EU784442	Root;Ascomycota;Leotiomycetes;Helotiales;Geoglossaceae;Trichoglossum;Trichoglossum_hirsutum
FJ426395	Root;Basidiomycota;Agaricomycetes;Agaricales;Schizophyllaceae;Schizophyllum;Schizophyllum_commune
GQ267477	Root;Basidiomycota;Agaricomycetes;Agaricales;Hydnangiaceae;Laccaria;Laccaria_proxima
AB469378	Root;Ascomycota;Saccharomycetes;Saccharomycetales;Saccharomycetaceae;Torulaspora;Torulaspora_delbrueckii
AB096055	Root;Basidiomycota;Agaricomycetes;Agaricales;Amanitaceae;Amanita;Amanita_rubrovolvata
FJ860053	Root;Basidiomycota;Agaricomycetes;Hymenochaetales;Hymenochaetaceae;Inonotus;Inonotus_rickii
AF377203	Root;Basidiomycota;Agaricomycetes;Agaricales;Tricholomataceae;Tricholoma;Tricholoma_vernaticum
GQ340556	Root;Ascomycota;Eurotiomycetes;Eurotiales;Trichocomaceae;Penicillium;Penicillium_crustosum
FJ375333	Root;Basidiomycota;Agaricomycetes;Agaricales;Amanitaceae;Amanita;Amanita_orientifulva
FJ441013	Root;Ascomycota;Sordariomycetes;Hypocreales;Nectriaceae;Fusarium;Fusarium_redolens
FM163198	Root;Basidiomycota;Agaricomycetes;Agaricales;Psathyrellaceae;Parasola;Parasola_lilatincta
FJ464595	Root;Basidiomycota;Agaricomycetes;Agaricales;Strophariaceae;Pholiota;Pholiota_adiposa
DQ139996	Root;Basidiomycota;Agaricomycetes;Agaricales;Cortinariaceae;Cortinarius;Cortinarius_neofurvolaesus
EU935527	Root;Basidiomycota;Agaricomycetes;Agaricales;Marasmiaceae;Marasmius;Marasmius_haematocephalus
AY061688	Root;Basidiomycota;Agaricomycetes;Russulales;Russulaceae;Russula;Russula_maculata
AY061739	Root;Basidiomycota;Agaricomycetes;Russulales;Gloeocystidiellaceae;Gloeocystidiellum;Gloeocystidiellum_aculeatum
FJ532370	Root;Ascomycota;Lecanoromycetes;Lecanorales;Hymeneliaceae;Aspicilia;Aspicilia_aquatica
FJ594063	Root;Basidiomycota;Agaricomycetes;Polyporales;Meruliaceae;Phlebia;Phlebia_lindtneri
FJ603575	Root;Ascomycota;Dothideomycetes;Botryosphaeriales;Botryosphaeriaceae;Phyllosticta;Phyllosticta_vaccinii
FJ603607	Root;Ascomycota;Sordariomycetes;Xylariales;Hyponectriaceae;Physalospora;Physalospora_vaccinii
FJ608592	Root;Basidiomycota;Agaricomycetes;Agaricales;Pleurotaceae;Pleurotus;Pleurotus_cystidiosus
EU982643	Root;Ascomycota;Lecanoromycetes;Peltigerales;Collemataceae;Leptogium;Leptogium_furfuraceum
FJ538318	Root;Ascomycota;Dothideomycetes;Capnodiales;Mycosphaerellaceae;Guignardia;Guignardia_citricarpa
FJ624258	Root;Ascomycota;Dothideomycetes;Pleosporales;Sporormiaceae;Westerdykella;Westerdykella_purpurea
FJ643076	Root;Ascomycota;Sordariomycetes;Hypocreales;Cordycipitaceae;Torrubiella;Lecanicillium_lecanii
FJ627260	Root;Basidiomycota;Agaricomycetes;Hymenochaetales;Hymenochaetaceae;Phellinus;Phellinus_laevigatus
FJ379273	Root;Basidiomycota;Agaricomycetes;Agaricales;Pluteaceae;Volvariella;Volvariella_volvacea
AY174089	Root;Ascomycota;Saccharomycetes;Saccharomycetales;Metschnikowiaceae;Clavispora;Clavispora_lusitaniae
FJ501582	Root;Basidiomycota;Agaricomycetes;Agaricales;Marasmiaceae;Armillaria;Armillaria_mellea
FJ487938	Root;Ascomycota;Eurotiomycetes;Eurotiales;Trichocomaceae;Paecilomyces;Paecilomyces_variotii
DQ066710	Root;Ascomycota;Lecanoromycetes;Peltigerales;Nephromataceae;Nephroma;Nephroma_resupinatum
FJ798605	Root;Ascomycota;Sordariomycetes;Xylariales;Amphisphaeriaceae;Pestalotiopsis;Pestalotiopsis_microspora
FJ713078	Root;Basidiomycota;Agaricomycetes;Agaricales;Psathyrellaceae;Coprinopsis;Coprinopsis_cinerea
HQ328028	Root;Ascomycota;Sordariomycetes;Hypocreales;Nectriaceae;Nectria;Nectria_mauritiicola
AM981250	Root;Basidiomycota;Agaricomycetes;Polyporales;Polyporaceae;Trametes;Trametes_versicolor
FJ852595	Root;Ascomycota;Dothideomycetes;Pleosporales;Corynesporascaceae;Corynespora;Corynespora_olivacea
FJ710195	Root;Basidiomycota;Agaricomycetes;Boletales;Calostomataceae;Calostoma;Calostoma_orirubrum
FJ710190	Root;Basidiomycota;Agaricomycetes;Boletales;Calostomataceae;Calostoma;Calostoma_fuscum
FJ861982	Root;Ascomycota;Leotiomycetes;Rhytismatales;Rhytismataceae;Lophodermium;Lophodermium_minor
GU062273	Root;Ascomycota;Leotiomycetes;Helotiales;Dermateaceae;Cryptosporiopsis;Cryptosporiopsis_radicicola
EU819525	Root;Ascomycota;Pezizomycetes;Pezizales;Tuberaceae;Tuber;Tuber_scruposum
FJ824647	Root;Ascomycota;Sordariomycetes;Hypocreales;Hypocreaceae;Hypocrea;Hypocrea_pachybasioides
FM202494	Root;Basidiomycota;Agaricomycetes;Polyporales;Meripilaceae;Physisporinus;Physisporinus_vitreus
FJ375252	Root;Basidiomycota;Agaricomycetes;Agaricales;Pluteaceae;Pluteus;Pluteus_thomsonii
FJ348707	Root;Basidiomycota;Agaricomycetes;Russulales;Russulaceae;Lactarius;Lactarius_badiopallescens
AF405301	Root;Ascomycota;Sordariomycetes;Xylariales;Amphisphaeriaceae;Bartalinia;Bartalinia_robillardoides
AF492112	Root;Ascomycota;Taphrinomycetes;Taphrinales;Taphrinaceae;Taphrina;Taphrina_pruni
FJ884097	Root;Ascomycota;Sordariomycetes;Hypocreales;Nectriaceae;Fusarium;Fusarium_polyphialidicum
FM993284	Root;Basidiomycota;Agaricomycetes;Russulales;Russulaceae;Lactarius;Lactarius_spinosulus
FJ645261	Root;Ascomycota;Eurotiomycetes;Verrucariales;Verrucariaceae;Bagliettoa;Verrucaria_baldensis
AF418623	Root;Basidiomycota;Agaricomycetes;Russulales;Russulaceae;Russula;Russula_cavipes
U85317	Root;Basidiomycota;Agaricomycetes;Agaricales;Agaricaceae;Leucoagaricus;Leucoagaricus_americanus
AF345821	Root;Basidiomycota;Agaricomycetes;Agaricales;Coprinaceae;Coprinus;Coprinus_sterquilinus
FJ872075	Root;Ascomycota;Pezizomycetes;Pezizales;Pezizaceae;Chromelosporium;Chromelosporium_carneum
FJ903295	Root;Ascomycota;Lecanoromycetes;Agyriales;Agyriaceae;Sarea;Sarea_difformis
FJ411097	Root;Basidiomycota;Agaricomycetes;Polyporales;Polyporaceae;Perenniporia;Perenniporia_ochroleuca
FJ664849	Root;Ascomycota;Eurotiomycetes;Verrucariales;Verrucariaceae;Verrucaria;Verrucaria_elaeina
FJ426985	Root;Ascomycota;Dothideomycetes;Pleosporales;Leptosphaeriaceae;Paraphoma;Paraphoma_chrysanthemicola
FJ431272	Root;Basidiomycota;Agaricomycetes;Agaricales;Marasmiaceae;Marasmius;Marasmius_siccus
FJ431277	Root;Basidiomycota;Agaricomycetes;Agaricales;Marasmiaceae;Marasmius;Marasmius_tenuissimus
FJ839620	Root;Ascomycota;Leotiomycetes;Helotiales;Hyaloscyphaceae;Haplographium;Haplographium_catenatum
U92306	Root;Ascomycota;Leotiomycetes;Rhytismatales;Rhytismataceae;Colpoma;Colpoma_quercinum
AF491621	Root;Ascomycota;Pezizomycetes;Pezizales;Pezizaceae;Peziza;Peziza_ammophila
GQ340442	Root;Ascomycota;Saccharomycetes;Saccharomycetales;Saccharomycetaceae;Lachancea;Lachancea_fermentati
FJ572248	Root;Basidiomycota;Agaricomycetes;Agaricales;Pleurotaceae;Pleurotus;Pleurotus_eryngii_var_ferulae
GQ253451	Root;Basidiomycota;Agaricomycetes;Hymenochaetales;Hymenochaetaceae;Inocutis;Inocutis_tamaricis
GQ253457	Root;Basidiomycota;Agaricomycetes;Hymenochaetales;Hymenochaetaceae;Fomitiporia;Fomitiporia_mediterranea
GQ253463	Root;Basidiomycota;Agaricomycetes;Hymenochaetales;Hymenochaetaceae;Inonotus;Inonotus_obliquus
AB516663	Root;Ascomycota;Leotiomycetes;Helotiales;Sclerotiniaceae;Sclerotinia;Sclerotinia_sclerotiorum
AY061735	Root;Basidiomycota;Agaricomycetes;Russulales;Russulaceae;Russula;Russula_laurocerasi
GQ355959	Root;Basidiomycota;Agaricomycetes;Polyporales;Meripilaceae;Meripilus;Meripilus_giganteus
DQ083010	Root;Ascomycota;Sordariomycetes;Hypocreales;Hypocreaceae;Trichoderma;Trichoderma_velutinum
FJ774077	Root;Basidiomycota;Agaricomycetes;Agaricales;Pluteaceae;Pluteus;Pluteus_aurantiorugosus
U61390	Root;Ascomycota;Pezizomycetes;Pezizales;Morchellaceae;Morchella;Morchella_elata
GQ397996	Root;Basidiomycota;Agaricomycetes;Hymenochaetales;Hymenochaetaceae;Coltricia;Coltricia_perennis
GQ479544	Root;Ascomycota;Dothideomycetes;Capnodiales;Mycosphaerellaceae;Mycosphaerella;Mycosphaerella_populicola
AF454086	Root;Ascomycota;Eurotiomycetes;Eurotiales;Trichocomaceae;Thysanophora;Thysanophora_penicillioides
DQ149849	Root;Basidiomycota;Agaricomycetes;Agaricales;Hydnangiaceae;Laccaria;Laccaria_laccata_var_pallidifolia
GQ925392	Root;Basidiomycota;Agaricomycetes;Agaricales;Amanitaceae;Amanita;Amanita_pseudoinculta
GU062284	Root;Ascomycota;Sordariomycetes;Xylariales;Xylariaceae;Annulohypoxylon;Annulohypoxylon_multiforme
AY684178	Root;Basidiomycota;Agaricomycetes;Polyporales;Polyporaceae;Trametes;Trametes_elegans
AM882908	Root;Basidiomycota;Agaricomycetes;Agaricales;Cortinariaceae;Inocybe;Inocybe_amblyspora
AF542377	Root;Ascomycota;Eurotiomycetes;Chaetothyriales;Herpotrichiellaceae;Exophiala;Exophiala_mesophila
AB099942	Root;Ascomycota;Sordariomycetes;Hypocreales;Clavicipitaceae;Cordyceps;Cordyceps_cylindrica
EF493293	Root;Basidiomycota;Agaricomycetes;Russulales;Russulaceae;Lactarius;Lactarius_tabidus
GU222266	Root;Basidiomycota;Agaricomycetes;Polyporales;Meripilaceae;Grifola;Grifola_sordulenta
GU138702	Root;Ascomycota;Leotiomycetes;Rhytismatales;Rhytismataceae;Lophodermium;Lophodermium_kumaunicum
GU138724	Root;Ascomycota;Leotiomycetes;Rhytismatales;Rhytismataceae;Coccomyces;Coccomyces_dentatus
AB077621	Root;Ascomycota;Leotiomycetes;Erysiphales;Erysiphaceae;Golovinomyces;Golovinomyces_magnicellulatus
AF482869	Root;Basidiomycota;Agaricomycetes;Agaricales;Agaricaceae;Leucoagaricus;Leucoagaricus_purpureolilacinus
FM955448	Root;Ascomycota;Sordariomycetes;Sordariales;Lasiosphaeriaceae;Cladorrhinum;Cladorrhinum_bulbillosum
FJ914798	Root;Ascomycota;Lecanoromycetes;Lecanorales;Parmeliaceae;Flavocetraria;Flavocetraria_cucullata
AF352321	Root;Ascomycota;Lecanoromycetes;Teloschistales;Physciaceae;Diploicia;Diploicia_canescens
EF394843	Root;Ascomycota;Dothideomycetes;Capnodiales;Teratosphaeriaceae;Teratosphaeria;Teratosphaeria_mexicana
GU214627	Root;Ascomycota;Dothideomycetes;Capnodiales;Teratosphaeriaceae;Catenulostroma;Catenulostroma_protearum
AY245632	Root;Ascomycota;Sordariomycetes;Hypocreales;Clavicipitaceae;Cordyceps;Cordyceps_memorabilis
GU390882	Root;Ascomycota;Dothideomycetes;Pleosporales;Pleosporaceae;Bipolaris;Bipolaris_cactivora
AY558652	Root;Basidiomycota;Agaricomycetes;Hymenochaetales;Hymenochaetaceae;Phellinus;Phellinus_tuberculosus
GQ329043	Root;Basidiomycota;Agaricomycetes;Agaricales;Agaricaceae;Leucoagaricus;Leucoagaricus_tener
GQ329046	Root;Basidiomycota;Agaricomycetes;Agaricales;Agaricaceae;Leucoagaricus;Leucoagaricus_croceovelutinus
AY218427	Root;Basidiomycota;Agaricomycetes;Polyporales;Sparassidaceae;Sparassis;Sparassis_crispa
AB551948	Root;Ascomycota;Dothideomycetes;Pleosporales;Pleomassariaceae;Helminthosporium;Helminthosporium_velutinum
AF490393	Root;Basidiomycota;Tremellomycetes;Tremellales;Exidiaceae;Sebacina;Sebacina_aff_epigaea_MW_526
AY089739	Root;Basidiomycota;Agaricomycetes;Polyporales;Polyporaceae;Perenniporia;Perenniporia_subacida
AY606959	Root;Basidiomycota;Agaricomycetes;Russulales;Russulaceae;Lactifluus;Lactarius_volemus
GU968423	Root;Ascomycota;Sordariomycetes;Hypocreales;Nectriaceae;Albonectria;Albonectria_rigidiuscula
U51947	Root;Ascomycota;Orbiliomycetes;Orbiliales;Orbiliaceae;Arthrobotrys;Arthrobotrys_javanica
AY061724	Root;Basidiomycota;Agaricomycetes;Russulales;Russulaceae;Russula;Russula_vinosa
EU552138	Root;Ascomycota;Dothideomycetes;Pleosporales;Lophiostomataceae;Lophiostoma;Lophiostoma_cynaroidis
HM028640	Root;Ascomycota;Dothideomycetes;Botryosphaeriales;Botryosphaeriaceae;Botryosphaeria;Botryosphaeria_stevensii
HM107422	Root;Ascomycota;Dothideomycetes;Botryosphaeriales;Botryosphaeriaceae;Thyrostroma;Thyrostroma_carpophilum
AF191181	Root;Ascomycota;Sordariomycetes;Diaporthales;Valsaceae;Leucostoma;Leucostoma_persoonii
U38556	Root;Ascomycota;Sordariomycetes;Hypocreales;Nectriaceae;Gibberella;Fusarium_subglutinans
EU266099	Root;Ascomycota;Lecanoromycetes;Lecanorales;Parmeliaceae;Parmotrema;Parmotrema_reticulatum
AB481261	Root;Ascomycota;Leotiomycetes;Helotiales;Hyaloscyphaceae;Incrucipulum;Incrucipulum_radiatum
AB481265	Root;Ascomycota;Leotiomycetes;Helotiales;Hyaloscyphaceae;Lachnum;Lachnum_soppittii
AY154932	Root;Ascomycota;Sordariomycetes;Hypocreales;Hypocreaceae;Trichoderma;Trichoderma_tomentosum
AB509535	Root;Basidiomycota;Agaricomycetes;Russulales;Stereaceae;Stereum;Stereum_ostrea
U92307	Root;Ascomycota;Leotiomycetes;Rhytismatales;Rhytismataceae;Tryblidiopsis;Tryblidiopsis_pinastri
FN868479	Root;Ascomycota;Sordariomycetes;Xylariales;Amphisphaeriaceae;Truncatella;Truncatella_angustata
EF585519	Root;Ascomycota;Dothideomycetes;Botryosphaeriales;Botryosphaeriaceae;Neofusicoccum;Neofusicoccum_mangiferae
GQ927292	Root;Ascomycota;Lecanoromycetes;Peltigerales;Pannariaceae;Psoroma;Psoroma_cinnamomeum
HM240541	Root;Basidiomycota;Agaricomycetes;Russulales;Russulaceae;Russula;Russula_cascadensis
AB566325	Root;Ascomycota;Eurotiomycetes;Chaetothyriales;Herpotrichiellaceae;Cladophialophora;Cladophialophora_carrionii
DQ860780	Root;Ascomycota;Eurotiomycetes;Onygenales;Arthrodermataceae;Arthroderma;Arthroderma_cajetani
JQ711893	Root;Ascomycota;Leotiomycetes;Helotiales;Helotiaceae;Rhizoscyphus;Rhizoscyphus_ericae
HQ328047	Root;Ascomycota;Dothideomycetes;Pleosporales;Pleosporaceae;Epicoccum;Epicoccum_sorghi
HM359013	Root;Ascomycota;Eurotiomycetes;Chaetothyriales;Herpotrichiellaceae;Rhinocladiella;Rhinocladiella_mackenziei
GU980122	Root;Basidiomycota;Agaricomycetes;Agaricales;Physalacriaceae;Hymenopellis_chiangmaiae;Hymenopellis_chiangmaiae
AF345662	Root;Basidiomycota;Agaricomycetes;Agaricales;Pleurotaceae;Pleurotus;Pleurotus_levis
GU187529	Root;Basidiomycota;Agaricomycetes;Boletales;Coniophoraceae;Leucogyrophana;Leucogyrophana_romellii
HM126486	Root;Basidiomycota;Agaricomycetes;Agaricales;Psathyrellaceae;Coprinopsis;Coprinopsis_lagopus
AB481269	Root;Ascomycota;Leotiomycetes;Helotiales;Hyaloscyphaceae;Lachnum;Lachnum_virgineum
AY616700	Root;Ascomycota;Sordariomycetes;Xylariales;Xylariaceae;Hypoxylon;Hypoxylon_fuscum
AF505766	Root;Basidiomycota;Agaricomycetes;Agaricales;Marasmiaceae;Gymnopus;Gymnopus_dichrous
AY265221	Root;Basidiomycota;Agaricomycetes;Hymenochaetales;Hymenochaetaceae;Phellinus;Porodaedalea_pini
EF016381	Root;Ascomycota;Eurotiomycetes;Chaetothyriales;Herpotrichiellaceae;Cladophialophora;Cladophialophora_minutissima
GU234022	Root;Basidiomycota;Agaricomycetes;Agaricales;Marasmiaceae;Gymnopus;Gymnopus_alkalivirens
GU234078	Root;Basidiomycota;Agaricomycetes;Agaricales;Strophariaceae;Hypholoma;Hypholoma_myosotis
FJ168580	Root;Basidiomycota;Agaricomycetes;Agaricales;Bolbitiaceae;Hebeloma;Hebeloma_mesophaeum
HM467652	Root;Ascomycota;Dothideomycetes;Botryosphaeriales;Botryosphaeriaceae;Sphaeropsis;Sphaeropsis_sapinea
AF320634	Root;Glomeromycota;Glomeromycetes;Diversisporales;Acaulosporaceae;Acaulospora;Acaulospora_colossica
HQ108033	Root;Ascomycota;Dothideomycetes;Pleosporales;Phaeosphaeriaceae;Ampelomyces;Ampelomyces_quisqualis
EU070911	Root;Ascomycota;Sordariomycetes;Phyllachorales;Phyllachoraceae;Colletotrichum;Colletotrichum_destructivum
AB190871	Root;Ascomycota;Sordariomycetes;Calosphaeriales;Pleurostomataceae;Pleurostomophora;Pleurostomophora_repens
EF185083	Root;Basidiomycota;Ustilaginomycetes;Ustilaginales;Ustilaginaceae;Sporisorium;Sporisorium_scitamineum
HM597147	Root;Basidiomycota;Agaricomycetes;Corticiales;Corticiaceae;Waitea;Waitea_circinata
AY606964	Root;Basidiomycota;Agaricomycetes;Russulales;Russulaceae;Russula;Russula_puellaris
HQ225484	Root;Basidiomycota;Agaricomycetes;Polyporales;Polyporaceae;Polyporus;Polyporus_umbellatus
AF009176	Root;Ascomycota;Leotiomycetes;Erysiphales;Erysiphaceae;Golovinomyces;Golovinomyces_orontii
AB360370	Root;Ascomycota;Sordariomycetes;Hypocreales;Cordycipitaceae;Lecanicillium;Lecanicillium_fusisporum
JQ256427	Root;Ascomycota;Leotiomycetes;Helotiales;Geoglossaceae;Thuemenidium;Thuemenidium_atropurpureum
AF539471	Root;Ascomycota;Sordariomycetes;Microascales;Halosphaeriaceae;Lignincola;Lignincola_laevis
FJ664581	Root;Basidiomycota;Agaricomycetes;Agaricales;Marasmiaceae;Armillaria;Armillaria_ectypa
HQ234597	Root;Ascomycota;Lecanoromycetes;Teloschistales;Teloschistaceae;Caloplaca;Caloplaca_conversa
FR717868	Root;Basidiomycota;Tremellomycetes;Filobasidiales;Filobasidiaceae;Cryptococcus;Cryptococcus_macerans
AJ301709	Root;Ascomycota;Dothideomycetes;Pleosporales;Pleosporaceae;Alternaria;Alternaria_tenuissima
GU199417	Root;Ascomycota;Sordariomycetes;Diaporthales;Valsaceae;Cytospora;Cytospora_eucalypticola
HQ655815	Root;Ascomycota;Eurotiomycetes;Eurotiales;Trichocomaceae;Penicillium;Penicillium_simplicissimum
AY204590	Root;Ascomycota;Leotiomycetes;Leotiales;Leotiaceae;Alatospora;Alatospora_acuminata
AB071799	Root;Basidiomycota;Agaricomycetes;Agaricales;Psathyrellaceae;Coprinopsis;Coprinopsis_echinospora
GU300790	Root;Ascomycota;Lecanoromycetes;Lecanorales;Parmeliaceae;Pseudevernia;Pseudevernia_furfuracea
HM005147	Root;Basidiomycota;Agaricomycetes;Agaricales;Physalacriaceae;Protoxerula_flavo_olivacea;Protoxerula_flavo_olivacea
HQ637330	Root;Ascomycota;Sordariomycetes;Hypocreales;Hypocreaceae;Hypocrea;Hypocrea_schweinitzii
HQ604209	Root;Basidiomycota;Agaricomycetes;Agaricales;Cortinariaceae;Inocybe;Inocybe_subcarpta
HQ589220	Root;Basidiomycota;Agaricomycetes;Hymenochaetales;Hymenochaetaceae;Inonotus;Inonotus_porrectus
HM856642	Root;Ascomycota;Sordariomycetes;Hypocreales;Ophiocordycipitaceae;Ophiocordyceps;Ophiocordyceps_neovolkiana
HQ660442	Root;Ascomycota;Eurotiomycetes;Eurotiales;Trichocomaceae;Paecilomyces;Paecilomyces_carneus
AF042433	Root;Basidiomycota;Tremellomycetes;Tremellales;Tremellaceae;Tremella;Tremella_tropica
AJ537505	Root;Basidiomycota;Agaricomycetes;Thelephorales;Thelephoraceae;Thelephora;Thelephora_palmata
HQ650724	Root;Basidiomycota;Agaricomycetes;Agaricales;Amanitaceae;Amanita;Amanita_constricta
DQ367917	Root;Basidiomycota;Agaricomycetes;Boletales;Suillaceae;Suillus;Suillus_lakei
EF535707	Root;Ascomycota;Dothideomycetes;Capnodiales;Mycosphaerellaceae;Phaeoisariopsis;Phaeoisariopsis_griseola
HQ888720	Root;Blastocladiomycota;Blastocladiomycetes;Blastocladiales;Blastocladiaceae;Allomyces;Allomyces_javanicus
HQ888732	Root;Blastocladiomycota;Blastocladiomycetes;Blastocladiales;Catenariaceae;Catenaria;Catenaria_anguillulae
AF163025	Root;Ascomycota;Sordariomycetes;Hypocreales;Nectriaceae;Nectria;Nectria_cinnabarina
AY236323	Root;Glomeromycota;Glomeromycetes;Glomerales;Glomeraceae;Glomus;Glomus_etunicatum
AB015682	Root;Basidiomycota;Agaricomycetes;Agaricales;Amanitaceae;Amanita;Amanita_rubescens
FJ501577	Root;Basidiomycota;Agaricomycetes;Polyporales;Ganodermataceae;Ganoderma;Ganoderma_lucidum/Ganoderma_lucidum_fusant
FJ455097	Root;Ascomycota;Pezizomycetes;Pezizales;Tuberaceae;Tuber;Tuber_indicum
FR716676	Root;Ascomycota;Dothideomycetes;Scleroramularia_abundans;Scleroramularia_abundans;Scleroramularia_abundans;Scleroramularia_abundans
EU030345	Root;Ascomycota;Sordariomycetes;Xylariales;Amphisphaeriaceae;Pestalotiopsis;Pestalotiopsis_photiniae
DQ328124	Root;Basidiomycota;Agaricomycetes;Boletales;Hymenogasteraceae;Hymenogaster;Hymenogaster_arenarius
GU479307	Root;Basidiomycota;Agaricomycetes;Agaricales;Cortinariaceae;Protoglossum;Hymenogaster_niveus
HQ262500	Root;Ascomycota;Eurotiomycetes;Eurotiales;Trichocomaceae;Aspergillus;Aspergillus_tubingensis
HQ714768	Root;Basidiomycota;Agaricomycetes;Boletales;Paxillaceae;Alpova;Alpova_corsicus
DQ980019	Root;Ascomycota;Lecanoromycetes;Lecanorales;Parmeliaceae;Menegazzia;Menegazzia_terebrata
DQ681339	Root;Ascomycota;Eurotiomycetes;Eurotiales;Trichocomaceae;Penicillium;Penicillium_raistrickii
HM577230	Root;Ascomycota;Lecanoromycetes;Lecanorales;Lecanoraceae;Rhizoplaca;Rhizoplaca_subdiscrepans
AY509793	Root;Ascomycota;Lecanoromycetes;Lecanorales;Lecanoraceae;Rhizoplaca;Rhizoplaca_chrysoleuca
AF072224	Root;Ascomycota;Lecanoromycetes;Lecanorales;Parmeliaceae;Ahtiana;Ahtiana_sphaerosporella
JF313715	Root;Basidiomycota;Agaricomycetes;Agaricales;Hygrophoraceae;Hygrocybe;Hygrocybe_aff_flavescens_KWH_2011
JF710504	Root;Ascomycota;Dothideomycetes;Pleosporales;Pleosporaceae;Alternaria;Alternaria_brassicae
AF516573	Root;Basidiomycota;Agaricomycetes;Polyporales;Polyporaceae;Polyporus;Polyporus_squamosus
AF516578	Root;Basidiomycota;Agaricomycetes;Polyporales;Polyporaceae;Polyporus;Polyporus_varius
AF518760	Root;Basidiomycota;Agaricomycetes;Polyporales;Polyporaceae;Polyporus;Polyporus_dictyopus
FJ039634	Root;Basidiomycota;Agaricomycetes;Agaricales;Cortinariaceae;Cortinarius;Cortinarius_allutus
FJ039601	Root;Basidiomycota;Agaricomycetes;Agaricales;Cortinariaceae;Cortinarius;Cortinarius_olivaceopictus
AF418641	Root;Basidiomycota;Agaricomycetes;Russulales;Russulaceae;Russula;Russula_lepida
UDB001657	Root;Basidiomycota;Agaricomycetes;Thelephorales;Thelephoraceae;Tomentella;Tomentella_lapida
JF800094	Root;Ascomycota;Lecanoromycetes;Lecanorales;Parmeliaceae;Hypogymnia;Hypogymnia_physodes
HQ845056	Root;Basidiomycota;Agaricomycetes;Hymenochaetales;Hymenochaetaceae;Inonotus;Inonotus_vaninii
AY281003	Root;Basidiomycota;Agaricomycetes;Agaricales;Cortinariaceae;Gymnopilus;Gymnopilus_picreus
JF923600	Root;Ascomycota;Lecanoromycetes;Lecanorales;Ramalinaceae;Ramalina;Ramalina_conduplicans
HQ650607	Root;Ascomycota;Lecanoromycetes;Lecanorales;Ramalinaceae;Tephromela;Tephromela_atra
HQ650618	Root;Ascomycota;Lecanoromycetes;Lecanorales;Psoraceae;Protoblastenia;Protoblastenia_calva
HQ650619	Root;Ascomycota;Lecanoromycetes;Lecanorales;Psoraceae;Psora;Psora_decipiens
HQ650628	Root;Ascomycota;Lecanoromycetes;Teloschistales;Physciaceae;Buellia;Buellia_frigida
AB054038	Root;Ascomycota;Saccharomycetes;Saccharomycetales;Saccharomycodaceae;Hanseniaspora;Hanseniaspora_uvarum
JN198423	Root;Ascomycota;Eurotiomycetes;Eurotiales;Trichocomaceae;Penicillium;Penicillium_miczynskii
HQ897807	Root;Ascomycota;Sordariomycetes;Hypocreales;Nectriaceae;Pseudonectria;Pseudonectria_pachysandricola
DQ384577	Root;Basidiomycota;Agaricomycetes;Boletales;Paxillaceae;Alpova;Alpova_diplophloeus
HQ725080	Root;Ascomycota;Lecanoromycetes;Lecanorales;Parmeliaceae;Hypogymnia;Hypogymnia_macrospora
AY292453	Root;Basidiomycota;Pucciniomycetes;Platygloeales;Platygloeaceae;Helicobasidium;Helicobasidium_longisporum_II
AY194526	Root;Basidiomycota;Agaricomycetes;Agaricales;Bolbitiaceae;Conocybe;Conocybe_apala
AY194540	Root;Basidiomycota;Agaricomycetes;Agaricales;Bolbitiaceae;Conocybe;Conocybe_coprophila
JN192386	Root;Ascomycota;Dothideomycetes;Pleosporales;Pleosporaceae;Cochliobolus;Cochliobolus_ravenelii
HQ654894	Root;Ascomycota;Sordariomycetes;Diaporthales;Valsaceae;Valsa;Valsa_kunzei
EF569591	Root;Basidiomycota;Tremellomycetes;Filobasidiales;Filobasidiaceae;Cryptococcus;Cryptococcus_aureus
AF357027	Root;Basidiomycota;Agaricomycetes;Agaricales;Lyophyllaceae;Calocybe;Calocybe_gambosa
JF908096	Root;Basidiomycota;Agaricomycetes;Agaricales;Cortinariaceae;Inocybe;Inocybe_salicis_herbaceae
JF908252	Root;Basidiomycota;Agaricomycetes;Agaricales;Cortinariaceae;Inocybe;Inocybe_pelargonium
JF908754	Root;Ascomycota;Pezizomycetes;Pezizales;Morchellaceae;Verpa;Verpa_conica
HQ384310	Root;Basidiomycota;Agaricomycetes;Agaricales;Bolbitiaceae;Agrocybe;Agrocybe_salicacicola
JN596330	Root;Basidiomycota;Agaricomycetes;Polyporales;Ganodermataceae;Ganoderma;Ganoderma_mastoporum
GU188276	Root;Ascomycota;Orbiliomycetes;Orbiliales;Orbiliaceae;Orbilia;Orbilia_luteorubella
JF796259	Root;Ascomycota;Sordariomycetes;Phyllachorales;Phyllachoraceae;Colletotrichum;Colletotrichum_capsici
JN673050	Root;Ascomycota;Sordariomycetes;Sordariales;Lasiosphaeriaceae;Lasiosphaeria;Lasiosphaeria_ovina
DQ974704	Root;Basidiomycota;Agaricomycetes;Boletales;Boletaceae;Boletus;Boletus_zelleri
HQ455532	Root;Ascomycota;Lecanoromycetes;Umbilicariales;Ophioparmaceae;Boreoplaca;Boreoplaca_ultrafrigida
JN547260	Root;Basidiomycota;Agaricomycetes;Agaricales;Marasmiaceae;Marasmius;Marasmius_rotula
JN021546	Root;Ascomycota;Dothideomycetes;Pleosporales;Montagnulaceae;Paraconiothyrium;Paraconiothyrium_cyclothyrioides
FJ537107	Root;Ascomycota;Eurotiomycetes;Eurotiales;Trichocomaceae;Talaromyces;Talaromyces_flavus
JF922031	Root;Ascomycota;Eurotiomycetes;Eurotiales;Thermoascaceae;Thermoascus;Thermoascus_crustaceus
JN942224	Root;Basidiomycota;Microbotryomycetes;Microbotryales;Microbotryaceae;Microbotryum;Microbotryum_dianthorum
AF038321	Root;Ascomycota;Eurotiomycetes;Onygenales;Ajellomycetaceae;Emmonsia;Emmonsia_parva
JN865205	Root;Ascomycota;Dothideomycetes;Pleosporales;Tubeufiaceae;Thaxteriellopsis;Thaxteriellopsis_lignicola
FR750134	Root;Glomeromycota;Glomeromycetes;Diversisporales;Gigasporaceae;Racocetra;Racocetra_weresubiae
JN813403	Root;Ascomycota;Lecanoromycetes;Teloschistales;Teloschistaceae;Caloplaca;Caloplaca_cretensis
JN943381	Root;Ascomycota;Sordariomycetes;Microascales;Halosphaeriaceae;Corollospora;Corollospora_angusta
FR750154	Root;Glomeromycota;Glomeromycetes;Diversisporales;Acaulosporaceae;Acaulospora;Acaulospora_spinosa
JN392208	Root;Ascomycota;Pezizomycetes;Pezizales;Tuberaceae;Tuber;Tuber_gennadii
DQ200839	Root;Ascomycota;Pezizomycetes;Pezizales;Pezizaceae;Peziza;Peziza_michelii
JQ408220	Root;Basidiomycota;Agaricomycetes;Gomphales;Gomphaceae;Ramaria;Ramaria_stricta_var_concolor
JQ408227	Root;Basidiomycota;Agaricomycetes;Gomphales;Gomphaceae;Phaeoclavulina;Phaeoclavulina_argentea
JQ347275	Root;Ascomycota;Sordariomycetes;Hypocreales;Nectriaceae;Cylindrocladium;Cylindrocladium_quinqueseptatum
AY340012	Root;Basidiomycota;Agaricomycetes;Hymenochaetales;Hymenochaetaceae;Phellinus;Phellinus_hartigii
AY176459	Root;Basidiomycota;Agaricomycetes;Agaricales;Agaricaceae;Cystolepiota;Cystolepiota_hetieri
AY220829	Root;Ascomycota;Pezizomycetes;Pezizales;Pyronemataceae;Scutellinia;Scutellinia_colensoi
AY176453	Root;Basidiomycota;Agaricomycetes;Agaricales;Amanitaceae;Limacella;Limacella_glioderma
EF612466	Root;Ascomycota;Sordariomycetes;Hypocreales;Bionectriaceae;Bionectria;Bionectria_pityrodes
AY340059	Root;Basidiomycota;Agaricomycetes;Hymenochaetales;Hymenochaetaceae;Phellinus;Phellinus_lundellii
FJ441038	Root;Basidiomycota;Agaricomycetes;Agaricales;Amanitaceae;Amanita;Amanita_hemibapha
U35288	Root;Ascomycota;Sordariomycetes;Hypocreales;Clavicipitaceae;Beauveria;Beauveria_vermiconia
DQ297556	Root;Ascomycota;Sordariomycetes;Hypocreales;Nectriaceae;Fusarium;Fusarium_poae
AY348713	Root;Basidiomycota;Pucciniomycetes;Pucciniales;Pucciniaceae;Puccinia;Puccinia_boroniae
AY498665	Root;Ascomycota;Lecanoromycetes;Teloschistales;Physciaceae;Pyxine;Pyxine_sorediata
AY498687	Root;Ascomycota;Lecanoromycetes;Teloschistales;Physciaceae;Heterodermia;Heterodermia_japonica
AY487975	Root;Basidiomycota;Agaricomycetes;Geastrales;Geastraceae;Sphaerobolus;Sphaerobolus_stellatus
DQ320135	Root;Basidiomycota;Agaricomycetes;Polyporales;Meruliaceae;Phlebia;Phlebia_centrifuga
AY621777	Root;Basidiomycota;Agaricomycetes;Russulales;Albatrellaceae;Leucophleps;Leucophleps_spinispora
EF570499	Root;Ascomycota;Dothideomycetes;Botryosphaeriales;Botryosphaeriaceae;Neoscytalidium;Neoscytalidium_dimidiatum
GQ253454	Root;Basidiomycota;Agaricomycetes;Hymenochaetales;Hymenochaetaceae;Inonotus;Inocutis_rheades
AJ786582	Root;Ascomycota;Sordariomycetes;Hypocreales;Ophiocordycipitaceae;Ophiocordyceps;Ophiocordyceps_myrmecophila
AB193687	Root;Ascomycota;Eurotiomycetes;Onygenales;Arthrodermataceae;Arthroderma;Arthroderma_incurvatum
AY818348	Root;Basidiomycota;Agaricomycetes;Agaricales;Bolbitiaceae;Agrocybe;Agrocybe_praecox
AY818350	Root;Basidiomycota;Agaricomycetes;Agaricales;Strophariaceae;Stropharia;Stropharia_ambigua
FJ810176	Root;Basidiomycota;Agaricomycetes;Polyporales;Polyporaceae;Trametes;Trametes_suaveolens
AY833058	Root;Ascomycota;Leotiomycetes;Helotiales;Helotiaceae;Bisporella;Bisporella_citrina
AY669529	Root;Basidiomycota;Agaricomycetes;Agaricales;Cortinariaceae;Cortinarius;Cortinarius_percomis
AY669578	Root;Basidiomycota;Agaricomycetes;Agaricales;Cortinariaceae;Cortinarius;Cortinarius_violaceus
DQ000299	Root;Basidiomycota;Agaricomycetes;Polyporales;Polyporaceae;Funalia;Trametes_trogii
EF413591	Root;Ascomycota;Leotiomycetes;Helotiales;Dermateaceae;Cryptosporiopsis;Cryptosporiopsis_ericae
AF097751	Root;Basidiomycota;Agaricomycetes;Agaricales;Phelloriniaceae;Dictyocephalos;Dictyocephalos_attenuatus
AF383963	Root;Ascomycota;Dothideomycetes;Pleosporales;Lophiostomataceae;Massarina;Massarina_rubi
AY999136	Root;Ascomycota;Sordariomycetes;Sordariales;Lasiosphaeriaceae;Cercophora;Cercophora_coprophila
AF120263	Root;Ascomycota;Dothideomycetes;Capnodiales;Mycosphaerellaceae;Cladosporium;Cladosporium_colocasiae
DQ097874	Root;Basidiomycota;Agaricomycetes;Agaricales;Cortinariaceae;Cortinarius;Cortinarius_junghuhnii
EU819527	Root;Basidiomycota;Agaricomycetes;Agaricales;Cortinariaceae;Cortinarius;Cortinarius_alboviolaceus
DQ067895	Root;Basidiomycota;Agaricomycetes;Agaricales;Tricholomataceae;Tricholoma;Tricholoma_fulvocastaneum
AY838271	Root;Basidiomycota;Agaricomycetes;Atheliales;Atheliaceae;Amphinema;Amphinema_byssoides
U21828	Root;Ascomycota;Leotiomycetes;Helotiales;Rutstroemiaceae;Lambertella;Lambertella_subrenispora
DQ350136	Root;Ascomycota;Leotiomycetes;Erysiphales;Erysiphaceae;Neoerysiphe;Neoerysiphe_galeopsidis
AJ270799	Root;Ascomycota;Eurotiomycetes;Onygenales;Arthrodermataceae;Trichophyton;Trichophyton_rubrum
AF241516	Root;Basidiomycota;Agaricomycetes;Agaricales;Tricholomataceae;Tricholoma;Tricholoma_album
DQ243798	Root;Ascomycota;Sordariomycetes;Diaporthales;Valsaceae;Cytospora;Cytospora_variostromatica
AB214899	Root;Basidiomycota;Agaricomycetes;Agaricales;Marasmiaceae;Pleurocybella;Pleurocybella_porrigens
AJ973393	Root;Glomeromycota;Glomeromycetes;Glomerales;Glomeraceae;Glomus;Glomus_proliferum
DQ344031	Root;Ascomycota;Eurotiomycetes;Chaetothyriales;Herpotrichiellaceae;Exophiala;Exophiala_salmonis
FJ861968	Root;Ascomycota;Leotiomycetes;Rhytismatales;Rhytismataceae;Lophodermium;Lophodermium_australe
DQ345581	Root;Ascomycota;Sordariomycetes;Hypocreales;Ophiocordycipitaceae;Hirsutella;Hirsutella_vermicola
EF493260	Root;Basidiomycota;Agaricomycetes;Boletales;Suillaceae;Suillus;Suillus_grevillei
DQ381951	Root;Ascomycota;Sordariomycetes;Hypocreales;Hypocreaceae;Gliocephalotrichum;Gliocephalotrichum_bulbilium
AF163041	Root;Ascomycota;Sordariomycetes;Xylariales;Xylariaceae;Xylaria;Xylaria_polymorpha
EU248590	Root;Basidiomycota;Agaricomycetes;Russulales;Russulaceae;Russula;Russula_abietina
DQ389697	Root;Basidiomycota;Agaricomycetes;Agaricales;Psathyrellaceae;Psathyrella;Psathyrella_umbrina
DQ401560	Root;Ascomycota;Lecanoromycetes;Lecanorales;Hymeneliaceae;Aspicilia;Aspicilia_calcarea
DQ402537	Root;Basidiomycota;Tremellomycetes;Filobasidiales;Filobasidiaceae;Cryptococcus;Cryptococcus_saitoi
UDB002375	Root;Basidiomycota;Agaricomycetes;Russulales;Russulaceae;Lactarius;Lactarius_flexuosus
AB239342	Root;Ascomycota;Lecanoromycetes;Peltigerales;Lobariaceae;Sticta;Sticta_wrightii
DQ450878	Root;Ascomycota;Sordariomycetes;Hypocreales;Nectriaceae;Fusarium;Fusarium_culmorum
EU314990	Root;Ascomycota;Eurotiomycetes;Eurotiales;Trichocomaceae;Aspergillus;Aspergillus_nomius
AF083191	Root;Ascomycota;Sordariomycetes;Chaetosphaeriales;Chaetosphaeriaceae;Chaetosphaeria;Phialophora_phaeophora
DQ340313	Root;Basidiomycota;Agaricomycetes;Hymenochaetales;Schizoporaceae;Hyphodontia;Hyphodontia_crustosa
DQ478667	Root;Ascomycota;Pezizomycetes;Pezizales;Tuberaceae;Tuber;Tuber_dryophilum
DQ486032	Root;Ascomycota;Pezizomycetes;Pezizales;Tuberaceae;Tuber;Tuber_huidongense
AB036899	Root;Basidiomycota;Agaricomycetes;Agaricales;Tricholomataceae;Tricholoma;Tricholoma_sejunctum
EU559018	Root;Ascomycota;Sordariomycetes;Hypocreales;Clavicipitaceae;Claviceps;Claviceps_purpurea
AB210074	Root;Basidiomycota;Agaricomycetes;Polyporales;Meruliaceae;Phlebia;Phlebia_acanthocystis
FJ439582	Root;Ascomycota;Sordariomycetes;Hypocreales;Clavicipitaceae;Pochonia;Pochonia_suchlasporia
AB211270	Root;Basidiomycota;Agaricomycetes;Agaricales;Hydnangiaceae;Laccaria;Laccaria_amethystina
DQ974740	Root;Ascomycota;Eurotiomycetes;Eurotiales;Elaphomycetaceae;Elaphomyces;Elaphomyces_muricatus
AB278194	Root;Ascomycota;Sordariomycetes;Sordariales;Cephalothecaceae;Cephalotheca;Cephalotheca_sulfurea
AB453031	Root;Basidiomycota;Agaricomycetes;Boletales;Boletaceae;Mycoamaranthus;Mycoamaranthus_cambodgensis
AB454319	Root;Ascomycota;Sordariomycetes;Hypocreales;Niessliaceae;Melanopsamma;Guignardia_philoprina
AF010500	Root;Ascomycota;Leotiomycetes;Helotiales;Sclerotiniaceae;Monilinia;Monilinia_fructicola
AF053976	Root;Basidiomycota;Agaricomycetes;Hymenochaetales;Hymenochaetaceae;Phellinus;Porodaedalea_chrysoloma
AF068922	Root;Basidiomycota;Agaricomycetes;Polyporales;Fomitopsidaceae;Piptoporus;Piptoporus_betulinus
AF098407	Root;Ascomycota;Lecanoromycetes;Teloschistales;Teloschistaceae;Teloschistes;Teloschistes_villosus
EU301057	Root;Ascomycota;Sordariomycetes;Diaporthales;Valsaceae;Cytospora;Cytospora_rhizophorae
EU029943	Root;Basidiomycota;Agaricomycetes;Agaricales;Strophariaceae;Stropharia;Stropharia_semiglobata
AF201713	Root;Ascomycota;Sordariomycetes;Xylariales;Xylariaceae;Entoleuca;Entoleuca_mammata
AF210675	Root;Ascomycota;Sordariomycetes;Hypocreales;Bionectriaceae;Bionectria;Bionectria_epichloe
AF224348	Root;Ascomycota;Lecanoromycetes;Teloschistales;Teloschistaceae;Xanthoria;Xanthoria_sorediata
EF157735	Root;Ascomycota;Dothideomycetes;Capnodiales;Mycosphaerellaceae;Mycosphaerella;Mycosphaerella_arachidis
AF377075	Root;Basidiomycota;Agaricomycetes;Gomphales;Gomphaceae;Gautieria;Gautieria_monticola
AF391038	Root;Basidiomycota;Agaricomycetes;Agaricales;Agaricaceae;Melanophyllum;Melanophyllum_haematospermum
AF394004	Root;Ascomycota;Pezizomycetes;Pezizales;Sarcoscyphaceae;Cookeina;Cookeina_speciosa
FJ545253	Root;Basidiomycota;Tremellomycetes;Cystofilobasidiales;Cystofilobasidiaceae;Cystofilobasidium;Cystofilobasidium_capitatum
AF454401	Root;Basidiomycota;Agaricomycetes;Russulales;Auriscalpiaceae;Artomyces;Artomyces_turgidus
AF485069	Root;Ascomycota;Pezizomycetes;Pezizales;Sarcosomataceae;Strumella;Strumella_coryneoidea
AF487275	Root;Ascomycota;Sordariomycetes;Hypocreales;Clavicipitaceae;Metarhizium;Metarhizium_acridum
AJ222626	Root;Ascomycota;Eurotiomycetes;Onygenales;Arthrodermataceae;Trichophyton;Trichophyton_soudanense
AJ296348	Root;Basidiomycota;Agaricomycetes;Agaricales;Clavariaceae;Macrotyphula;Macrotyphula_fistulosa
AJ544211	Root;Ascomycota;Pezizomycetes;Pezizales;Helvellaceae;Helvella;Helvella_lacunosa
UDB011512	Root;Basidiomycota;Agaricomycetes;Agaricales;Hydnangiaceae;Laccaria;Laccaria_amethystea
AM159627	Root;Basidiomycota;Agaricomycetes;Hymenochaetales;Schizoporaceae;Hyphodontia;Hyphodontia_paradoxa
AM263356	Root;Basidiomycota;Agaricomycetes;Thelephorales;Bankeraceae;Hydnellum;Hydnellum_peckii
AM882744	Root;Basidiomycota;Agaricomycetes;Agaricales;Cortinariaceae;Inocybe;Inocybe_striata
AM882967	Root;Basidiomycota;Agaricomycetes;Agaricales;Cortinariaceae;Inocybe;Inocybe_tenebrosa
FJ899626	Root;Basidiomycota;Agaricomycetes;Agaricales;Psathyrellaceae;Lacrymaria;Lacrymaria_velutina
AF444304	Root;Basidiomycota;Tremellomycetes;Filobasidiales;Filobasidiaceae;Cryptococcus;Cryptococcus_gastricus
AM981252	Root;Basidiomycota;Agaricomycetes;Polyporales;Polyporaceae;Trametes;Trametes_gibbosa
AY046162	Root;Ascomycota;Saccharomycetes;Saccharomycetales;Saccharomycetaceae;Kazachstania;Kazachstania_viticola
AY061672	Root;Basidiomycota;Agaricomycetes;Russulales;Russulaceae;Russula;Russula_drimeia
DQ974759	Root;Basidiomycota;Agaricomycetes;Russulales;Russulaceae;Russula;Russula_exalbicans
AY124147	Root;Ascomycota;Lecanoromycetes;Peltigerales;Nephromataceae;Nephroma;Nephroma_parile
AY129348	Root;Basidiomycota;Agaricomycetes;Agaricales;Bolbitiaceae;Panaeolus;Panaeolus_sphinctrinus
FJ412104	Root;Ascomycota;Sordariomycetes;Hypocreales;Hypocreaceae;Trichoderma;Trichoderma_gamsii
FJ786401	Root;Ascomycota;Dothideomycetes;Pleosporales;Dothidotthiaceae;Spencermartinsia;Spencermartinsia_viticola
AY219365	Root;Basidiomycota;Agaricomycetes;Polyporales;Meruliaceae;Phlebia;Phlebia_subserialis
AY243627	Root;Basidiomycota;Agaricomycetes;Agaricales;Agaricaceae;Leucoagaricus;Leucoagaricus_cupresseus
DQ240218	Root;Ascomycota;Dothideomycetes;Capnodiales;Teratosphaeriaceae;Teratosphaeria;Teratosphaeria_zuluensis
EF564167	Root;Basidiomycota;Agaricomycetes;Agaricales;Bolbitiaceae;Hebeloma;Hebeloma_cylindrosporum
FJ185308	Root;Ascomycota;Sordariomycetes;Xylariales;Xylariaceae;Hypoxylon;Hypoxylon_investiens
AY375311	Root;Ascomycota;Taphrinomycetes;Taphrinales;Taphrinaceae;Taphrina;Taphrina_bullata
AY461814	Root;Basidiomycota;Agaricomycetes;Agaricales;Coprinaceae;Coprinus;Coprinus_cordisporus
FJ596810	Root;Basidiomycota;Agaricomycetes;Agaricales;Bolbitiaceae;Agrocybe;Agrocybe_erebia
EU784269	Root;Basidiomycota;Agaricomycetes;Thelephorales;Bankeraceae;Hydnellum;Hydnellum_spongiosipes
AY606948	Root;Basidiomycota;Agaricomycetes;Russulales;Russulaceae;Lactarius;Lactarius_lilacinus
FJ903282	Root;Ascomycota;Sordariomycetes;Ophiostomatales;Ophiostomataceae;Grosmannia;Grosmannia_olivacea
AY789408	Root;Ascomycota;Leotiomycetes;Helotiales;Rutstroemiaceae;Scleromitrula;Scleromitrula_shiraiana
AY857867	Root;Ascomycota;Sordariomycetes;Diaporthales;Diaporthaceae;Diaporthe;Diaporthe_phaseolorum_var_caulivora
AY916489	Root;Ascomycota;Dothideomycetes;Pleosporales;Tubeufiaceae;Tubeufia;Tubeufia_cerea
FJ379261	Root;Basidiomycota;Agaricomycetes;Polyporales;Polyporaceae;Lentinus;Lentinus_sajor_caju
FJ481036	Root;Ascomycota;Sordariomycetes;Hypocreales;Nectriaceae;Neonectria;Neonectria_radicicola
DQ132810	Root;Ascomycota;Sordariomycetes;Hypocreales;Clavicipitaceae;Pochonia;Pochonia_bulbillosa
DQ192180	Root;Basidiomycota;Agaricomycetes;Agaricales;Hygrophoraceae;Chrysomphalina;Chrysomphalina_chrysophylla
DQ200929	Root;Basidiomycota;Agaricomycetes;Polyporales;Meruliaceae;Chondrostereum;Chondrostereum_purpureum
FJ717605	Root;Basidiomycota;Agaricomycetes;Agaricales;Cortinariaceae;Cortinarius;Cortinarius_anomalus
DQ534564	Root;Basidiomycota;Agaricomycetes;Boletales;Boletaceae;Boletus;Boletus_pallidus
DQ534565	Root;Basidiomycota;Agaricomycetes;Boletales;Boletaceae;Chamonixia;Chamonixia_caespitosa
AY618668	Root;Basidiomycota;Agaricomycetes;Polyporales;Hyphodermataceae;Hyphoderma;Hyphoderma_praetermissum
EU681289	Root;Ascomycota;Lecanoromycetes;Teloschistales;Teloschistaceae;Xanthoria;Xanthoria_parietina
EF029217	Root;Ascomycota;Sordariomycetes;Hypocreales;Nectriaceae;Fusidium;Fusidium_griseum
EF121866	Root;Ascomycota;Sordariomycetes;Hypocreales;Nectriaceae;Neonectria;Neonectria_veuillotiana
JN712455	Root;Ascomycota;Dothideomycetes;Pleosporales;Leptosphaeriaceae;Coniothyrium;Coniothyrium_nitidae
EF175511	Root;Basidiomycota;Agaricomycetes;Agaricales;Marasmiaceae;Marasmiellus;Marasmiellus_paspali
JF961373	Root;Basidiomycota;Agaricomycetes;Agaricales;Bolbitiaceae;Hebeloma;Hebeloma_sacchariolens
EF560678	Root;Basidiomycota;Agaricomycetes;Russulales;Russulaceae;Lactarius;Lactarius_oomsisiensis
AY216474	Root;Basidiomycota;Agaricomycetes;Agaricales;Marasmiaceae;Oudemansiella;Oudemansiella_canarii
EU655680	Root;Basidiomycota;Agaricomycetes;Agaricales;Cortinariaceae;Cortinarius;Cortinarius_cisticola
EU075539	Root;Ascomycota;Lecanoromycetes;Lecanorales;Parmeliaceae;Protoparmelia;Protoparmelia_badia
EU105210	Root;Microsporidia;Microsporea;Microsporida;Nosematidae;Nosema;Nosema_bombycis
EU118610	Root;Basidiomycota;Agaricomycetes;Polyporales;Phanerochaetaceae;Ceraceomyces;Ceraceomyces_borealis
EU249480	Root;Ascomycota;Eurotiomycetes;Verrucariales;Verrucariaceae;Thelidium;Thelidium_pluvium
EU263926	Root;Ascomycota;Lecanoromycetes;Lecideales;Lecideaceae;Lecidea;Lecidea_tessellata
EU365877	Root;Basidiomycota;Agaricomycetes;Agaricales;Marasmiaceae;Armillaria;Armillaria_luteovirens
EU520121	Root;Ascomycota;Sordariomycetes;Diaporthales;Valsaceae;Valsa;Cytospora_chrysosperma
EU551203	Root;Ascomycota;Eurotiomycetes;Eurotiales;Trichocomaceae;Penicillium;Penicillium_commune
EU563415	Root;Ascomycota;Lecanoromycetes;Teloschistales;Teloschistaceae;Caloplaca;Caloplaca_dichroa
UDB003311	Root;Basidiomycota;Agaricomycetes;Thelephorales;Thelephoraceae;Tomentella;Tomentella
EU056975	Root;Basidiomycota;Agaricomycetes;Agaricales;Cortinariaceae;Cortinarius;Cortinarius_corrosus
UDB000774	Root;Basidiomycota;Tremellomycetes;Tremellales;Exidiaceae;Sebacina;Sebacina
EU266105	Root;Ascomycota;Lecanoromycetes;Teloschistales;Physciaceae;Phaeophyscia;Phaeophyscia_exornatula
EU591956	Root;Basidiomycota;Agaricomycetes;Agaricales;Psathyrellaceae;Coprinopsis;Coprinopsis_macrocephala
EU707859	Root;Ascomycota;Dothideomycetes;Capnodiales;Teratosphaeriaceae;Teratosphaeria;Teratosphaeria_bellula
GU234147	Root;Basidiomycota;Agaricomycetes;Russulales;Russulaceae;Lactarius;Lactarius_uvidus
EU718102	Root;Basidiomycota;Agaricomycetes;Boletales;Gyroporaceae;Gyroporus;Gyroporus_cyanescens
EU784201	Root;Basidiomycota;Agaricomycetes;Agaricales;Entolomataceae;Entoloma;Entoloma_anatinum
EU784286	Root;Basidiomycota;Agaricomycetes;Agaricales;Hygrophoraceae;Hygrocybe;Hygrocybe_cantharellus
EU784394	Root;Ascomycota;Pezizomycetes;Pezizales;Pyronemataceae;Paurocotylis;Paurocotylis_pila
EU819526	Root;Basidiomycota;Agaricomycetes;Atheliales;Atheliaceae;Byssocorticium;Byssocorticium_atrovirens
FJ205469	Root;Ascomycota;Sordariomycetes;Xylariales;Xylariaceae;Xylaria;Xylaria_arbuscula
DQ067579	Root;Basidiomycota;Agaricomycetes;Agaricales;Cortinariaceae;Inocybe;Inocybe_rufuloides
FJ380933	Root;Ascomycota;Orbiliomycetes;Orbiliales;Orbiliaceae;Monacrosporium;Monacrosporium_asthenopagum
FJ431222	Root;Basidiomycota;Agaricomycetes;Agaricales;Marasmiaceae;Marasmius;Marasmius_araucariae_var_siccipes
EU785399	Root;Ascomycota;Sordariomycetes;Ophiostomatales;Ophiostomataceae;Leptographium;Leptographium_procerum
FJ596884	Root;Basidiomycota;Agaricomycetes;Agaricales;Mycenaceae;Mycena;Mycena_epipterygia
FJ770398	Root;Basidiomycota;Agaricomycetes;Agaricales;Entolomataceae;Clitopilus;Clitopilus_hobsonii
GQ397994	Root;Basidiomycota;Agaricomycetes;Agaricales;Entolomataceae;Entoloma;Entoloma_sinuatum
GQ982886	Root;Basidiomycota;Agaricomycetes;Polyporales;Polyporaceae;Pycnoporus;Pycnoporus_sanguineus
JN942765	Root;Ascomycota;Pezizomycetes;Pezizales;Pyronemataceae;Otidea;Otidea_bufonia
FN546964	Root;Ascomycota;Sordariomycetes;Ophiostomatales;Ophiostomataceae;Ophiostoma;Ophiostoma_bragantinum
GQ409518	Root;Basidiomycota;Agaricomycetes;Polyporales;Hyphodermataceae;Hyphoderma;Hyphoderma_setigerum
GU174764	Root;Ascomycota;Pezizomycetes;Pezizales;Pyronemataceae;Trichophaea;Trichophaea_woolhopeia
HM190086	Root;Basidiomycota;Agaricomycetes;Boletales;Boletaceae;Boletus;Xerocomus_porosporus
AF345654	Root;Basidiomycota;Agaricomycetes;Agaricales;Strophariaceae;Pholiota;Pholiota_spumosa
HM595593	Root;Ascomycota;Leotiomycetes;Helotiales;Dermateaceae;Pezicula;Pezicula_sporulosa
HQ171226	Root;Ascomycota;Lecanoromycetes;Lecanorales;Hymeneliaceae;Aspicilia;Aspicilia_fruticulosa
JF908673	Root;Basidiomycota;Agaricomycetes;Russulales;Russulaceae;Russula;Russula_anthracina
HQ318282	Root;Basidiomycota;Agaricomycetes;Russulales;Russulaceae;Lactarius;Lactarius_clarkeae
HQ604293	Root;Basidiomycota;Agaricomycetes;Agaricales;Cortinariaceae;Inocybe;Inocybe_lilacina
HQ680352	Root;Basidiomycota;Agaricomycetes;Cantharellales;Clavulinaceae;Clavulina;Clavulina_sprucei
HQ699628	Root;Ascomycota;Lecanoromycetes;Teloschistales;Teloschistaceae;Caloplaca;Caloplaca_crenulatella
HQ832450	Root;Basidiomycota;Agaricomycetes;Agaricales;Inocybaceae;Pleuroflammula;Pleuroflammula_praestans
FJ230992	Root;Ascomycota;Eurotiomycetes;Eurotiales;Trichocomaceae;Penicillium;Penicillium_citrinum
HQ917070	Root;Ascomycota;Lecanoromycetes;Teloschistales;Teloschistaceae;Caloplaca;Caloplaca_intrudens
JF300143	Root;Ascomycota;Pezizomycetes;Pezizales;Tuberaceae;Choiromyces;Choiromyces_magnusii
JF908307	Root;Basidiomycota;Agaricomycetes;Russulales;Russulaceae;Lactarius;Lactarius_mediterraneensis
JF908381	Root;Basidiomycota;Agaricomycetes;Agaricales;Mycenaceae;Mycena;Mycena_alba
DQ411545	Root;Ascomycota;Eurotiomycetes;Eurotiales;Trichocomaceae;Eurotium;Eurotium_repens
U51952	Root;Ascomycota;Orbiliomycetes;Orbiliales;Orbiliaceae;Arthrobotrys;Arthrobotrys_cladodes
UDB000322	Root;Basidiomycota;Agaricomycetes;Russulales;Russulaceae;Russula;Russula_olivacea
HM347652	Root;Basidiomycota;Agaricomycetes;Boletales;Boletaceae;Boletus;Boletus_fechtneri
GU214812	Root;Basidiomycota;Agaricomycetes;Thelephorales;Thelephoraceae;Tomentella;Tomentella_fuscocinerea
UDB001221	Root;Basidiomycota;Agaricomycetes;Agaricales;Tricholomataceae;Tricholoma;Tricholoma_fucatum
EU784402	Root;Basidiomycota;Agaricomycetes;Thelephorales;Bankeraceae;Sarcodon;Sarcodon_glaucopus
UDB002355	Root;Basidiomycota;Agaricomycetes;Agaricales;Amanitaceae;Limacella;Limacella_delicata
UDB003218	Root;Basidiomycota;Agaricomycetes;Agaricales;Amanitaceae;Amanita;Amanita_friabilis
UDB005577	Root;Basidiomycota;Agaricomycetes;Thelephorales;Thelephoraceae;Pseudotomentella;Pseudotomentella
UDB008248	Root;Basidiomycota;Agaricomycetes;Corticiales;Corticiaceae;Lindtneria;Lindtneria