#OTU ID	taxonomy	confidence	num hits
HM535599	Root;Ascomycota;Dothideomycetes;Capnodiales;Antennulariellaceae;Heteroconium;Heteroconium_kleinziense	1.00	1
GQ241289	Root;Ascomycota;Sordariomycetes;Calosphaeriales;Pleurostomataceae;Pleurostomophora;Pleurostomophora_repens	1.00	1
AJ716305	Unassigned	1.00	1
EF653987	Unassigned	1.00	1
AY312503	Unassigned	1.00	1
AF205647	Root;Basidiomycota;Agaricomycetes;Boletales;Suillaceae;Truncocolumella;Truncocolumella_citrina	1.00	1
EU272483	Root;Ascomycota;Dothideomycetes;Dothideales;Dothideaceae;Endoconidioma;Endoconidioma_populi	1.00	1
AF433147	Root;Ascomycota;Leotiomycetes;Rhytismatales;Rhytismataceae;Lophodermium;Lophodermium_jiangnanense	1.00	1
EF530926	Unassigned	1.00	1
GU973533	Unassigned	1.00	1
AF284447	Root;Ascomycota;Lecanoromycetes;Agyriales;Agyriaceae;Sarea;Sarea_difformis	1.00	1
AJ581995	Unassigned	1.00	1
EU057897	Root;Ascomycota;Eurotiomycetes;Mycocaliciales;Mycocaliciaceae;Mycocalicium;Mycocalicium_subtile	1.00	1
GU214649	Root;Ascomycota;Dothideomycetes;Capnodiales;Antennulariellaceae;Antennariella;Antennariella_placitae	1.00	1
EU552123	Unassigned	1.00	1
FR865444	Root;Glomeromycota;Glomeromycetes;Glomerales;Glomeraceae;Glomus;Glomus_versiforme	1.00	1
AF038321	Unassigned	1.00	1
EF989122	Root;Basidiomycota;Agaricomycetes;Atheliales;Atheliaceae;Amylocorticium;Amylocorticium_cebennense	1.00	1
AY839755	Unassigned	1.00	1
DQ846890	Unassigned	1.00	1
AF274090	Root;Ascomycota;Lecanoromycetes;Baeomycetales;Baeomycetaceae;Baeomyces;Baeomyces_rufus	1.00	1
U35307	Root;Ascomycota;Sordariomycetes;Hypocreales;Clavicipitaceae;Elaphocordyceps;Elaphocordyceps_ophioglossoides	1.00	1
FJ869184	Root;Basidiomycota;Agaricomycetes;Agaricales;Cortinariaceae;Flammulaster;Flammulaster_muricatus	1.00	1
AY456376	Unassigned	1.00	1
FJ493249	Unassigned	1.00	1
EU423189	Unassigned	1.00	1
AF116177	Root;Ascomycota;Lecanoromycetes;Lecideales;Lecideaceae;Lecidea;Lecidea_pullata	1.00	1
DQ517384	Root;Basidiomycota;Agaricomycetes;Boletales;Suillaceae;Suillus;Suillus_luteus	1.00	1
GQ340430	Root;Ascomycota;Saccharomycetes;Saccharomycetales;Pichiaceae;Pichia;Pichia_guilliermondii	1.00	1
DQ534457	Unassigned	1.00	1
FJ588711	Unassigned	1.00	1
AB097450	Root;Basidiomycota;Pucciniomycetes;Pucciniales;Pucciniaceae;Puccinia;Puccinia_psidii	1.00	1
GQ981504	Root;Basidiomycota;Agaricomycetes;Geastrales;Geastraceae;Geastrum;Geastrum_corollinum	1.00	1
AF514292	Root;Ascomycota;Saccharomycetes;Saccharomycetales;Saccharomycetaceae;Saccharomyces;Saccharomyces_cerevisiae	1.00	1
FJ481033	Unassigned	1.00	1
EU343817	Root;Ascomycota;Dothideomycetes;Pleosporales;Tubeufiaceae;Acanthostigma;Acanthostigma_filiforme	1.00	1
EU639582	Unassigned	1.00	1
FJ481038	Unassigned	1.00	1
DQ812914	Root;Ascomycota;Sordariomycetes;Phyllachorales;Phyllachoraceae;Plectosphaera;Plectosphaera_eucalypti	1.00	1
DQ485612	Unassigned	1.00	1
UDB004285	Root;Basidiomycota;Agaricomycetes;Boletales;Boletaceae;Chalciporus;Chalciporus_piperatus	1.00	1
AY789345	Root;Ascomycota;Leotiomycetes;Helotiales;Phacidiaceae;Allantophomopsis;Allantophomopsis_lycopodina	1.00	1
AY218427	Unassigned	1.00	1
EU833666	Root;Basidiomycota;Agaricomycetes;Agaricales;Coprinaceae;Coprinus;Coprinus_sterquilinus	1.00	1
EU551211	Root;Basidiomycota;Tremellomycetes;Filobasidiales;Filobasidiaceae;Cryptococcus;Cryptococcus_silvicola	1.00	1
HQ650626	Unassigned	1.00	1
DQ681328	Unassigned	1.00	1
HQ232963	Unassigned	1.00	1
EF080868	Unassigned	1.00	1
JF681957	Unassigned	1.00	1
DQ679503	Unassigned	1.00	1
DQ681201	Root;Basidiomycota;Agaricomycetes;Polyporales;Steccherinaceae;Steccherinum;Steccherinum_robustius	1.00	1
HQ414538	Root;Glomeromycota;Glomeromycetes;Glomerales;Glomeraceae;Rhizophagus;Rhizophagus_intraradices	1.00	1
AB369939	Unassigned	1.00	1
AB259844	Root;Ascomycota;Dothideomycetes;Capnodiales;Mycosphaerellaceae;Mycosphaerella;Mycosphaerella_communis	1.00	1
JF744951	Unassigned	1.00	1
FJ903316	Root;Ascomycota;Sordariomycetes;Chaetosphaeriales;Chaetosphaeriaceae;Kylindria;Kylindria_ellisii	1.00	1
DQ875344	Root;Basidiomycota;Ustilaginomycetes;Urocystidales;Urocystidaceae;Vankya;Vankya_heufleri	1.00	1
DQ875343	Unassigned	1.00	1
FM878021	Unassigned	1.00	1
AF272836	Root;Microsporidia;Microsporea;Microsporida;Ordosporidae;Ordospora;Ordospora_colligata	1.00	1
EU784370	Root;Basidiomycota;Agaricomycetes;Boletales;Paxillaceae;Paxillus;Paxillus_involutus	1.00	1
HQ599379	Root;Ascomycota;Saccharomycetes;Saccharomycetales;Dipodascaceae;Dipodascus;Dipodascus_australiensis	1.00	1
EU718127	Root;Basidiomycota;Agaricomycetes;Boletales;Boletaceae;Boletus;Boletus_subtomentosus	1.00	1
DQ534474	Unassigned	1.00	1
FM876789	Root;Glomeromycota;Glomeromycetes;Glomerales;Glomeraceae;Glomus;Glomus_mosseae	1.00	1
AJ419913	Unassigned	1.00	1
EF081374	Root;Ascomycota;Saccharomycetes;Saccharomycetales;Lipomycetaceae;Lipomyces;Lipomyces_tetrasporus	1.00	1
DQ872370	Root;Ascomycota;Sordariomycetes;Hypocreales;Hypocreaceae;Hypomyces;Hypomyces_australis	1.00	1
AY740040	Unassigned	1.00	1
AF289074	Root;Ascomycota;Pezizomycetes;Pezizales;Sarcoscyphaceae;Phillipsia;Phillipsia_olivacea	1.00	1
FJ231440	Unassigned	1.00	1
AJ271578	Root;Ascomycota;Sordariomycetes;Sordariales;Lasiosphaeriaceae;Zopfiella;Zopfiella_tabulata	1.00	1
EU718092	Root;Basidiomycota;Agaricomycetes;Boletales;Sclerodermataceae;Scleroderma;Scleroderma_michiganense	1.00	1
EU930087	Root;Basidiomycota;Pucciniomycetes;Pucciniales;Pucciniaceae;Puccinia;Puccinia_bartholomaei	1.00	1
DQ534467	Unassigned	1.00	1
EU402583	Unassigned	1.00	1
FJ598616	Unassigned	1.00	1
HQ020412	Root;Basidiomycota;Agaricomycetes;Agaricales;Cortinariaceae;Tubaria;Tubaria_minima	1.00	1
FJ624259	Root;Ascomycota;Sordariomycetes;Diaporthales;Cryphonectriaceae;Amphilogia;Amphilogia_gyrosa	1.00	1
GU966521	Unassigned	1.00	1
AF396864	Root;Ascomycota;Dothideomycetes;Capnodiales;Mycosphaerellaceae;Guignardia;Guignardia_citricarpa	1.00	1
DQ435529	Root;Ascomycota;Dothideomycetes;Botryosphaeriales;Botryosphaeriaceae;Microdiplodia;Microdiplodia_miyakei	1.00	1
JF908711	Root;Ascomycota;Leotiomycetes;Helotiales;Helotiaceae;Heyderia_;Heyderia_abietis	1.00	1
AF193379	Root;Basidiomycota;Agaricomycetes;Atheliales;Atheliaceae;Fibulorhizoctonia;Fibulorhizoctonia_centrifuga	1.00	1
JN194161	Root;Ascomycota;Saccharomycetes;Saccharomycetales;Pichiaceae;Pichia;Pichia_fabianii	1.00	1
JN043312	Unassigned	1.00	1
EU784188	Root;Basidiomycota;Agaricomycetes;Agaricales;Strophariaceae;Stropharia;Stropharia_rugosoannulata	1.00	1
AF484690	Root;Basidiomycota;Pucciniomycetes;Pucciniales;Pucciniaceae;Uromyces;Uromyces_striatus	1.00	1
FJ708934	Root;Ascomycota;Leotiomycetes;Helotiales;Vibrisseaceae;Phialocephala;Phialocephala_dimorphospora	1.00	1
EU784254	Unassigned	1.00	1
DQ534455	Unassigned	1.00	1
EF561640	Root;Basidiomycota;Pucciniomycetes;Pucciniales;Pucciniaceae;Gymnosporangium;Gymnosporangium_clavipes	1.00	1
EF444842	Root;Basidiomycota;Exobasidiomycetes;Microstromatales;Microstromataceae;Microstroma;Microstroma_juglandis	1.00	1
U19954	Root;Basidiomycota;Agaricomycetes;Corticiales;Corticiaceae;Rhizoctonia;Rhizoctonia_bataticola	1.00	1
DQ917653	Root;Basidiomycota;Agaricomycetes;Agaricales;Tricholomataceae;Collybia;Collybia_cirrhata	1.00	1
DQ025483	Root;Basidiomycota;Exobasidiomycetes;Entylomatales;Tilletiopsis_cremea;Tilletiopsis_cremea;Tilletiopsis_cremea	1.00	1
EF621920	Unassigned	1.00	1
AJ877221	Root;Ascomycota;Eurotiomycetes;Onygenales;Onygenaceae;Chrysosporium;Chrysosporium_vespertilium	1.00	1
AB551948	Root;Ascomycota;Lecanoromycetes;Baeomycetales;Baeomycetaceae;Baeomyces;Baeomyces_rufus	1.00	1
AF336150	Unassigned	1.00	1
AF395684	Root;Ascomycota;Sordariomycetes;Xylariales;Hyponectriaceae;Monographella;Monographella_nivalis_var_nivalis	1.00	1
DQ536501	Unassigned	1.00	1
EF025406	Root;Ascomycota;Sordariomycetes;Chaetosphaeriales;Chaetosphaeriaceae;Chaetosphaeria;Phialophora_phaeophora	1.00	1
AY364089	Unassigned	1.00	1
EU142931	Root;Ascomycota;Sordariomycetes;Hypocreales;Nectriaceae;Fusarium;Fusarium_poae	1.00	1
HQ888732	Root;Basidiomycota;Agaricomycetes;Agaricales;Tricholomataceae;Tricholoma;Tricholoma_apium	1.00	1
DQ887774	Root;Ascomycota;Orbiliomycetes;Orbiliales;Orbiliaceae;Helicoon_fuscosporum;Helicoon_fuscosporum	1.00	1
EU118619	Root;Basidiomycota;Agaricomycetes;Gloeophyllales;Gloeophyllaceae;Gloeophyllum;Gloeophyllum_sepiarium	1.00	1
AY307935	Root;Ascomycota;Pezizomycetes;Pezizales;Sarcosomataceae;Conoplea;Conoplea_aff_elegantula_Kurogi_sn	1.00	1
