New.CleanUp.ReferenceOTU39	Root;Sordariomycetes;Hypocreales;Incertae_sedis;Calcarisporium;Calcarisporium_arbuscula	1.00	1
New.CleanUp.ReferenceOTU36	Root;Sordariomycetes;Hypocreales;Nectriaceae;Fusarium;Fusarium_sp_HN26_2A	1.00	1
New.CleanUp.ReferenceOTU37	Root;Eurotiomycetes;Eurotiales;Trichocomaceae;Penicillium;Penicillium_concentricum	1.00	1
GU062251	Root;Sordariomycetes;Hypocreales;Nectriaceae;Fusarium;Fusarium_sp_FVM	1.00	1
New.CleanUp.ReferenceOTU226	Root;Saccharomycetes;Saccharomycetales;Pichiaceae;Issatchenkia;Issatchenkia_sp_YS16A	1.00	1
New.CleanUp.ReferenceOTU227	Root;Sordariomycetes;Microascales;Microascaceae;Scopulariopsis;Scopulariopsis_sp_2468	1.00	1
New.CleanUp.ReferenceOTU220	Root;Saccharomycetes;Saccharomycetales;Dipodascaceae;Galactomyces;Galactomyces_geotrichum	1.00	1
New.CleanUp.ReferenceOTU221	Root;Saccharomycetes;Saccharomycetales;Dipodascaceae;Galactomyces;Galactomyces_sp_BPY_54	1.00	1
New.CleanUp.ReferenceOTU342	Unassigned	1.00	1
New.CleanUp.ReferenceOTU186	Root;Saccharomycetes;Saccharomycetales;Dipodascaceae;Galactomyces;Galactomyces_geotrichum	1.00	1
New.ReferenceOTU8	Unassigned	1.00	1
New.ReferenceOTU9	Unassigned	1.00	1
New.CleanUp.ReferenceOTU132	Root;Sordariomycetes;Microascales;Microascaceae;Scopulariopsis;Scopulariopsis_sp_2468	1.00	1
New.CleanUp.ReferenceOTU134	Root;Saccharomycetes;Saccharomycetales;Dipodascaceae;Galactomyces;Galactomyces_geotrichum	1.00	1
New.ReferenceOTU0	Root;Sordariomycetes;Hypocreales;Nectriaceae;Fusarium;Fusarium_sp_MI_17	1.00	1
New.ReferenceOTU1	Root;Saccharomycetes;Saccharomycetales;Dipodascaceae;Galactomyces;Galactomyces_geotrichum	1.00	1
New.ReferenceOTU2	Root;Saccharomycetes;Saccharomycetales;Dipodascaceae;Galactomyces;Galactomyces_geotrichum	1.00	1
New.ReferenceOTU3	Unassigned	1.00	1
New.ReferenceOTU4	Root;Saccharomycetes;Saccharomycetales;Dipodascaceae;Galactomyces;Galactomyces_geotrichum	1.00	1
New.ReferenceOTU5	Root;Saccharomycetes;Saccharomycetales;Pichiaceae;Issatchenkia;Issatchenkia_sp_YS16A	1.00	1
New.ReferenceOTU6	Root;Saccharomycetes;Saccharomycetales;Dipodascaceae;Galactomyces;Galactomyces_geotrichum	1.00	1
New.ReferenceOTU7	Unassigned	1.00	1
New.CleanUp.ReferenceOTU415	Root;Sordariomycetes;Hypocreales;Nectriaceae;Fusarium;Fusarium_sp_ST56	1.00	1
New.CleanUp.ReferenceOTU50	Root;Eurotiomycetes;Eurotiales;Trichocomaceae;Penicillium;Penicillium_brevicompactum	1.00	1
New.CleanUp.ReferenceOTU51	Root;Eurotiomycetes;Eurotiales;Trichocomaceae;Penicillium;Penicillium_sp_MU_2009_1	1.00	1
FJ624262	Root;Sordariomycetes;Hypocreales;Nectriaceae;Nectria;Nectria_rigidiuscula	1.00	1
FJ904916	Root;Sordariomycetes;Hypocreales;Nectriaceae;Fusarium;Fusarium_sp_CBS_119875	1.00	1
New.CleanUp.ReferenceOTU112	Unassigned	1.00	1
New.CleanUp.ReferenceOTU191	Root;Sordariomycetes;Hypocreales;Nectriaceae;Fusarium;Fusarium_sp_CBS_119875	1.00	1
New.CleanUp.ReferenceOTU194	Root;Sordariomycetes;Hypocreales;Nectriaceae;Fusarium;Fusarium_sp_CBS_119875	1.00	1
New.CleanUp.ReferenceOTU195	Root;Saccharomycetes;Saccharomycetales;Dipodascaceae;Galactomyces;Galactomyces_geotrichum	1.00	1
New.CleanUp.ReferenceOTU350	Root;Sordariomycetes;Microascales;Microascaceae;Scopulariopsis;Scopulariopsis_sp_2468	1.00	1
New.CleanUp.ReferenceOTU291	Root;Sordariomycetes;Microascales;Microascaceae;Scopulariopsis;Scopulariopsis_sp_2468	1.00	1
New.CleanUp.ReferenceOTU357	Root;Sordariomycetes;Microascales;Microascaceae;Scopulariopsis;Scopulariopsis_sp_2468	1.00	1
New.CleanUp.ReferenceOTU106	Unassigned	1.00	1
New.CleanUp.ReferenceOTU117	Root;Sordariomycetes;Microascales;Microascaceae;Scopulariopsis;Scopulariopsis_sp_2468	1.00	1
FJ878626	Root;Eurotiomycetes;Eurotiales;Trichocomaceae;Aspergillus;Aspergillus_unguis	1.00	1
AJ309341	Root;Sordariomycetes;Hypocreales;Nectriaceae;Fusarium;Fusarium_sp_HN26_2A	1.00	1
New.CleanUp.ReferenceOTU303	Root;Saccharomycetes;Saccharomycetales;Dipodascaceae;Galactomyces;Galactomyces_sp_BPY_54	1.00	1
New.CleanUp.ReferenceOTU188	Root;Sordariomycetes;Hypocreales;Nectriaceae;Haematonectria;Fusarium_solani	1.00	1
New.CleanUp.ReferenceOTU10	Root;Eurotiomycetes;Eurotiales;Trichocomaceae;Penicillium;Penicillium_concentricum	1.00	1
New.CleanUp.ReferenceOTU11	Root;Sordariomycetes;Hypocreales;Nectriaceae;Fusarium;Fusarium_sp_CBS_119875	1.00	1
EU821474	Root;Sordariomycetes;Microascales;Microascaceae;Scopulariopsis;Scopulariopsis_sp_2468	1.00	1
New.CleanUp.ReferenceOTU368	Root;Sordariomycetes;Hypocreales;Nectriaceae;Fusarium;Fusarium_sp_LL_X4	1.00	1
New.CleanUp.ReferenceOTU365	Root;Sordariomycetes;Hypocreales;Nectriaceae;Fusarium;Fusarium_sp_GrS5	1.00	1
New.CleanUp.ReferenceOTU364	Root;Sordariomycetes;Hypocreales;Nectriaceae;Nectria;Nectria_rigidiuscula	1.00	1
GU062255	Root;Incertae_sedis;Incertae_sedis;Incertae_sedis;Ilyonectria;Ilyonectria_robusta	1.00	1
DQ681335	Root;Eurotiomycetes;Eurotiales;Trichocomaceae;Penicillium;Penicillium_sp_274	1.00	1
New.CleanUp.ReferenceOTU211	Root;Saccharomycetes;Saccharomycetales;Dipodascaceae;Galactomyces;Galactomyces_sp_BPY_54	1.00	1
New.CleanUp.ReferenceOTU216	Root;Sordariomycetes;Hypocreales;Nectriaceae;Nectria;Nectria_rigidiuscula	1.00	1
GQ458041	Root;Saccharomycetes;Saccharomycetales;Saccharomycetaceae;Debaryomyces;Debaryomyces_hansenii	1.00	1
New.CleanUp.ReferenceOTU290	Root;Saccharomycetes;Saccharomycetales;Dipodascaceae;Galactomyces;Galactomyces_sp_BPY_54	1.00	1
New.CleanUp.ReferenceOTU292	Root;Sordariomycetes;Microascales;Microascaceae;Scopulariopsis;Scopulariopsis_sp_2468	1.00	1
New.CleanUp.ReferenceOTU389	Root;Sordariomycetes;Hypocreales;Nectriaceae;Fusarium;Fusarium_sp_LL_X4	1.00	1
New.CleanUp.ReferenceOTU297	Root;Sordariomycetes;Hypocreales;Nectriaceae;Fusarium;Fusarium_sp_LL_X4	1.00	1
AF281178	Root;Sordariomycetes;Hypocreales;Incertae_sedis;Stilbella;Stilbella_aciculosa	1.00	1
New.CleanUp.ReferenceOTU110	Root;Saccharomycetes;Saccharomycetales;Dipodascaceae;Galactomyces;Galactomyces_geotrichum	1.00	1
FJ903339	Root;Incertae_sedis;Incertae_sedis;Incertae_sedis;Ilyonectria;Ilyonectria_robusta	1.00	1
FJ196614	Root;Sordariomycetes;Hypocreales;Nectriaceae;Fusarium;Fusarium_sp_ela1	1.00	1
New.CleanUp.ReferenceOTU131	Root;Saccharomycetes;Saccharomycetales;Dipodascaceae;Galactomyces;Galactomyces_geotrichum	1.00	1
EU833211	Root;Eurotiomycetes;Eurotiales;Trichocomaceae;Penicillium;Penicillium_concentricum	1.00	1
New.CleanUp.ReferenceOTU279	Root;Sordariomycetes;Hypocreales;Nectriaceae;Fusarium;Fusarium_sp_CBS_119875	1.00	1
JN019381	Root;Sordariomycetes;Hypocreales;Nectriaceae;Fusarium;Fusarium_sp_MI_17	1.00	1
New.CleanUp.ReferenceOTU207	Root;Sordariomycetes;Microascales;Microascaceae;Scopulariopsis;Scopulariopsis_sp_2468	1.00	1
New.CleanUp.ReferenceOTU202	Root;Saccharomycetes;Saccharomycetales;Dipodascaceae;Galactomyces;Galactomyces_geotrichum	1.00	1
New.CleanUp.ReferenceOTU201	Root;Saccharomycetes;Saccharomycetales;Dipodascaceae;Galactomyces;Galactomyces_geotrichum	1.00	1
AM901674	Root;Eurotiomycetes;Eurotiales;Trichocomaceae;Penicillium;Penicillium_brevicompactum	1.00	1
New.CleanUp.ReferenceOTU169	Root;Saccharomycetes;Saccharomycetales;Dipodascaceae;Galactomyces;Galactomyces_geotrichum	1.00	1
New.CleanUp.ReferenceOTU86	Root;Saccharomycetes;Saccharomycetales;Dipodascaceae;Galactomyces;Galactomyces_sp_BPY_54	1.00	1
New.CleanUp.ReferenceOTU335	Root;Saccharomycetes;Saccharomycetales;Dipodascaceae;Galactomyces;Galactomyces_geotrichum	1.00	1
EU551202	Root;Eurotiomycetes;Eurotiales;Trichocomaceae;Penicillium;Penicillium_brevicompactum	1.00	1
GU062214	Root;Sordariomycetes;Hypocreales;Nectriaceae;Fusarium;Fusarium_sp_MI_17	1.00	1
New.CleanUp.ReferenceOTU268	Root;Sordariomycetes;Incertae_sedis;Incertae_sedis;Eucasphaeria;Eucasphaeria_capensis	1.00	1
New.CleanUp.ReferenceOTU7	Root;Sordariomycetes;Hypocreales;Nectriaceae;Fusarium;Fusarium_sp_GrS5	1.00	1
New.CleanUp.ReferenceOTU4	Root;Saccharomycetes;Saccharomycetales;Saccharomycetaceae;Debaryomyces;Debaryomyces_hansenii	1.00	1
New.CleanUp.ReferenceOTU304	Root;Sordariomycetes;Hypocreales;Nectriaceae;Fusarium;Fusarium_sp_FVS3	1.00	1
EU714323	Root;Saccharomycetes;Saccharomycetales;Pichiaceae;Pichia;Pichia_burtonii	1.00	1
New.CleanUp.ReferenceOTU3	Root;Saccharomycetes;Saccharomycetales;Dipodascaceae;Galactomyces;Galactomyces_geotrichum	1.00	1
New.CleanUp.ReferenceOTU263	Root;Eurotiomycetes;Eurotiales;Trichocomaceae;Penicillium;Penicillium_concentricum	1.00	1
GU132456	Root;Sordariomycetes;Hypocreales;Nectriaceae;Nectria;Nectria_eustromatica	1.00	1
GU212865	Root;Eurotiomycetes;Eurotiales;Trichocomaceae;Penicillium;Penicillium_janthinellum	1.00	1
New.CleanUp.ReferenceOTU78	Root;Saccharomycetes;Saccharomycetales;Dipodascaceae;Galactomyces;Galactomyces_sp_BPY_54	1.00	1
New.CleanUp.ReferenceOTU170	Root;Eurotiomycetes;Eurotiales;Trichocomaceae;Penicillium;Penicillium_concentricum	1.00	1
FN548146	Root;Eurotiomycetes;Eurotiales;Trichocomaceae;Penicillium;Penicillium_sp_269B	1.00	1
New.CleanUp.ReferenceOTU410	Root;Sordariomycetes;Incertae_sedis;Plectosphaerellaceae;Verticillium;Verticillium_fungicola	1.00	1
New.CleanUp.ReferenceOTU318	Unassigned	1.00	1
New.CleanUp.ReferenceOTU253	Root;Eurotiomycetes;Eurotiales;Trichocomaceae;Penicillium;Penicillium_brevicompactum	1.00	1
New.CleanUp.ReferenceOTU63	Root;Sordariomycetes;Microascales;Microascaceae;Scopulariopsis;Scopulariopsis_sp_2468	1.00	1
New.CleanUp.ReferenceOTU147	Root;Saccharomycetes;Saccharomycetales;Dipodascaceae;Galactomyces;Galactomyces_sp_BPY_54	1.00	1
New.CleanUp.ReferenceOTU69	Root;Saccharomycetes;Saccharomycetales;Pichiaceae;Issatchenkia;Issatchenkia_sp_YS16A	1.00	1
New.CleanUp.ReferenceOTU408	Root;Sordariomycetes;Hypocreales;Incertae_sedis;Stilbella;Stilbella_aciculosa	1.00	1
New.CleanUp.ReferenceOTU240	Root;Saccharomycetes;Saccharomycetales;Dipodascaceae;Galactomyces;Galactomyces_sp_BPY_54	1.00	1
New.CleanUp.ReferenceOTU245	Root;Saccharomycetes;Saccharomycetales;Dipodascaceae;Galactomyces;Galactomyces_geotrichum	1.00	1
GQ376083	Root;Saccharomycetes;Saccharomycetales;Incertae_sedis;Candida;Candida_catenulata	1.00	1
DQ286062	Root;Saccharomycetes;Saccharomycetales;Dipodascaceae;Galactomyces;Galactomyces_sp_BPY_54	1.00	1
AF081478	Root;Sordariomycetes;Hypocreales;Niessliaceae;Melanopsamma;Melanopsamma_pomiformis	1.00	1
FJ582636	Root;Sordariomycetes;Hypocreales;Nectriaceae;Fusarium;Fusarium_sp_FVM	1.00	1
JQ764778	Root;Sordariomycetes;Hypocreales;Cordycipitaceae;Lecanicillium;Lecanicillium_tenuipes	1.00	1
New.CleanUp.ReferenceOTU55	Root;Sordariomycetes;Hypocreales;Nectriaceae;Fusarium;Fusarium_sp_CBS_119875	1.00	1
New.CleanUp.ReferenceOTU152	Root;Saccharomycetes;Saccharomycetales;Saccharomycetaceae;Debaryomyces;Debaryomyces_hansenii	1.00	1
New.CleanUp.ReferenceOTU153	Root;Saccharomycetes;Saccharomycetales;Dipodascaceae;Galactomyces;Galactomyces_geotrichum	1.00	1
New.CleanUp.ReferenceOTU150	Root;Saccharomycetes;Saccharomycetales;Dipodascaceae;Galactomyces;Galactomyces_geotrichum	1.00	1
GQ376079	Root;Saccharomycetes;Saccharomycetales;Saccharomycetaceae;Kluyveromyces;Kluyveromyces_lactis	1.00	1
New.CleanUp.ReferenceOTU158	Root;Sordariomycetes;Hypocreales;Nectriaceae;Fusarium;Fusarium_sp_MI_17	1.00	1
AB250409	Root;Sordariomycetes;Hypocreales;Incertae_sedis;Stilbella;Stilbella_aciculosa	1.00	1
New.CleanUp.ReferenceOTU43	Root;Saccharomycetes;Saccharomycetales;Dipodascaceae;Galactomyces;Galactomyces_geotrichum	1.00	1
New.CleanUp.ReferenceOTU41	Root;Sordariomycetes;Microascales;Microascaceae;Scopulariopsis;Scopulariopsis_sp_2468	1.00	1
New.CleanUp.ReferenceOTU44	Root;Sordariomycetes;Microascales;Microascaceae;Scopulariopsis;Scopulariopsis_sp_2468	1.00	1
FJ210600	Root;Sordariomycetes;Hypocreales;Nectriaceae;Fusarium;Fusarium_sp_LL_X4	1.00	1
New.CleanUp.ReferenceOTU233	Root;Eurotiomycetes;Eurotiales;Trichocomaceae;Penicillium;Penicillium_brevicompactum	1.00	1
GQ376093	Root;Saccharomycetes;Saccharomycetales;Dipodascaceae;Galactomyces;Galactomyces_geotrichum	1.00	1
New.CleanUp.ReferenceOTU193	Root;Sordariomycetes;Microascales;Microascaceae;Scopulariopsis;Scopulariopsis_sp_2468	1.00	1
New.CleanUp.ReferenceOTU128	Root;Saccharomycetes;Saccharomycetales;Dipodascaceae;Galactomyces;Galactomyces_geotrichum	1.00	1
AY729076	Root;Sordariomycetes;Hypocreales;Nectriaceae;Fusarium;Fusarium_sp_472	1.00	1
