dataset	level	iteration	method	parameters	seq_id               	observed_taxonomy	expected_taxonomy	result	mismatch_level
F1-REF	5	2	rdp	0.4	AB213454	Root;Ascomycota	Root;Ascomycota;Sordariomycetes;Microascales;Microascaceae;Pithoascus	underclassification	2
F1-REF	5	2	rdp	0.4	DQ411529	Root;Ascomycota	Root;Basidiomycota;Agaricomycetes;Polyporales;Sistotremataceae;Trechispora	misclassification	1
F1-REF	5	2	rdp	0.4	AF385213	Root;Ascomycota;Sordariomycetes;Hypocreales;Clavicipitaceae;Neotyphodium;Neotyphodium_coenophialum	Root;Ascomycota;Sordariomycetes;Hypocreales;Clavicipitaceae;Epichloe	overclassification	5
F1-REF	5	2	rdp	0.4	AY943057	Root;Ascomycota;Dothideomycetes;Pleosporales;Sporormiaceae;Westerdykella;Westerdykella_purpurea	Root;Ascomycota;Dothideomycetes;Pleosporales;Sporormiaceae;Pycnidiophora	overclassification	5
F1-REF	5	2	rdp	0.4	FJ596839	Root;Basidiomycota;Agaricomycetes;Agaricales;Clavariaceae;Clavaria	Root;Basidiomycota;Agaricomycetes;Agaricales;Hygrophoraceae;Camarophyllopsis	misclassification	4
F1-REF	5	2	rdp	0.4	EU669202	Root;Basidiomycota;Agaricomycetes	Root;Basidiomycota;Agaricomycetes;Gomphales;Gomphaceae;Clavariadelphus	underclassification	3
F1-REF	5	2	rdp	0.4	HQ108033	Root;Ascomycota;Dothideomycetes;Pleosporales	Root;Ascomycota;Dothideomycetes;Pleosporales;Phaeosphaeriaceae;Ampelomyces	underclassification	4
F1-REF	5	2	rdp	0.4	AF205647	Root;Basidiomycota;Agaricomycetes;Boletales;Gomphidiaceae	Root;Basidiomycota;Agaricomycetes;Boletales;Gomphidiaceae;Gomphidius	match	5
F1-REF	5	2	rdp	0.4	GQ919274	Root;Ascomycota;Lecanoromycetes;Lecanorales;Parmeliaceae	Root;Ascomycota;Lecanoromycetes;Lecanorales;Parmeliaceae;Remototrachyna_costaricensis	match	5
F1-REF	5	2	rdp	0.4	EU707898	Root;Ascomycota;Dothideomycetes;Capnodiales;Teratosphaeriaceae;Teratosphaeriaceae;Teratosphaeriaceae	Root;Ascomycota;Dothideomycetes;Capnodiales;Mycosphaerellaceae;Phaeothecoidea	misclassification	4
F1-REF	5	2	rdp	0.4	DQ384578	Root;Basidiomycota;Agaricomycetes;Boletales;Boletaceae;Boletus;Boletus_mirabilis	Root;Basidiomycota;Agaricomycetes;Boletales;Boletaceae;Boletellus	overclassification	5
F1-REF	5	2	rdp	0.4	HQ693875	Root;Basidiomycota;Agaricomycetes;Boletales;Boletaceae;Leccinum;Leccinum_talamancae	Root;Basidiomycota;Agaricomycetes;Boletales;Boletaceae;Rossbeevera_eucyanea	overclassification	5
F1-REF	5	2	rdp	0.4	AY558633	Root;Basidiomycota;Agaricomycetes;Hymenochaetales;Hymenochaetaceae	Root;Basidiomycota;Agaricomycetes;Hymenochaetales;Hymenochaetaceae;Fulvifomes	match	5
F1-REF	5	2	rdp	0.4	HQ693878	Root;Basidiomycota;Agaricomycetes;Boletales;Boletaceae;Leccinum;Leccinum_talamancae	Root;Basidiomycota;Agaricomycetes;Boletales;Boletaceae;Rossbeevera_griseovelutina	overclassification	5
F1-REF	5	2	rdp	0.4	EF524038	Root;Basidiomycota;Agaricomycetes	Root;Basidiomycota;Agaricomycetes;Polyporales;Polyporaceae;Lentinus	underclassification	3
F1-REF	5	2	rdp	0.4	HM005144	Root;Basidiomycota;Agaricomycetes;Agaricales;Physalacriaceae;Paraxerula_americana;Paraxerula_americana	Root;Basidiomycota;Agaricomycetes;Agaricales;Physalacriaceae;Paraxerula_hongoi	overclassification	5
F1-REF	5	2	rdp	0.4	EF191243	Root;Ascomycota;Leotiomycetes;Rhytismatales;Rhytismataceae;Hypoderma;Hypoderma_rubi	Root;Ascomycota;Leotiomycetes;Rhytismatales;Rhytismataceae;Coccomyces	overclassification	5
F1-REF	5	2	rdp	0.4	AY789280	Root;Ascomycota;Leotiomycetes;Helotiales	Root;Ascomycota;Leotiomycetes;Helotiales;Sclerotiniaceae;Mitrula	underclassification	4
F1-REF	5	2	rdp	0.4	AJ296348	Root;Basidiomycota;Agaricomycetes;Agaricales	Root;Basidiomycota;Agaricomycetes;Agaricales;Clavariaceae;Macrotyphula	underclassification	4
F1-REF	5	2	rdp	0.4	FJ467362	Root;Basidiomycota;Agaricomycetes;Polyporales;Polyporaceae	Root;Basidiomycota;Agaricomycetes;Polyporales;Polyporaceae;Daedaleopsis	match	5
F1-REF	5	2	rdp	0.4	FJ169667	Root;Ascomycota;Leotiomycetes;Helotiales;Sclerotiniaceae;Sclerotinia;Sclerotinia_sclerotiorum	Root;Ascomycota;Leotiomycetes;Helotiales;Sclerotiniaceae;Botryotinia	overclassification	5
F1-REF	5	2	rdp	0.4	AF138836	Root;Ascomycota	Root;Ascomycota;Arthoniomycetes;Arthoniales;Roccellaceae;Lecanactis	underclassification	2
F1-REF	5	2	rdp	0.4	AY571056	Root;Basidiomycota;Agaricomycetes;Agaricales	Root;Basidiomycota;Agaricomycetes;Agaricales;Inocybaceae;Phaeosolenia	underclassification	4
F1-REF	5	2	rdp	0.4	AB080512	Root;Ascomycota;Leotiomycetes;Erysiphales;Erysiphaceae	Root;Ascomycota;Leotiomycetes;Erysiphales;Erysiphaceae;Phyllactinia	match	5
F1-REF	5	2	rdp	0.4	GU300790	Root;Ascomycota;Lecanoromycetes;Lecanorales;Parmeliaceae;Bryoria;Bryoria_trichodes	Root;Ascomycota;Lecanoromycetes;Lecanorales;Parmeliaceae;Pseudevernia	overclassification	5
F1-REF	5	2	rdp	0.4	FJ645263	Root;Ascomycota;Eurotiomycetes;Verrucariales;Verrucariaceae	Root;Ascomycota;Eurotiomycetes;Verrucariales;Verrucariaceae;Sporodictyon	match	5
F1-REF	5	2	rdp	0.4	GQ913350	Root;Basidiomycota;Agaricomycetes;Agaricales;Physalacriaceae	Root;Basidiomycota;Agaricomycetes;Agaricales;Physalacriaceae;Hymenopellis_sinapicolor	match	5
F1-REF	5	2	rdp	0.4	AF237729	Root;Basidiomycota;Agaricomycetes;Hymenochaetales	Root;Basidiomycota;Agaricomycetes;Hymenochaetales;Hymenochaetaceae;Onnia	underclassification	4
F1-REF	5	2	rdp	0.4	DQ001293	Root;Ascomycota;Lecanoromycetes;Peltigerales;Nephromataceae;Nephroma;Nephroma_tropicum	Root;Ascomycota;Lecanoromycetes;Lecanorales;Parmeliaceae;Oropogon	misclassification	3
F1-REF	5	2	rdp	0.4	EF029184	Root;Ascomycota;Sordariomycetes	Root;Ascomycota;Sordariomycetes;Chaetosphaeriales;Chaetosphaeriaceae;Thozetella	underclassification	3
F1-REF	5	2	rdp	0.4	EF029187	Root;Ascomycota;Sordariomycetes;Phyllachorales;Phyllachoraceae;Colletotrichum;Colletotrichum_asianum	Root;Ascomycota;Sordariomycetes;Chaetosphaeriales;Chaetosphaeriaceae;Dischloridium	misclassification	3
F1-REF	5	2	rdp	0.4	DQ001294	Root;Ascomycota;Lecanoromycetes;Lecanorales	Root;Ascomycota;Lecanoromycetes;Lecanorales;Parmeliaceae;Sulcaria	underclassification	4
F1-REF	5	2	rdp	0.4	AJ005367	Root;Ascomycota;Eurotiomycetes;Onygenales;Onygenaceae;Aphanoascus;Aphanoascus_punsolae	Root;Ascomycota;Eurotiomycetes;Onygenales;Onygenaceae;Chrysosporium	overclassification	5
F1-REF	5	2	rdp	0.4	GU590932	Root;Basidiomycota;Agaricomycetes;Cantharellales;Cantharellaceae;Pterygellus;Pterygellus_polymorphus	Root;Basidiomycota;Agaricomycetes;Cantharellales;Cantharellaceae;Pseudocraterellus	overclassification	5
F1-REF	5	2	rdp	0.4	AJ866977	Root;Basidiomycota;Tremellomycetes;Filobasidiales;Filobasidiaceae;Cryptococcus;Cryptococcus_aquaticus	Root;Basidiomycota;Tremellomycetes;Cystofilobasidiales;Cystofilobasidiaceae;Mrakia	misclassification	3
F1-REF	5	2	rdp	0.4	AF373978	Root;Ascomycota	Root;Ascomycota;Eurotiomycetes;Pyrenulales;Xanthopyreniaceae;Pyrenocollema	underclassification	2
F1-REF	5	2	rdp	0.4	EU860055	Root;Ascomycota;Sordariomycetes;Hypocreales;Nectriaceae	Root;Ascomycota;Sordariomycetes;Hypocreales;Nectriaceae;Viridispora	match	5
F1-REF	5	2	rdp	0.4	EU589152	Root;Ascomycota;Sordariomycetes;Hypocreales;Ophiocordycipitaceae;Ophiocordyceps;Ophiocordyceps_sobolifera	Root;Ascomycota;Sordariomycetes;Hypocreales;Bionectriaceae;Bionectria	misclassification	4
F1-REF	5	2	rdp	0.4	HQ533034	Root;Basidiomycota;Agaricomycetes	Root;Basidiomycota;Agaricomycetes;Hysterangiales;Gallaceaceae;Gallacea	underclassification	3
F1-REF	5	2	rdp	0.4	AY739108	Root;Ascomycota;Leotiomycetes;Erysiphales;Erysiphaceae;Erysiphe	Root;Ascomycota;Leotiomycetes;Erysiphales;Erysiphaceae;Neoerysiphe	overclassification	5
F1-REF	5	2	rdp	0.4	FJ614640	Root;Ascomycota;Sordariomycetes;Xylariales;Hyponectriaceae;Microdochium;Microdochium_bolleyi	Root;Ascomycota;Sordariomycetes;Xylariales;Hyponectriaceae;Monographella	overclassification	5
F1-REF	5	2	rdp	0.4	FJ175161	Root;Ascomycota;Sordariomycetes;Sordariales;Lasiosphaeriaceae;Podospora;Podospora_austroamericana	Root;Ascomycota;Sordariomycetes;Sordariales;Lasiosphaeriaceae;Zopfiella	overclassification	5
F1-REF	5	2	rdp	0.4	EU597299	Root;Ascomycota;Sordariomycetes;Hypocreales;Nectriaceae;Nectria;Nectria_diminuta	Root;Ascomycota;Sordariomycetes;Hypocreales;Nectriaceae;Cylindrocarpon	overclassification	5
F1-REF	5	2	rdp	0.4	GQ456166	Root;Ascomycota;Lecanoromycetes	Root;Ascomycota;Leotiomycetes;Helotiales;Dermateaceae;Marssonina	misclassification	2
F1-REF	5	2	rdp	0.4	AF394525	Root;Microsporidia;Microsporea;Microsporida;Mrazekiidae;Bacillidium;Bacillidium_vesiculoformis	Root;Microsporidia;Microsporea;Microsporida;Glugeidae;Glugoides	misclassification	4
F1-REF	5	2	rdp	0.4	FJ588711	Root;Ascomycota	Root;Ascomycota;Lecanoromycetes;Ostropales;Stictidaceae;Petractis	underclassification	2
F1-REF	5	2	rdp	0.4	EU520097	Root;Ascomycota;Dothideomycetes;Pleosporales;Pleosporaceae;Alternaria;Alternaria_alternata	Root;Ascomycota;Sordariomycetes;Phyllachorales;Phyllachoraceae;Phyllachora	misclassification	2
F1-REF	5	2	rdp	0.4	DQ631933	Root;Ascomycota;Sordariomycetes;Xylariales;Xylariaceae	Root;Ascomycota;Sordariomycetes;Xylariales;Xylariaceae;Biscogniauxia	match	5
F1-REF	5	2	rdp	0.4	AB097450	Root;Basidiomycota;Pucciniomycetes;Pucciniales	Root;Basidiomycota;Pucciniomycetes;Pucciniales;Uropyxidaceae;Leucotelium	underclassification	4
F1-REF	5	2	rdp	0.4	JF499842	Root;Ascomycota;Dothideomycetes;Capnodiales;Teratosphaeriaceae;Catenulostroma	Root;Ascomycota;Dothideomycetes;Capnodiales;Teratosphaeriaceae;Penidiella	overclassification	5
F1-REF	5	2	rdp	0.4	JF419899	Root;Ascomycota;Dothideomycetes;Pleosporales;Lindgomycetaceae;Lindgomyces_breviappendiculatus;Lindgomyces_breviappendiculatus	Root;Ascomycota;Dothideomycetes;Pleosporales;Lindgomycetaceae;Lindgomyces_ingoldianus	overclassification	5
F1-REF	5	2	rdp	0.4	EF469157	Root;Ascomycota;Eurotiomycetes;Verrucariales;Verrucariaceae;Verrucaria	Root;Ascomycota;Eurotiomycetes;Verrucariales;Verrucariaceae;Dermatocarpon	overclassification	5
F1-REF	5	2	rdp	0.4	FJ000402	Root;Ascomycota;Leotiomycetes;Helotiales;Helotiaceae;Varicosporium;Varicosporium_delicatum	Root;Ascomycota;Leotiomycetes;Helotiales;Helotiaceae;Articulospora	overclassification	5
F1-REF	5	2	rdp	0.4	EF469155	Root;Ascomycota;Eurotiomycetes;Verrucariales;Verrucariaceae;Verrucaria	Root;Ascomycota;Eurotiomycetes;Verrucariales;Verrucariaceae;Placidium	overclassification	5
F1-REF	5	2	rdp	0.4	FJ899626	Root;Basidiomycota;Agaricomycetes;Agaricales;Psathyrellaceae;Psathyrella;Psathyrella_pyrotricha	Root;Basidiomycota;Agaricomycetes;Agaricales;Psathyrellaceae;Lacrymaria	overclassification	5
F1-REF	5	2	rdp	0.4	JN182869	Root;Basidiomycota;Agaricomycetes;Boletales;Boletaceae	Root;Basidiomycota;Agaricomycetes;Boletales;Boletaceae;Tylopilus	match	5
F1-REF	5	2	rdp	0.4	GU247155	Root;Ascomycota;Lecanoromycetes	Root;Ascomycota;Lecanoromycetes;Teloschistales;Physciaceae;Hyperphyscia	underclassification	3
F1-REF	5	2	rdp	0.4	EU639582	Root;Ascomycota;Lecanoromycetes;Lecanorales	Root;Ascomycota;Lecanoromycetes;Lecanorales;Psoraceae;Protoblastenia	underclassification	4
F1-REF	5	2	rdp	0.4	DQ328168	Root;Basidiomycota;Agaricomycetes;Agaricales	Root;Basidiomycota;Agaricomycetes;Agaricales;Cortinariaceae;Descomyces	underclassification	4
F1-REF	5	2	rdp	0.4	FJ380871	Root;Ascomycota;Dothideomycetes;Pleosporales;Pleosporaceae;Alternaria;Alternaria_bokurai	Root;Basidiomycota;Agaricomycetes;Polyporales;Polyporaceae;Lignosus	misclassification	1
F1-REF	5	2	rdp	0.4	EF026116	Root;Ascomycota;Sordariomycetes;Diaporthales;Cryphonectriaceae;Holocryphia;Holocryphia_eucalypti	Root;Ascomycota;Sordariomycetes;Diaporthales;Cryphonectriaceae;Cryphonectria	overclassification	5
F1-REF	5	2	rdp	0.4	AM399021	Root;Ascomycota;Sordariomycetes;Xylariales;Diatrypaceae;Diatrypella	Root;Ascomycota;Sordariomycetes;Xylariales;Diatrypaceae;Anthostoma	overclassification	5
F1-REF	5	2	rdp	0.4	DQ006946	Root;Ascomycota;Sordariomycetes;Xylariales;Diatrypaceae;Diatrypella;Diatrypella_quercina	Root;Ascomycota;Sordariomycetes;Xylariales;Diatrypaceae;Diatrype	overclassification	5
F1-REF	5	2	rdp	0.4	DQ354545	Root;Basidiomycota;Pucciniomycetes;Pucciniales;Pucciniaceae;Puccinia;Puccinia_smilacis	Root;Basidiomycota;Pucciniomycetes;Pucciniales;Pucciniaceae;Gymnosporangium	overclassification	5
F1-REF	5	2	rdp	0.4	GU199447	Root;Ascomycota	Root;Ascomycota;Saccharomycetes;Saccharomycetales;Saccharomycetaceae;Nakaseomyces	underclassification	2
F1-REF	5	2	rdp	0.4	GU214624	Root;Ascomycota;Dothideomycetes;Capnodiales;Mycosphaerellaceae;Phaeophleospora_concentrica;Phaeophleospora_concentrica	Root;Ascomycota;Dothideomycetes;Capnodiales;Mycosphaerellaceae;Brunneosphaerella	overclassification	5
F1-REF	5	2	rdp	0.4	DQ983814	Root;Basidiomycota	Root;Basidiomycota;Tremellomycetes;Tremellales;Exidiaceae;Sebacina	underclassification	2
F1-REF	5	2	rdp	0.4	AB607172	Root;Basidiomycota;Agaricomycetes;Agaricales;Marasmiaceae;Xerula;Xerula_radicata	Root;Basidiomycota;Agaricomycetes;Agaricales;Physalacriaceae;Ponticulomyces_orientalis	misclassification	4
F1-REF	5	2	rdp	0.4	AY986499	Root;Basidiomycota;Agaricomycetes;Polyporales	Root;Basidiomycota;Agaricomycetes;Polyporales;Polyporaceae;Erastia	underclassification	4
F1-REF	5	2	rdp	0.4	EU118622	Root;Basidiomycota;Agaricomycetes;Agaricales	Root;Basidiomycota;Agaricomycetes;Polyporales;Cystostereaceae;Cystidiodontia	misclassification	3
F1-REF	5	2	rdp	0.4	U57492	Root;Ascomycota;Leotiomycetes;Helotiales;Helotiaceae;Pezizella;Pezizella_chrysostigma	Root;Ascomycota;Leotiomycetes;Helotiales;Hyaloscyphaceae;Cistella	misclassification	4
F1-REF	5	2	rdp	0.4	EF192226	Root;Ascomycota;Saccharomycetes;Saccharomycetales;Pichiaceae;Pichia;Pichia_castillae	Root;Ascomycota;Saccharomycetes;Saccharomycetales;Saccharomycetaceae;Debaryomyces	misclassification	4
F1-REF	5	2	rdp	0.4	AF274081	Root;Ascomycota;Lecanoromycetes	Root;Ascomycota;Lecanoromycetes;Agyriales;Agyriaceae;Trapelia	underclassification	3
F1-REF	5	2	rdp	0.4	DQ323918	Root;Ascomycota	Root;Basidiomycota;Pucciniomycetes;Pucciniales;Raveneliaceae;Racospermyces	misclassification	1
F1-REF	5	2	rdp	0.4	EU681350	Root;Ascomycota;Lecanoromycetes;Teloschistales;Teloschistaceae;Caloplaca;Caloplaca_trachyphylla	Root;Ascomycota;Lecanoromycetes;Teloschistales;Teloschistaceae;Xanthomendoza	overclassification	5
F1-REF	5	2	rdp	0.4	AF079701	Root;Basidiomycota;Agaricomycetes;Agaricales;Agaricaceae;Leucocoprinus	Root;Basidiomycota;Agaricomycetes;Agaricales;Agaricaceae;Mycocepurus_smithi_symbiont_S60	overclassification	5
F1-REF	5	2	rdp	0.4	HQ540524	Root;Ascomycota;Leotiomycetes;Thelebolales;Thelebolaceae;Antarctomyces;Antarctomyces_psychrotrophicus	Root;Ascomycota;Eurotiomycetes;Ascosphaerales;Ascosphaeraceae;Bettsia	misclassification	2
F1-REF	5	2	rdp	0.4	AJ508681	Root;Ascomycota;Lecanoromycetes	Root;Ascomycota;Lecanoromycetes;Ostropales;Thelotremataceae;Ocellularia	underclassification	3
F1-REF	5	2	rdp	0.4	GQ253100	Root;Ascomycota;Lecanoromycetes	Root;Ascomycota;Leotiomycetes;Rhytismatales;Rhytismataceae;Rhytisma	misclassification	2
F1-REF	5	2	rdp	0.4	FJ903327	Root;Basidiomycota;Agaricomycetes	Root;Basidiomycota;Agaricomycetes;Polyporales;Meripilaceae;Rigidoporus	underclassification	3
F1-REF	5	2	rdp	0.4	FJ810171	Root;Basidiomycota;Agaricomycetes	Root;Basidiomycota;Agaricomycetes;Hymenochaetales;Hymenochaetaceae;Hymenochaete	underclassification	3
F1-REF	5	2	rdp	0.4	EF596819	Root;Ascomycota	Root;Ascomycota;Dothideomycetes;Pleosporales;Mytilinidiaceae;Lophium	underclassification	2
F1-REF	5	2	rdp	0.4	AJ972459	Root;Glomeromycota;Glomeromycetes;Glomerales;Glomeraceae;Rhizophagus	Root;Glomeromycota;Glomeromycetes;Glomerales;Glomeraceae;Glomus	overclassification	5
F1-REF	5	2	rdp	0.4	GQ292749	Root;Ascomycota	Root;Ascomycota;Dothideomycetes;Pleosporales;Sporormiaceae;Preussia	underclassification	2
F1-REF	5	2	rdp	0.4	FM878021	Root;Basidiomycota;Agaricomycetes;Agaricales;Psathyrellaceae;Psathyrella	Root;Basidiomycota;Agaricomycetes;Agaricales;Psathyrellaceae;Coprinopsis	overclassification	5
F1-REF	5	2	rdp	0.4	AF071340	Root;Ascomycota;Dothideomycetes;Pleosporales;Pleosporaceae;Curvularia;Curvularia_oryzae	Root;Ascomycota;Dothideomycetes;Pleosporales;Pleosporaceae;Setosphaeria	overclassification	5
F1-REF	5	2	rdp	0.4	AF357601	Root;Basidiomycota;Agaricomycetes;Hymenochaetales;Hymenochaetaceae;Phellinus;Phellinus_hartigii	Root;Basidiomycota;Agaricomycetes;Hymenochaetales;Hymenochaetaceae;Inonotus	overclassification	5
F1-REF	5	2	rdp	0.4	AB221419	Root;Basidiomycota;Pucciniomycetes;Pucciniales;Pucciniastraceae;Melampsoridium;Melampsoridium_betulinum	Root;Basidiomycota;Pucciniomycetes;Pucciniales;Pucciniastraceae;Pucciniastrum	overclassification	5
F1-REF	5	2	rdp	0.4	AY586560	Root;Ascomycota;Lecanoromycetes;Lecanorales;Parmeliaceae	Root;Ascomycota;Lecanoromycetes;Lecanorales;Parmeliaceae;Flavoparmelia	match	5
F1-REF	5	2	rdp	0.4	EU367452	Root;Ascomycota	Root;Ascomycota;Sordariomycetes;Calosphaeriales;Calosphaeriaceae;Togniniella	underclassification	2
F1-REF	5	2	rdp	0.4	JF681960	Root;Ascomycota;Sordariomycetes;Diaporthales;Valsaceae;Sillia;Sillia_ferruginea	Root;Ascomycota;Sordariomycetes;Diaporthales;Valsaceae;Winterella	overclassification	5
F1-REF	5	2	rdp	0.4	AB015696	Root;Basidiomycota;Agaricomycetes	Root;Basidiomycota;Agaricomycetes;Agaricales;Amanitaceae;Amanita	underclassification	3
F1-REF	5	2	rdp	0.4	AB546939	Root;Ascomycota;Leotiomycetes;Helotiales	Root;Ascomycota;Leotiomycetes;Helotiales;Hyaloscyphaceae;Hyaloscypha	underclassification	4
F1-REF	5	2	rdp	0.4	EU402595	Root;Basidiomycota;Agaricomycetes;Polyporales;Polyporaceae;Poria;Poria_cocos	Root;Basidiomycota;Agaricomycetes;Polyporales;Polyporaceae;Wolfiporia	overclassification	5
F1-REF	5	2	rdp	0.4	EU484271	Root;Basidiomycota;Agaricomycetes	Root;Basidiomycota;Agaricomycetes;Polyporales;Polyporaceae;Trichaptum	underclassification	3
F1-REF	5	2	rdp	0.4	AB199583	Root;Ascomycota;Dothideomycetes;Pleosporales;Pleosporaceae;Drechslera;Drechslera_nobleae	Root;Ascomycota;Dothideomycetes;Pleosporales;Pleosporaceae;aff_Drechslera_MT0008	overclassification	5
F1-REF	5	2	rdp	0.4	DQ872370	Root;Ascomycota;Sordariomycetes;Hypocreales	Root;Ascomycota;Sordariomycetes;Hypocreales;Cordycipitaceae;Engyodontium	underclassification	4
F1-REF	5	2	rdp	0.4	DQ875351	Root;Basidiomycota;Ustilaginomycetes;Urocystidales;Urocystidaceae;Melanustilospora;Melanustilospora_ari	Root;Basidiomycota;Ustilaginomycetes;Urocystidales;Urocystidaceae;Mundkurella	overclassification	5
F1-REF	5	2	rdp	0.4	AF486129	Root;Ascomycota;Leotiomycetes;Helotiales;Hyaloscyphaceae	Root;Ascomycota;Sordariomycetes;Microascales;Ceratocystidaceae;Sporendocladia	misclassification	2
F1-REF	5	2	rdp	0.4	AF079679	Root;Basidiomycota;Agaricomycetes;Agaricales;Agaricaceae;Mycetarotes_parallelus_symbiont_OC7;Mycetarotes_parallelus_symbiont_OC7	Root;Basidiomycota;Agaricomycetes;Agaricales;Agaricaceae;Cyphomyrmex_longiscapus_symbiont_S36	overclassification	5
F1-REF	5	2	rdp	0.4	AY228347	Root;Basidiomycota;Agaricomycetes;Agaricales;Bolbitiaceae;Hebeloma	Root;Basidiomycota;Agaricomycetes;Agaricales;Cortinariaceae;Galerina	misclassification	4
F1-REF	5	2	rdp	0.4	AY239342	Root;Basidiomycota;Agaricomycetes;Russulales;Russulaceae;Russula;Russula_dryadicola	Root;Basidiomycota;Agaricomycetes;Russulales;Russulaceae;Gymnomyces	overclassification	5
F1-REF	5	2	rdp	0.4	HQ222013	Root;Basidiomycota;Agaricomycetes;Agaricales	Root;Basidiomycota;Agaricomycetes;Agaricales;Strophariaceae;Pachylepyrium	underclassification	4
F1-REF	5	2	rdp	0.4	HE649950	Root;Basidiomycota;Agaricomycetes;Agaricales;Lyophyllaceae	Root;Basidiomycota;Agaricomycetes;Agaricales;Lyophyllaceae;Ossicaulis	match	5
F1-REF	5	2	rdp	0.4	GU053568	Root;Ascomycota;Sordariomycetes;Xylariales;Xylariaceae;Phylacia;Phylacia_sagrana	Root;Ascomycota;Sordariomycetes;Xylariales;Xylariaceae;Ruwenzoria	overclassification	5
F1-REF	5	2	rdp	0.4	JF692201	Root	Root;Basidiomycota;Agaricomycetes;Russulales;Bondarzewiaceae;Amylosporus	underclassification	1
F1-REF	5	2	rdp	0.4	FJ914669	Root;Ascomycota;Sordariomycetes;Microascales;Microascaceae;Microascus;Microascus_trigonosporus	Root;Ascomycota;Sordariomycetes;Microascales;Microascaceae;Graphium	overclassification	5
F1-REF	5	2	rdp	0.4	EU075541	Root;Ascomycota;Lecanoromycetes;Lecanorales;Parmeliaceae	Root;Ascomycota;Lecanoromycetes;Lecanorales;Lecanoraceae;Pyrrhospora	misclassification	4
F1-REF	5	2	rdp	0.4	EF513771	Root;Ascomycota;Eurotiomycetes;Chaetothyriales;Herpotrichiellaceae;Cladophialophora;Cladophialophora_devriesii	Root;Ascomycota;Eurotiomycetes;Chaetothyriales;Herpotrichiellaceae;Fonsecaea	overclassification	5
F1-REF	5	2	rdp	0.4	FR865444	Root;Glomeromycota;Glomeromycetes;Diversisporales;Diversisporaceae;Diversispora;Diversispora_spurca	Root;Glomeromycota;Glomeromycetes;Diversisporales;Diversisporaceae;Otospora	overclassification	5
F1-REF	5	2	rdp	0.4	FJ596801	Root;Basidiomycota;Agaricomycetes;Agaricales;Cortinariaceae;Cortinarius	Root;Basidiomycota;Agaricomycetes;Agaricales;Cortinariaceae;Crepidotus	overclassification	5
F1-REF	5	2	rdp	0.4	DQ534466	Root;Ascomycota;Lecanoromycetes;Lecanorales;Parmeliaceae	Root;Ascomycota;Lecanoromycetes;Lecanorales;Parmeliaceae;Himantormia	match	5
F1-REF	5	2	rdp	0.4	FJ919809	Root;Ascomycota;Lecanoromycetes;Acarosporales;Acarosporaceae;Sarcogyne;Sarcogyne_regularis	Root;Ascomycota;Lecanoromycetes;Acarosporales;Acarosporaceae;Glypholecia	overclassification	5
F1-REF	5	2	rdp	0.4	EU834222	Root;Ascomycota;Pezizomycetes;Pezizales;Sarcosomataceae;Strumella;Strumella_coryneoidea	Root;Ascomycota;Pezizomycetes;Pezizales;Sarcosomataceae;Urnula	overclassification	5
F1-REF	5	2	rdp	0.4	FJ599809	Root;Ascomycota;Orbiliomycetes;Orbiliales;Orbiliaceae	Root;Ascomycota;Orbiliomycetes;Orbiliales;Orbiliaceae;Orbilia	match	5
F1-REF	5	2	rdp	0.4	EF536348	Root;Basidiomycota;Agaricomycetes	Root;Ascomycota;Saccharomycetes;Saccharomycetales;Trichomonascaceae;Wickerhamiella	misclassification	1
F1-REF	5	2	rdp	0.4	AF079676	Root;Basidiomycota;Agaricomycetes;Agaricales;Agaricaceae;Mycetophylax_conformis_symbiont_G26;Mycetophylax_conformis_symbiont_G26	Root;Basidiomycota;Agaricomycetes;Agaricales;Agaricaceae;Cyphomyrmex_costatus_symbiont_S92	overclassification	5
F1-REF	5	2	rdp	0.4	FJ378883	Root;Ascomycota;Leotiomycetes;Erysiphales;Erysiphaceae;Erysiphe;Erysiphe_pisi	Root;Ascomycota;Leotiomycetes;Erysiphales;Erysiphaceae;Microsphaera	overclassification	5
F1-REF	5	2	rdp	0.4	EU008632	Root;Ascomycota;Lecanoromycetes;Lecanorales	Root;Ascomycota;Lecanoromycetes;Lecanorales;Stereocaulaceae;Stereocaulon	underclassification	4
F1-REF	5	2	rdp	0.4	AF325646	Root;Basidiomycota;Agaricomycetes;Agaricales	Root;Basidiomycota;Agaricomycetes;Agaricales;Cortinariaceae;Descolea	underclassification	4
F1-REF	5	2	rdp	0.4	AF079678	Root;Basidiomycota;Agaricomycetes;Agaricales;Agaricaceae;Leucocoprinus;Leucocoprinus_cretaceus	Root;Basidiomycota;Agaricomycetes;Agaricales;Agaricaceae;Cyphomyrmex_faunulus_symbiont_OC19	overclassification	5
F1-REF	5	2	rdp	0.4	FJ827714	Root	Root;Chytridiomycota;Chytridiomycetes;Spizellomycetales;Spizellomycetaceae;Spizellomyces	underclassification	1
F1-REF	5	2	rdp	0.4	UDB000647	Root;Basidiomycota;Agaricomycetes;Boletales;Boletaceae	Root;Basidiomycota;Agaricomycetes;Boletales;Boletaceae;Buchwaldoboletus	match	5
F1-REF	5	2	rdp	0.4	AB267641	Root;Ascomycota;Leotiomycetes;Helotiales	Root;Ascomycota;Leotiomycetes;Helotiales;Hyaloscyphaceae;Lachnum	underclassification	4
F1-REF	5	2	rdp	0.4	HM244773	Root;Ascomycota;Lecanoromycetes	Root;Ascomycota;Lecanoromycetes;Ostropales;Stictidaceae;Ostropa	underclassification	3
F1-REF	5	2	rdp	0.4	AF506428	Root;Basidiomycota;Tremellomycetes;Tremellales;Exidiaceae;Exidia;Exidia_glandulosa	Root;Basidiomycota;Agaricomycetes;Russulales;Lachnocladiaceae;Dichostereum	misclassification	2
F1-REF	5	2	rdp	0.4	AF506426	Root;Basidiomycota;Agaricomycetes;Russulales	Root;Basidiomycota;Agaricomycetes;Russulales;Russulaceae;Pseudoxenasma	underclassification	4
F1-REF	5	2	rdp	0.4	JF263493	Root;Basidiomycota;Pucciniomycetes;Pucciniales;Pucciniaceae;Puccinia;Puccinia_popowiae	Root;Basidiomycota;Pucciniomycetes;Pucciniales;Raveneliaceae;Diorchidium	misclassification	4
F1-REF	5	2	rdp	0.4	HM480490	Root;Ascomycota;Dothideomycetes;Capnodiales;Capnodiaceae;Capnodium;Capnodium_coffeae	Root;Ascomycota;Dothideomycetes;Capnodiales;Capnodiaceae;Scorias	overclassification	5
F1-REF	5	2	rdp	0.4	GU233322	Root;Basidiomycota;Agaricomycetes;Agaricales;Cortinariaceae	Root;Basidiomycota;Agaricomycetes;Agaricales;Cortinariaceae;Dermocybe_egmontiana	match	5
F1-REF	5	2	rdp	0.4	DQ402184	Root	Root;Ascomycota;Dothideomycetes;Hysteriales;Hysteriaceae;Hysterographium	underclassification	1
F1-REF	5	2	rdp	0.4	AB278194	Root;Ascomycota;Sordariomycetes;Sordariales;Lasiosphaeriaceae	Root;Ascomycota;Sordariomycetes;Sordariales;Cephalothecaceae;Cephalotheca	misclassification	4
F1-REF	5	2	rdp	0.4	EU266082	Root;Ascomycota;Lecanoromycetes;Lecanorales;Parmeliaceae	Root;Ascomycota;Lecanoromycetes;Lecanorales;Lecanoraceae;Lecidella	misclassification	4
F1-REF	5	2	rdp	0.4	EU784394	Root;Basidiomycota	Root;Ascomycota;Pezizomycetes;Pezizales;Pyronemataceae;Paurocotylis	misclassification	1
F1-REF	5	2	rdp	0.4	EU266089	Root;Ascomycota;Lecanoromycetes;Lecanorales;Parmeliaceae;Xanthoparmelia;Xanthoparmelia_mexicana	Root;Ascomycota;Lecanoromycetes;Teloschistales;Teloschistaceae;Xanthoria	misclassification	3
F1-REF	5	2	rdp	0.4	FJ005092	Root;Ascomycota;Sordariomycetes;Hypocreales;Clavicipitaceae;Cordyceps;Cordyceps_cylindrica	Root;Ascomycota;Leotiomycetes;Helotiales;Helotiaceae;Crocicreas	misclassification	2
F1-REF	5	2	rdp	0.4	JF908722	Root;Ascomycota;Pezizomycetes;Pezizales;Pyronemataceae;Ramsbottomia;Ramsbottomia_asperior	Root;Ascomycota;Pezizomycetes;Pezizales;Pyronemataceae;Scutellinia	overclassification	5
F1-REF	5	2	rdp	0.4	AF454429	Root;Basidiomycota;Agaricomycetes;Russulales;Bondarzewiaceae;Gloiodon;Gloiodon_strigosus	Root;Basidiomycota;Agaricomycetes;Russulales;Auriscalpiaceae;Auriscalpium	misclassification	4
F1-REF	5	2	rdp	0.4	Z81447	Root;Ascomycota;Leotiomycetes;Helotiales;Sclerotiniaceae;Ciboria;Ciboria_americana	Root;Ascomycota;Leotiomycetes;Helotiales;Sclerotiniaceae;Valdensinia	overclassification	5
F1-REF	5	2	rdp	0.4	EU552101	Root;Ascomycota;Sordariomycetes;Xylariales;Xylariaceae;Emarcea;Emarcea_castanopsidicola	Root;Ascomycota;Sordariomycetes;Xylariales;Xylariaceae;Anthostomella	overclassification	5
F1-REF	5	2	rdp	0.4	EU784192	Root;Basidiomycota;Agaricomycetes;Agaricales	Root;Basidiomycota;Agaricomycetes;Agaricales;Nidulariaceae;Cyathus	underclassification	4
F1-REF	5	2	rdp	0.4	DQ491500	Root;Ascomycota;Pezizomycetes;Pezizales;Pyronemataceae;Pseudaleuria;Pseudaleuria_quinaultiana	Root;Ascomycota;Pezizomycetes;Pezizales;Pyronemataceae;Cheilymenia	overclassification	5
F1-REF	5	2	rdp	0.4	AF429267	Root;Ascomycota;Lecanoromycetes;Lecideales;Lecideaceae;Lecidea	Root;Ascomycota;Lecanoromycetes;Lecideales;Porpidiaceae;Porpidia	misclassification	4
F1-REF	5	2	rdp	0.4	FR750134	Root;Glomeromycota;Glomeromycetes;Diversisporales;Gigasporaceae;Scutellospora;Scutellospora_verrucosa	Root;Glomeromycota;Glomeromycetes;Diversisporales;Gigasporaceae;Racocetra	overclassification	5
F1-REF	5	2	rdp	0.4	AF506389	Root;Basidiomycota;Agaricomycetes;Russulales	Root;Basidiomycota;Agaricomycetes;Russulales;Hericiaceae;Dentipratulum	underclassification	4
F1-REF	5	2	rdp	0.4	DQ534046	Root;Ascomycota;Sordariomycetes;Xylariales;Amphisphaeriaceae	Root;Ascomycota;Sordariomycetes;Xylariales;Amphisphaeriaceae;Monochaetia	match	5
F1-REF	5	2	rdp	0.4	FJ380941	Root;Ascomycota;Orbiliomycetes;Orbiliales;Orbiliaceae;Geniculifera;Geniculifera_cystosporia	Root;Ascomycota;Orbiliomycetes;Orbiliales;Orbiliaceae;Monacrosporium	overclassification	5
F1-REF	5	2	rdp	0.4	EU343826	Root;Ascomycota;Saccharomycetes;Saccharomycetales;Pichiaceae;Pichia	Root;Ascomycota;Saccharomycetes;Saccharomycetales;Debaryomycetaceae;Scheffersomyces	misclassification	4
F1-REF	5	2	rdp	0.4	EF091828	Root;Basidiomycota;Agaricomycetes;Agaricales	Root;Basidiomycota;Agaricomycetes;Agaricales;Tricholomataceae;Squamanita	underclassification	4
F1-REF	5	2	rdp	0.4	DQ118419	Root;Basidiomycota;Agaricomycetes;Russulales;Peniophoraceae;Peniophora;Peniophora_cinerea	Root;Basidiomycota;Agaricomycetes;Russulales;Peniophoraceae;Entomocorticium	overclassification	5
F1-REF	5	2	rdp	0.4	DQ404393	Root;Basidiomycota;Agaricomycetes;Agaricales	Root;Basidiomycota;Agaricomycetes;Agaricales;Psathyrellaceae;Mythicomyces	underclassification	4
F1-REF	5	2	rdp	0.4	EU846253	Root;Basidiomycota;Agaricomycetes;Thelephorales;Thelephoraceae;Pseudotomentella;Pseudotomentella_tristis	Root;Basidiomycota;Agaricomycetes;Thelephorales;Thelephoraceae;Polyozellus	overclassification	5
F1-REF	5	2	rdp	0.4	EU846252	Root;Basidiomycota;Agaricomycetes;Agaricales;Entolomataceae;Entoloma;Entoloma_euchroum	Root;Basidiomycota;Agaricomycetes;Agaricales;Entolomataceae;Leptonia	overclassification	5
F1-REF	5	2	rdp	0.4	AY997074	Root;Basidiomycota;Agaricomycetes	Root;Chytridiomycota;Chytridiomycetes;Chytridiales;Cladochytriaceae;Polychytrium	misclassification	1
F1-REF	5	2	rdp	0.4	AF506383	Root;Basidiomycota;Agaricomycetes;Polyporales;Fomitopsidaceae;Postia;Oligoporus_guttulatus	Root;Basidiomycota;Agaricomycetes;Russulales;Stereaceae;Conferticium	misclassification	3
F1-REF	5	2	rdp	0.4	AJ131787	Root;Ascomycota	Root;Ascomycota;Eurotiomycetes;Onygenales;Onygenaceae;Pseudoamauroascus	underclassification	2
F1-REF	5	2	rdp	0.4	AB566287	Root;Ascomycota;Eurotiomycetes;Onygenales;Gymnoascaceae;Gymnoascus;Gymnoascus_aurantiacus	Root;Ascomycota;Eurotiomycetes;Onygenales;Gymnoascaceae;Arachniotus	overclassification	5
F1-REF	5	2	rdp	0.4	EU846259	Root;Basidiomycota;Agaricomycetes;Russulales;Albatrellaceae	Root;Basidiomycota;Agaricomycetes;Russulales;Albatrellaceae;Leucogaster	match	5
F1-REF	5	2	rdp	0.4	FJ839633	Root;Ascomycota;Dothideomycetes;Capnodiales;Mycosphaerellaceae;Periconiella;Periconiella_velutina	Root;Ascomycota;Dothideomycetes;Capnodiales;Mycosphaerellaceae;Verrucisporota_daviesiae	overclassification	5
F1-REF	5	2	rdp	0.4	AY004783	Root;Ascomycota;Dothideomycetes;Pleosporales;Pleosporaceae;Drechslera	Root;Ascomycota;Dothideomycetes;Pleosporales;Pleosporaceae;Pyrenophora	overclassification	5
F1-REF	5	2	rdp	0.4	AF506484	Root;Basidiomycota;Tremellomycetes;Tremellales;Exidiaceae;Exidia;Exidia_glandulosa	Root;Basidiomycota;Agaricomycetes;Russulales;Lachnocladiaceae;Vararia	misclassification	2
F1-REF	5	2	rdp	0.4	GQ852764	Root;Ascomycota;Dothideomycetes;Capnodiales;Mycosphaerellaceae;Cercospora	Root;Ascomycota;Dothideomycetes;Capnodiales;Mycosphaerellaceae;Pseudocercospora	overclassification	5
F1-REF	5	2	rdp	0.4	AF410472	Root;Basidiomycota;Tremellomycetes;Tremellales	Root;Basidiomycota;Tremellomycetes;Tremellales;Tremellaceae;Holtermannia	underclassification	4
F1-REF	5	2	rdp	0.4	AF079695	Root;Basidiomycota;Agaricomycetes;Agaricales;Agaricaceae;Cyphomyrmex_rimosus_symbiont_G9;Cyphomyrmex_rimosus_symbiont_G9	Root;Basidiomycota;Agaricomycetes;Agaricales;Agaricaceae;Cyphomyrmex_rimosus_symbiont_OC9	overclassification	5
F1-REF	5	2	rdp	0.4	EU075198	Root;Ascomycota;Saccharomycetes;Saccharomycetales;Saccharomycetaceae;Kluyveromyces;Kluyveromyces_hubeiensis	Root;Ascomycota;Saccharomycetes;Saccharomycetales;Saccharomycetaceae;Kazachstania	overclassification	5
F1-REF	5	2	rdp	0.4	GQ461906	Root;Ascomycota;Eurotiomycetes;Eurotiales;Trichocomaceae;Aspergillus;Aspergillus_fumigatiaffinis	Root;Ascomycota;Eurotiomycetes;Eurotiales;Trichocomaceae;Neosartorya	overclassification	5
F1-REF	5	2	rdp	0.4	GU062240	Root;Ascomycota;Dothideomycetes;Capnodiales;Mycosphaerellaceae;Septoria;Septoria_passerinii	Root;Ascomycota;Dothideomycetes;Capnodiales;Mycosphaerellaceae;Zymoseptoria_tritici	overclassification	5
F1-REF	5	2	rdp	0.4	AJ133397	Root;Ascomycota;Sordariomycetes;Hypocreales;Clavicipitaceae	Root;Ascomycota;Sordariomycetes;Hypocreales;Clavicipitaceae;Claviceps	match	5
F1-REF	5	2	rdp	0.4	DQ915483	Root;Ascomycota	Root;Ascomycota;Leotiomycetes;Helotiales;Dermateaceae;Catinella	underclassification	2
F1-REF	5	2	rdp	0.4	EU622846	Root;Basidiomycota;Agaricomycetes	Root;Basidiomycota;Agaricomycetes;Corticiales;Corticiaceae;Limonomyces	underclassification	3
F1-REF	5	2	rdp	0.4	GU590925	Root;Basidiomycota;Agaricomycetes	Root;Basidiomycota;Agaricomycetes;Cantharellales;Cantharellaceae;Craterellus	underclassification	3
F1-REF	5	2	rdp	0.4	AF404123	Root;Ascomycota;Lecanoromycetes;Lecanorales;Parmeliaceae	Root;Ascomycota;Lecanoromycetes;Lecanorales;Parmeliaceae;Nephromopsis	match	5
F1-REF	5	2	rdp	0.4	FJ603607	Root	Root;Ascomycota;Sordariomycetes;Xylariales;Hyponectriaceae;Physalospora	underclassification	1
F1-REF	5	2	rdp	0.4	AY514636	Root;Ascomycota;Orbiliomycetes;Orbiliales;Orbiliaceae;Dactylella;Dactylella_oviparasitica	Root;Ascomycota;Orbiliomycetes;Orbiliales;Orbiliaceae;Hyalorbilia	overclassification	5
F1-REF	5	2	rdp	0.4	EU784223	Root;Basidiomycota;Agaricomycetes	Root;Basidiomycota;Agaricomycetes;Geastrales;Geastraceae;Geastrum	underclassification	3
F1-REF	5	2	rdp	0.4	HM005073	Root;Basidiomycota;Agaricomycetes;Agaricales;Marasmiaceae;Xerula;Xerula_radicata	Root;Basidiomycota;Agaricomycetes;Agaricales;Marasmiaceae;Dactylosporina	overclassification	5
F1-REF	5	2	rdp	0.4	FJ871107	Root;Ascomycota;Lecanoromycetes;Lecanorales;Ramalinaceae;Ramalina	Root;Ascomycota;Lecanoromycetes;Lecanorales;Ramalinaceae;Trichoramalina	overclassification	5
F1-REF	5	2	rdp	0.4	EF605270	Root;Ascomycota;Lecanoromycetes;Peltigerales;Lobariaceae;Pseudocyphellaria	Root;Ascomycota;Lecanoromycetes;Peltigerales;Lobariaceae;Lobaria	overclassification	5
F1-REF	5	2	rdp	0.4	JN638251	Root;Ascomycota;Eurotiomycetes	Root;Ascomycota;Eurotiomycetes;Verrucariales;Verrucariaceae;Hydropunctaria	underclassification	3
F1-REF	5	2	rdp	0.4	JN710548	Root;Basidiomycota;Agaricomycetes;Polyporales;Steccherinaceae;Junghuhnia;Junghuhnia_autumnale	Root;Basidiomycota;Agaricomycetes;Polyporales;Steccherinaceae;Steccherinum	overclassification	5
F1-REF	5	2	rdp	0.4	DQ238743	Root;Basidiomycota;Microbotryomycetes;Microbotryales;Microbotryaceae;Microbotryum;Microbotryum_tuberculiforme	Root;Basidiomycota;Microbotryomycetes;Microbotryales;Microbotryaceae;Liroa	overclassification	5
F1-REF	5	2	rdp	0.4	AF054860	Root;Ascomycota;Sordariomycetes;Hypocreales;Hypocreaceae;Hypomyces;Hypomyces_chrysospermus	Root;Ascomycota;Sordariomycetes;Hypocreales;Hypocreaceae;Sepedonium	overclassification	5
F1-REF	5	2	rdp	0.4	EF051060	Root;Basidiomycota;Agaricomycetes;Agaricales;Strophariaceae	Root;Basidiomycota;Agaricomycetes;Agaricales;Cortinariaceae;Tubaria	misclassification	4
F1-REF	5	2	rdp	0.4	FJ493249	Root;Ascomycota;Lecanoromycetes	Root;Ascomycota;Leotiomycetes;Helotiales;Dermateaceae;Diplocarpon	misclassification	2
F1-REF	5	2	rdp	0.4	AY349115	Root;Basidiomycota;Agaricomycetes	Root;Chytridiomycota;Chytridiomycetes;Chytridiales;Chytridiaceae;Siphonaria	misclassification	1
F1-REF	5	2	rdp	0.4	DQ383642	Root;Ascomycota;Lecanoromycetes;Lecanorales;Parmeliaceae	Root;Ascomycota;Lecanoromycetes;Lecanorales;Parmeliaceae;Everniastrum	match	5
F1-REF	5	2	rdp	0.4	FJ167356	Root;Basidiomycota;Ustilaginomycetes;Ustilaginales;Ustilaginaceae	Root;Basidiomycota;Ustilaginomycetes;Ustilaginales;Ustilaginaceae;Ustilago	match	5
F1-REF	5	2	rdp	0.4	DQ826538	Root;Basidiomycota;Agaricomycetes	Root;Basidiomycota;Agaricomycetes;Polyporales;Meruliaceae;Resinicium	underclassification	3
F1-REF	5	2	rdp	0.4	FJ481033	Root;Basidiomycota;Agaricomycetes;Agaricales;Lycoperdaceae	Root;Basidiomycota;Agaricomycetes;Agaricales;Lycoperdaceae;Vascellum	match	5
F1-REF	5	2	rdp	0.4	AF210682	Root;Ascomycota;Sordariomycetes;Hypocreales;Nectriaceae;Nectria	Root;Ascomycota;Sordariomycetes;Hypocreales;Bionectriaceae;Clonostachys	misclassification	4
F1-REF	5	2	rdp	0.4	AB190380	Root;Ascomycota;Eurotiomycetes;Chaetothyriales;Chaetothyriaceae;Cyphellophora;Cyphellophora_eucalypti	Root;Ascomycota;Eurotiomycetes;Chaetothyriales;Herpotrichiellaceae;Phialophora	misclassification	4
F1-REF	5	2	rdp	0.4	EU199178	Root;Ascomycota;Sordariomycetes;Diaporthales;Gnomoniaceae;Plagiostoma	Root;Ascomycota;Sordariomycetes;Diaporthales;Gnomoniaceae;Amphiporthe	overclassification	5
F1-REF	5	2	rdp	0.4	FJ769426	Root;Ascomycota	Root;Ascomycota;Saccharomycetes;Saccharomycetales;Trichomonascaceae;Arxula	underclassification	2
F1-REF	5	2	rdp	0.4	GQ500107	Root;Ascomycota;Leotiomycetes;Helotiales;Helotiaceae	Root;Ascomycota;Leotiomycetes;Helotiales;Helotiaceae;Ascocoryne	match	5
F1-REF	5	2	rdp	0.4	AB237824	Root;Ascomycota;Sordariomycetes;Ophiostomatales;Ophiostomataceae;Leptographium;Leptographium_pineti	Root;Ascomycota;Leotiomycetes;Erysiphales;Erysiphaceae;Oidium	misclassification	2
F1-REF	5	2	rdp	0.4	EU014072	Root;Basidiomycota;Pucciniomycetes;Pucciniales;Coleosporiaceae;Chrysomyxa;Chrysomyxa_rhododendri	Root;Basidiomycota;Pucciniomycetes;Pucciniales;Pileolariaceae;Pileolaria	misclassification	4
F1-REF	5	2	rdp	0.4	FJ605260	Root;Ascomycota;Dothideomycetes;Pleosporales;Phaeosphaeriaceae;Phaeosphaeria	Root;Ascomycota;Dothideomycetes;Pleosporales;Phaeosphaeriaceae;Sclerostagonospora	overclassification	5
F1-REF	5	2	rdp	0.4	AB257586	Root;Basidiomycota;Agaricomycetes;Agaricales;Strophariaceae	Root;Basidiomycota;Agaricomycetes;Agaricales;Strophariaceae;Psilocybe	match	5
F1-REF	5	2	rdp	0.4	AJ302421	Root;Ascomycota;Sordariomycetes;Xylariales;Diatrypaceae;Diatrypella;Diatrypella_verruciformis	Root;Ascomycota;Sordariomycetes;Xylariales;Diatrypaceae;Cryptosphaeria	overclassification	5
F1-REF	5	2	rdp	0.4	DQ097357	Root;Basidiomycota;Agaricomycetes;Agaricales;Marasmiaceae	Root;Basidiomycota;Agaricomycetes;Agaricales;Physalacriaceae;Gloiocephala	misclassification	4
F1-REF	5	2	rdp	0.4	JF509174	Root;Ascomycota;Eurotiomycetes;Verrucariales;Verrucariaceae;Verrucaria;Verrucaria_sublobulata	Root;Ascomycota;Eurotiomycetes;Verrucariales;Verrucariaceae;Agonimia	overclassification	5
F1-REF	5	2	rdp	0.4	DQ182505	Root;Basidiomycota;Agaricomycetes;Agaricales;Agaricaceae;Leucocoprinus	Root;Basidiomycota;Agaricomycetes;Agaricales;Pluteaceae;Chamaeota	misclassification	4
F1-REF	5	2	rdp	0.4	DQ144619	Root;Basidiomycota;Agaricomycetes;Polyporales;Fomitopsidaceae;Anomoporia;Anomoporia_vesiculosa	Root;Basidiomycota;Agaricomycetes;Atheliales;Atheliaceae;Irpicodon	misclassification	3
F1-REF	5	2	rdp	0.4	EF445991	Root;Ascomycota;Orbiliomycetes;Orbiliales;Orbiliaceae;Geniculifera;Geniculifera_cystosporia	Root;Ascomycota;Orbiliomycetes;Orbiliales;Orbiliaceae;Arthrobotrys	overclassification	5
F1-REF	5	2	rdp	0.4	HM436631	Root;Basidiomycota;Agaricomycetes;Agaricales	Root;Basidiomycota;Agaricomycetes;Agaricales;Agaricaceae;Micropsalliota	underclassification	4
F1-REF	5	2	rdp	0.4	FJ464594	Root;Basidiomycota;Ustilaginomycetes;Ustilaginales;Ustilaginaceae;Moesziomyces;Moesziomyces_bullatus	Root;Basidiomycota;Ustilaginomycetes;Ustilaginales;Ustilaginaceae;Pseudozyma	overclassification	5
F1-REF	5	2	rdp	0.4	DQ144612	Root;Basidiomycota;Agaricomycetes;Agaricales	Root;Basidiomycota;Agaricomycetes;Polyporales;Fomitopsidaceae;Anomoloma	misclassification	3
F1-REF	5	2	rdp	0.4	DQ144610	Root;Basidiomycota;Agaricomycetes	Root;Basidiomycota;Agaricomycetes;Atheliales;Atheliaceae;Amyloathelia	underclassification	3
F1-REF	5	2	rdp	0.4	AY571031	Root;Basidiomycota;Agaricomycetes;Agaricales	Root;Basidiomycota;Agaricomycetes;Agaricales;Marasmiaceae;Calyptella	underclassification	4
F1-REF	5	2	rdp	0.4	AY745994	Root;Ascomycota	Root;Ascomycota;Sordariomycetes;Hypocreales;Nectriaceae;Pseudofusarium	underclassification	2
F1-REF	5	2	rdp	0.4	AF479670	Root;Basidiomycota;Agaricomycetes;Polyporales;Phanerochaetaceae;Australohydnum;Australohydnum_dregeanum	Root;Basidiomycota;Agaricomycetes;Hymenochaetales;Schizoporaceae;Oxyporus	misclassification	3
F1-REF	5	2	rdp	0.4	AY571036	Root;Basidiomycota;Agaricomycetes;Agaricales;Marasmiaceae	Root;Basidiomycota;Agaricomycetes;Agaricales;Marasmiaceae;Cyphellopsis	match	5
F1-REF	5	2	rdp	0.4	AF192317	Root;Ascomycota;Sordariomycetes;Diaporthales;Valsaceae;Valsa;Valsa_brevispora	Root;Ascomycota;Sordariomycetes;Diaporthales;Valsaceae;Cytospora	overclassification	5
F1-REF	5	2	rdp	0.4	AF444320	Root;Basidiomycota;Tremellomycetes	Root;Basidiomycota;Tremellomycetes;Tremellales;Cuniculitremaceae;Cuniculitrema	underclassification	3
F1-REF	5	2	rdp	0.4	DQ328113	Root;Basidiomycota;Agaricomycetes;Agaricales;Cortinariaceae;Cortinarius;Cortinarius_obtusus	Root;Basidiomycota;Agaricomycetes;Agaricales;Cortinariaceae;Quadrispora	overclassification	5
F1-REF	5	2	rdp	0.4	GQ996574	Root;Ascomycota;Sordariomycetes;Sordariales;Chaetomiaceae;Corynascus;Corynascus_verrucosus	Root;Ascomycota;Sordariomycetes;Sordariales;Chaetomiaceae;Chaetomium	overclassification	5
F1-REF	5	2	rdp	0.4	EF026120	Root;Ascomycota;Sordariomycetes;Xylariales;Xylariaceae;Xylaria	Root;Ascomycota;Sordariomycetes;Xylariales;Xylariaceae;Stilbohypoxylon	overclassification	5
F1-REF	5	2	rdp	0.4	EU343869	Root;Ascomycota;Saccharomycetes;Saccharomycetales;Pichiaceae;Pichia;Pichia_nakazawae_var_nakazawae	Root;Ascomycota;Saccharomycetes;Saccharomycetales;Pichiaceae;Yamadazyma	overclassification	5
F1-REF	5	2	rdp	0.4	EF026124	Root;Ascomycota;Sordariomycetes;Xylariales;Xylariaceae;Xylaria	Root;Ascomycota;Sordariomycetes;Xylariales;Xylariaceae;Kretzschmaria	overclassification	5
F1-REF	5	2	rdp	0.4	AY621003	Root;Ascomycota;Sordariomycetes;Hypocreales;Cordycipitaceae;Ascopolyporus;Ascopolyporus_villosus	Root;Ascomycota;Sordariomycetes;Xylariales;Diatrypaceae;Libertella	misclassification	3
F1-REF	5	2	rdp	0.4	AF141157	Root;Ascomycota;Leotiomycetes;Helotiales;Dermateaceae;Cryptosporiopsis	Root;Ascomycota;Leotiomycetes;Helotiales;Dermateaceae;Dermea	overclassification	5
F1-REF	5	2	rdp	0.4	AM419063	Root;Ascomycota;Sordariomycetes;Hypocreales;Nectriaceae;Nectria;Nectria_lugdunensis	Root;Ascomycota;Sordariomycetes;Hypocreales;Nectriaceae;Neonectria	overclassification	5
F1-REF	5	2	rdp	0.4	DQ849302	Root;Ascomycota;Lecanoromycetes	Root;Ascomycota;Lecanoromycetes;Teloschistales;Physciaceae;Rinodina	underclassification	3
F1-REF	5	2	rdp	0.4	FJ904669	Root;Ascomycota	Root;Ascomycota;Lecanoromycetes;Ostropales;Stictidaceae;Absconditella	underclassification	2
F1-REF	5	2	rdp	0.4	EU552156	Root;Ascomycota;Sordariomycetes;Diaporthales	Root;Ascomycota;Sordariomycetes;Diaporthales;Melanconidaceae;Sydowiella	underclassification	4
F1-REF	5	2	rdp	0.4	AB246766	Root;Ascomycota;Leotiomycetes;Erysiphales;Erysiphaceae;Erysiphe	Root;Ascomycota;Leotiomycetes;Erysiphales;Erysiphaceae;Golovinomyces	overclassification	5
F1-REF	5	2	rdp	0.4	GQ355959	Root;Basidiomycota;Agaricomycetes;Polyporales	Root;Basidiomycota;Agaricomycetes;Polyporales;Meripilaceae;Meripilus	underclassification	4
F1-REF	5	2	rdp	0.4	GQ355958	Root;Basidiomycota;Agaricomycetes;Polyporales;Fomitopsidaceae;Postia	Root;Basidiomycota;Agaricomycetes;Polyporales;Polyporaceae;Oligoporus	misclassification	4
F1-REF	5	2	rdp	0.4	AF391038	Root;Basidiomycota;Agaricomycetes;Agaricales;Agaricaceae;Cystolepiota	Root;Basidiomycota;Agaricomycetes;Agaricales;Agaricaceae;Melanophyllum	overclassification	5
F1-REF	5	2	rdp	0.4	FJ897712	Root;Ascomycota;Eurotiomycetes;Onygenales;Arthrodermataceae;Arthroderma;Arthroderma_benhamiae	Root;Ascomycota;Eurotiomycetes;Onygenales;Arthrodermataceae;Trichophyton	overclassification	5
F1-REF	5	2	rdp	0.4	EU266501	Root;Basidiomycota	Root;Basidiomycota;Tremellomycetes;Tremellales;Tremellaceae;Dioszegia	underclassification	2
F1-REF	5	2	rdp	0.4	AF059285	Root;Basidiomycota;Agaricomycetes;Agaricales;Agaricaceae;Macrolepiota	Root;Basidiomycota;Agaricomycetes;Agaricales;Agaricaceae;Podaxis	overclassification	5
F1-REF	5	2	rdp	0.4	DQ192175	Root;Basidiomycota;Agaricomycetes;Agaricales	Root;Basidiomycota;Agaricomycetes;Agaricales;Tricholomataceae;Pseudoarmillariella	underclassification	4
F1-REF	5	2	rdp	0.4	EF394865	Root;Ascomycota;Dothideomycetes;Capnodiales;Mycosphaerellaceae;Septoria;Septoria_lycopicola	Root;Ascomycota;Dothideomycetes;Capnodiales;Mycosphaerellaceae;Stenella	overclassification	5
F1-REF	5	2	rdp	0.4	GQ981510	Root;Basidiomycota	Root;Basidiomycota;Agaricomycetes;Hysterangiales;Mesophelliaceae;Mesophellia	underclassification	2
F1-REF	5	2	rdp	0.4	EF685093	Root;Basidiomycota;Agaricomycetes;Russulales;Russulaceae;Lactifluus;Lactifluus_griseus	Root;Basidiomycota;Agaricomycetes;Russulales;Russulaceae;Lactarius	overclassification	5
F1-REF	5	2	rdp	0.4	AF243398	Root;Ascomycota;Dothideomycetes;Botryosphaeriales;Botryosphaeriaceae;Phaeobotryon;Phaeobotryon_mamane	Root;Ascomycota;Dothideomycetes;Botryosphaeriales;Botryosphaeriaceae;Sphaeropsis	overclassification	5
F1-REF	5	2	rdp	0.4	AF115760	Root;Ascomycota;Lecanoromycetes;Lecanorales;Parmeliaceae;Flavocetraria;Flavocetraria_cucullata	Root;Ascomycota;Lecanoromycetes;Lecanorales;Parmeliaceae;Dactylina	overclassification	5
F1-REF	5	2	rdp	0.4	GQ981513	Root;Basidiomycota;Agaricomycetes	Root;Basidiomycota;Agaricomycetes;Phallales;Phallaceae;Mutinus	underclassification	3
F1-REF	5	2	rdp	0.4	EU006541	Root;Ascomycota;Eurotiomycetes;Verrucariales;Verrucariaceae;Verrucaria;Verrucula_granulosaria	Root;Ascomycota;Eurotiomycetes;Verrucariales;Verrucariaceae;Verrucula	overclassification	5
F1-REF	5	2	rdp	0.4	JN710575	Root;Basidiomycota;Agaricomycetes;Polyporales	Root;Basidiomycota;Agaricomycetes;Polyporales;Polyporaceae;Nigroporus	underclassification	4
F1-REF	5	2	rdp	0.4	AF383968	Root;Ascomycota;Dothideomycetes;Pleosporales;Lophiostomataceae;Lophiostoma	Root;Ascomycota;Dothideomycetes;Pleosporales;Lophiostomataceae;Vaginatispora	overclassification	5
F1-REF	5	2	rdp	0.4	HM488760	Root;Basidiomycota;Agaricomycetes;Agaricales;Agaricaceae	Root;Basidiomycota;Agaricomycetes;Agaricales;Agaricaceae;Heinemannomyces	match	5
F1-REF	5	2	rdp	0.4	EU846262	Root;Basidiomycota;Agaricomycetes;Agaricales;Tricholomataceae	Root;Basidiomycota;Agaricomycetes;Agaricales;Tricholomataceae;Dendrocollybia	match	5
F1-REF	5	2	rdp	0.4	AY618666	Root;Basidiomycota;Agaricomycetes;Russulales;Stereaceae;Stereum;Stereum_hirsutum	Root;Basidiomycota;Agaricomycetes;Russulales;Stereaceae;Acanthophysium	overclassification	5
F1-REF	5	2	rdp	0.4	GU324760	Root;Ascomycota;Sordariomycetes;Xylariales;Xylariaceae;Xylaria	Root;Ascomycota;Sordariomycetes;Xylariales;Xylariaceae;Poronia	overclassification	5
F1-REF	5	2	rdp	0.4	GU324761	Root;Ascomycota;Sordariomycetes;Xylariales;Xylariaceae	Root;Ascomycota;Sordariomycetes;Xylariales;Xylariaceae;Podosordaria	match	5
F1-REF	5	2	rdp	0.4	GU222273	Root;Basidiomycota;Agaricomycetes;Agaricales;Cortinariaceae;Cortinarius;Cortinarius_alboroseus	Root;Basidiomycota;Agaricomycetes;Agaricales;Cortinariaceae;Cuphocybe	overclassification	5
F1-REF	5	2	rdp	0.4	GU324765	Root;Ascomycota	Root;Ascomycota;Leotiomycetes;Helotiales;Geoglossaceae;Thuemenidium	underclassification	2
F1-REF	5	2	rdp	0.4	JF440974	Root;Ascomycota;Sordariomycetes;Xylariales;Xylariaceae	Root;Ascomycota;Sordariomycetes;Xylariales;Xylariaceae;Collodiscula	match	5
F1-REF	5	2	rdp	0.4	DQ322097	Root	Root;Ascomycota;Sordariomycetes;Xylariales;Xylariaceae;Hypoxylon	underclassification	1
F1-REF	5	2	rdp	0.4	HM208605	Root;Ascomycota	Root;Ascomycota;Saccharomycetes;Saccharomycetales;Trichomonascaceae;Sugiyamaella	underclassification	2
F1-REF	5	2	rdp	0.4	GU322433	Root;Ascomycota;Sordariomycetes;Sordariales;Lasiosphaeriaceae;Podospora	Root;Ascomycota;Sordariomycetes;Xylariales;Xylariaceae;Discoxylaria	misclassification	3
F1-REF	5	2	rdp	0.4	JQ044421	Root;Ascomycota;Sordariomycetes;Xylariales;Amphisphaeriaceae;Phlogicylindrium	Root;Ascomycota;Sordariomycetes;Hypocreales;Nectriaceae;Pseudoidriella_syzygii	misclassification	3
F1-REF	5	2	rdp	0.4	DQ200929	Root;Basidiomycota;Agaricomycetes;Agaricales	Root;Basidiomycota;Agaricomycetes;Polyporales;Meruliaceae;Chondrostereum	misclassification	3
F1-REF	5	2	rdp	0.4	HM577230	Root;Ascomycota;Lecanoromycetes	Root;Ascomycota;Lecanoromycetes;Lecanorales;Lecanoraceae;Rhizoplaca	underclassification	3
F1-REF	5	2	rdp	0.4	AF483616	Root;Ascomycota;Lecanoromycetes	Root;Ascomycota;Lecanoromycetes;Rhizocarpales;Rhizocarpaceae;Rhizocarpon	underclassification	3
F1-REF	5	2	rdp	0.4	GU062297	Root;Ascomycota;Sordariomycetes;Diaporthales;Gnomoniaceae;Apiognomonia;Discula_quercina	Root;Ascomycota;Sordariomycetes;Diaporthales;Melanconidaceae;Melanconis	misclassification	4
F1-REF	5	2	rdp	0.4	JQ711898	Root;Basidiomycota;Agaricomycetes;Thelephorales	Root;Basidiomycota;Agaricomycetes;Thelephorales;Thelephoraceae;Tomentellopsis	underclassification	4
F1-REF	5	2	rdp	0.4	GQ428317	Root;Ascomycota;Sordariomycetes	Root;Ascomycota;Sordariomycetes;Xylariales;Xylariaceae;Obolarina	underclassification	3
F1-REF	5	2	rdp	0.4	JQ711893	Root;Ascomycota;Sordariomycetes;Chaetosphaeriales;Chaetosphaeriaceae;Chloridium;Chloridium_paucisporum	Root;Ascomycota;Leotiomycetes;Helotiales;Helotiaceae;Rhizoscyphus	misclassification	2
F1-REF	5	2	rdp	0.4	AY174089	Root	Root;Ascomycota;Saccharomycetes;Saccharomycetales;Metschnikowiaceae;Clavispora	underclassification	1
F1-REF	5	2	rdp	0.4	FJ411105	Root;Basidiomycota;Agaricomycetes;Polyporales;Polyporaceae;Perenniporia	Root;Basidiomycota;Agaricomycetes;Polyporales;Polyporaceae;Pyrofomes	overclassification	5
F1-REF	5	2	rdp	0.4	GU184106	Root;Basidiomycota;Agaricomycetes	Root;Basidiomycota;Agaricomycetes;Geastrales;Geastraceae;Schenella	underclassification	3
F1-REF	5	2	rdp	0.4	EU164801	Root	Root;Ascomycota;Sordariomycetes;Hypocreales;Nectriaceae;Fusidium	underclassification	1
F1-REF	5	2	rdp	0.4	FJ479635	Root;Ascomycota;Eurotiomycetes;Verrucariales;Verrucariaceae;Verrucaria;Verrucaria_lecideoides	Root;Ascomycota;Eurotiomycetes;Verrucariales;Verrucariaceae;Placopyrenium	overclassification	5
F1-REF	5	2	rdp	0.4	AY359887	Root;Ascomycota;Dothideomycetes;Pleosporales;Pleosporaceae;Nimbya;Nimbya_caricis	Root;Ascomycota;Dothideomycetes;Pleosporales;Pleosporaceae;Macrospora	overclassification	5
F1-REF	5	2	rdp	0.4	UDB003358	Root;Basidiomycota;Agaricomycetes	Root;Ascomycota;Arthoniomycetes;Arthoniales;Roccellaceae;Plectocarpon	misclassification	1
F1-REF	5	2	rdp	0.4	EU181455	Root;Ascomycota;Eurotiomycetes;Onygenales;Arthrodermataceae;Microsporum;Microsporum_praecox	Root;Ascomycota;Eurotiomycetes;Onygenales;Arthrodermataceae;Epidermophyton	overclassification	5
F1-REF	5	2	rdp	0.4	EU784254	Root;Ascomycota	Root;Ascomycota;Leotiomycetes;Helotiales;Geoglossaceae;Geoglossum	underclassification	2
F1-REF	5	2	rdp	0.4	EU327195	Root;Ascomycota	Root;Ascomycota;Pezizomycetes;Pezizales;Morchellaceae;Imaia	underclassification	2
F1-REF	5	2	rdp	0.4	EU833649	Root;Basidiomycota;Agaricomycetes;Agaricales	Root;Basidiomycota;Agaricomycetes;Agaricales;Agaricaceae;Arachnion	underclassification	4
F1-REF	5	2	rdp	0.4	JF419893	Root;Ascomycota;Dothideomycetes;Pleosporales;Lindgomycetaceae;Lindgomyces_rotundatus;Lindgomyces_rotundatus	Root;Ascomycota;Dothideomycetes;Pleosporales;Lindgomycetaceae;Lindgomyces_apiculatus	overclassification	5
F1-REF	5	2	rdp	0.4	AJ237626	Root;Basidiomycota;Agaricomycetes;Agaricales;Agaricaceae	Root;Basidiomycota;Agaricomycetes;Agaricales;Agaricaceae;Morganella	match	5
F1-REF	5	2	rdp	0.4	AF009815	Root;Ascomycota;Sordariomycetes;Xylariales;Amphisphaeriaceae;Pestalotiopsis;Pestalotiopsis_fici	Root;Ascomycota;Sordariomycetes;Xylariales;Amphisphaeriaceae;Pestalosphaeria	overclassification	5
F1-REF	5	2	rdp	0.4	AF009816	Root;Ascomycota;Sordariomycetes;Xylariales;Amphisphaeriaceae;Discostroma;Discostroma_fuscellum	Root;Ascomycota;Sordariomycetes;Xylariales;Amphisphaeriaceae;Ellurema	overclassification	5
F1-REF	5	2	rdp	0.4	AF009811	Root;Ascomycota;Dothideomycetes;Pleosporales;Didymosphaeriaceae;Roussoella;Roussoella_hysterioides	Root;Ascomycota;Dothideomycetes;Pleosporales;Didymosphaeriaceae;Cytoplea	overclassification	5
F1-REF	5	2	rdp	0.4	EU819412	Root;Ascomycota	Root;Ascomycota;Leotiomycetes;Leotiales;Leotiaceae;Leotia	underclassification	2
F1-REF	5	2	rdp	0.4	AF516601	Root;Basidiomycota;Agaricomycetes;Gloeophyllales;Gloeophyllaceae;Mycobonia;Mycobonia_flava	Root;Basidiomycota;Agaricomycetes;Polyporales;Polyporaceae;Pseudofavolus	misclassification	3
F1-REF	5	2	rdp	0.4	FJ827725	Root	Root;Chytridiomycota;Chytridiomycetes;Chytridiales;Chytridiaceae;Phlyctochytrium	underclassification	1
F1-REF	5	2	rdp	0.4	AF052558	Root;Basidiomycota;Agaricomycetes;Atheliales;Atheliaceae	Root;Basidiomycota;Agaricomycetes;Atheliales;Atheliaceae;Tylospora	match	5
F1-REF	5	2	rdp	0.4	HM536095	Root;Basidiomycota;Agaricomycetes;Polyporales;Polyporaceae;Neolentinus;Neolentinus_adhaerens	Root;Basidiomycota;Agaricomycetes;Polyporales;Polyporaceae;Heliocybe	overclassification	5
F1-REF	5	2	rdp	0.4	JF430078	Root;Basidiomycota;Agaricomycetes;Polyporales;Polyporaceae	Root;Basidiomycota;Agaricomycetes;Polyporales;Meruliaceae;Mycoleptodonoides	misclassification	4
F1-REF	5	2	rdp	0.4	HQ604750	Root;Basidiomycota;Agaricomycetes;Agaricales;Strophariaceae;Hypholoma	Root;Basidiomycota;Agaricomycetes;Agaricales;Strophariaceae;Leratiomyces	overclassification	5
F1-REF	5	2	rdp	0.4	AF491557	Root;Basidiomycota;Agaricomycetes	Root;Ascomycota;Pezizomycetes;Pezizales;Pezizaceae;Peziza	misclassification	1
F1-REF	5	2	rdp	0.4	AB022421	Root;Ascomycota	Root;Ascomycota;Leotiomycetes;Erysiphales;Erysiphaceae;Parauncinula	underclassification	2
F1-REF	5	2	rdp	0.4	FJ906815	Root;Neocallimastigomycota;Neocallimastigomycetes;Neocallimastigales;Neocallimastigaceae;Piromyces;Piromyces_polycephalus	Root;Neocallimastigomycota;Neocallimastigomycetes;Neocallimastigales;Neocallimastigaceae;Neocallimastix	overclassification	5
F1-REF	5	2	rdp	0.4	FJ884179	Root;Ascomycota;Eurotiomycetes;Eurotiales;Trichocomaceae;Penicillium;Penicillium_spinulosum	Root;Ascomycota;Sordariomycetes;Hypocreales;Hypocreaceae;Hypocrea	misclassification	2
F1-REF	5	2	rdp	0.4	GU067734	Root;Basidiomycota;Agaricomycetes;Polyporales;Polyporaceae;Polyporus	Root;Basidiomycota;Agaricomycetes;Polyporales;Polyporaceae;Lenzites	overclassification	5
F1-REF	5	2	rdp	0.4	EU434855	Root;Ascomycota;Leotiomycetes;Helotiales;Vibrisseaceae;Phialocephala;Phialocephala_fortinii	Root;Ascomycota;Leotiomycetes;Helotiales;Vibrisseaceae;Vibrissea	overclassification	5
F1-REF	5	2	rdp	0.4	HQ533010	Root;Basidiomycota;Agaricomycetes;Agaricales;Strophariaceae;Pholiota;Pholiota_populnea	Root;Basidiomycota;Agaricomycetes;Agaricales;Cortinariaceae;Flammulaster	misclassification	4
F1-REF	5	2	rdp	0.4	GQ231749	Root;Ascomycota;Pezizomycetes;Pezizales;Pezizaceae;Tirmania;Tirmania_nivea	Root;Ascomycota;Pezizomycetes;Pezizales;Pezizaceae;Ulurua_nonparaphysata	overclassification	5
F1-REF	5	2	rdp	0.4	DQ836786	Root;Ascomycota	Root;Ascomycota;Dothideomycetes;Pleosporales;Leptosphaeriaceae;Leptosphaeria	underclassification	2
F1-REF	5	2	rdp	0.4	JN207313	Root;Ascomycota;Dothideomycetes;Pleosporales;Pleosporaceae	Root;Ascomycota;Dothideomycetes;Pleosporales;Pleosporaceae;Pleosporaceae_P28E3	match	5
F1-REF	5	2	rdp	0.4	AF433147	Root;Ascomycota;Leotiomycetes;Rhytismatales;Cudoniaceae;Spathularia;Spathularia_flavida	Root;Ascomycota;Leotiomycetes;Rhytismatales;Cudoniaceae;Cudonia	overclassification	5
F1-REF	5	2	rdp	0.4	AY212987	Root;Basidiomycota;Microbotryomycetes;Leucosporidiales;Leucosporidiaceae;Leucosporidiella;Leucosporidiella_fragaria	Root;Basidiomycota;Microbotryomycetes;Leucosporidiales;Leucosporidiaceae;Leucosporidium	overclassification	5
F1-REF	5	2	rdp	0.4	AY456376	Root;Basidiomycota;Agaricomycetes;Agaricales	Root;Basidiomycota;Agaricomycetes;Cantharellales;Clavulinaceae;Clavulina	misclassification	3
F1-REF	5	2	rdp	0.4	DQ521585	Root;Basidiomycota;Pucciniomycetes;Pucciniales;Pucciniaceae;Puccinia	Root;Basidiomycota;Pucciniomycetes;Pucciniales;Pucciniaceae;Uromyces	overclassification	5
F1-REF	5	2	rdp	0.4	EU272483	Root;Ascomycota;Dothideomycetes;Pleosporales;Venturiaceae;Rhizosphaera;Rhizosphaera_kobayashii	Root;Ascomycota;Dothideomycetes;Dothideales;Dothioraceae;Aureobasidium	misclassification	3
F1-REF	5	2	rdp	0.4	EF530926	Root;Basidiomycota;Agaricomycetes;Agaricales	Root;Basidiomycota;Agaricomycetes;Agaricales;Pluteaceae;Pluteus	underclassification	4
F1-REF	5	2	rdp	0.4	GQ303268	Root;Ascomycota;Dothideomycetes;Capnodiales;Capnodiaceae;Polychaeton;Polychaeton_citri	Root;Ascomycota;Dothideomycetes;Capnodiales;Antennulariellaceae;Antennariella	misclassification	4
F1-REF	5	2	rdp	0.4	DQ426537	Root;Ascomycota;Dothideomycetes;Pleosporales;Montagnulaceae;Paraconiothyrium;Paraconiothyrium_sporulosum	Root;Ascomycota;Dothideomycetes;Pleosporales;Montagnulaceae;Paraphaeosphaeria	overclassification	5
F1-REF	5	2	rdp	0.4	EU708338	Root;Basidiomycota;Agaricomycetes;Agaricales;Lyophyllaceae;Blastosporella;Blastosporella_zonata	Root;Basidiomycota;Agaricomycetes;Agaricales;Tricholomataceae;Arthromyces	misclassification	4
F1-REF	5	2	rdp	0.4	EF411226	Root;Ascomycota;Sordariomycetes;Hypocreales;Clavicipitaceae;Cordyceps	Root;Ascomycota;Sordariomycetes;Hypocreales;Cordycipitaceae;Phytocordyceps	misclassification	4
F1-REF	5	2	rdp	0.4	EF411225	Root;Ascomycota;Sordariomycetes;Hypocreales;Clavicipitaceae;Cordyceps;Cordyceps_spegazzinii	Root;Ascomycota;Sordariomycetes;Hypocreales;Cordycipitaceae;Isaria	misclassification	4
F1-REF	5	2	rdp	0.4	DQ517417	Root;Basidiomycota;Agaricomycetes;Agaricales	Root;Basidiomycota;Agaricomycetes;Agaricales;Hygrophoraceae;Hygrophorus	underclassification	4
F1-REF	5	2	rdp	0.4	FJ411082	Root;Basidiomycota;Agaricomycetes;Polyporales;Polyporaceae	Root;Basidiomycota;Agaricomycetes;Polyporales;Polyporaceae;Perenniporiella	match	5
F1-REF	5	2	rdp	0.4	AY313953	Root;Ascomycota	Root;Ascomycota;Dothideomycetes;Pleosporales;Pleomassariaceae;Asteromassaria	underclassification	2
F1-REF	5	2	rdp	0.4	EU118645	Root;Basidiomycota;Agaricomycetes;Polyporales;Phanerochaetaceae;Ceraceomyces;Ceraceomyces_borealis	Root;Basidiomycota;Agaricomycetes;Agaricales;Hygrophoraceae;Lichenomphalia	misclassification	3
F1-REF	5	2	rdp	0.4	DQ873635	Root;Basidiomycota;Agaricomycetes;Thelephorales;Thelephoraceae;Tomentella;Tomentella_radiosa	Root;Basidiomycota;Agaricomycetes;Polyporales;Tubulicrinaceae;Leifia	misclassification	3
F1-REF	5	2	rdp	0.4	GU318390	Root;Basidiomycota;Agaricomycetes;Agaricales;Marasmiaceae	Root;Basidiomycota;Agaricomycetes;Agaricales;Marasmiaceae;Connopus	match	5
F1-REF	5	2	rdp	0.4	AF325599	Root;Basidiomycota;Agaricomycetes;Agaricales;Cortinariaceae;Cortinarius	Root;Basidiomycota;Agaricomycetes;Agaricales;Cortinariaceae;Thaxterogaster	overclassification	5
F1-REF	5	2	rdp	0.4	AF539471	Root;Ascomycota;Sordariomycetes	Root;Ascomycota;Sordariomycetes;Microascales;Halosphaeriaceae;Lignincola	underclassification	3
F1-REF	5	2	rdp	0.4	U21820	Root;Ascomycota;Leotiomycetes;Helotiales	Root;Ascomycota;Leotiomycetes;Helotiales;Rutstroemiaceae;Poculum	underclassification	4
F1-REF	5	2	rdp	0.4	FJ596760	Root;Basidiomycota;Agaricomycetes	Root;Basidiomycota;Agaricomycetes;Agaricales;Mycenaceae;Roridomyces	underclassification	3
F1-REF	5	2	rdp	0.4	FJ596763	Root;Basidiomycota;Agaricomycetes;Agaricales;Marasmiaceae;Marasmius;Marasmius_androsaceus	Root;Basidiomycota;Agaricomycetes;Agaricales;Tricholomataceae;Tricholomataceae_aff_Rhodocollybia_TENN59896	misclassification	4
F1-REF	5	2	rdp	0.4	U85317	Root;Basidiomycota;Agaricomycetes;Agaricales;Agaricaceae;Leucocoprinus;Leucocoprinus_brebissonii	Root;Basidiomycota;Agaricomycetes;Agaricales;Agaricaceae;Leucoagaricus	overclassification	5
F1-REF	5	2	rdp	0.4	AF410819	Root;Ascomycota;Lecanoromycetes;Lecanorales;Parmeliaceae;Usnea	Root;Ascomycota;Lecanoromycetes;Lecanorales;Parmeliaceae;Imshaugia	overclassification	5
F1-REF	5	2	rdp	0.4	AF357043	Root;Basidiomycota;Agaricomycetes;Agaricales;Lyophyllaceae;Lyophyllum;Lyophyllum_sykosporum	Root;Basidiomycota;Agaricomycetes;Agaricales;Lyophyllaceae;Tephrocybe	overclassification	5
F1-REF	5	2	rdp	0.4	EF457901	Root;Basidiomycota;Agaricomycetes;Thelephorales;Bankeraceae;Sarcodon	Root;Basidiomycota;Agaricomycetes;Thelephorales;Bankeraceae;Boletopsis	overclassification	5
F1-REF	5	2	rdp	0.4	AF387653	Root;Ascomycota;Pezizomycetes;Pezizales;Pyronemataceae;Geopora;Geopora_cooperi_f_cooperi	Root;Ascomycota;Pezizomycetes;Pezizales;Pyronemataceae;Phaeangium	overclassification	5
F1-REF	5	2	rdp	0.4	EU673327	Root;Ascomycota;Dothideomycetes;Botryosphaeriales;Botryosphaeriaceae;Botryosphaeria	Root;Ascomycota;Dothideomycetes;Botryosphaeriales;Botryosphaeriaceae;Phaeobotryosphaeria	overclassification	5
F1-REF	5	2	rdp	0.4	JF908597	Root;Basidiomycota;Agaricomycetes;Agaricales	Root;Basidiomycota;Agaricomycetes;Agaricales;Bolbitiaceae;Pholiotina	underclassification	4
F1-REF	5	2	rdp	0.4	AJ878737	Root;Basidiomycota;Agaricomycetes	Root;Basidiomycota;Agaricomycetes;Phallales;Phallaceae;Lysurus	underclassification	3
F1-REF	5	2	rdp	0.4	GQ253451	Root;Basidiomycota;Agaricomycetes;Hymenochaetales;Hymenochaetaceae	Root;Basidiomycota;Agaricomycetes;Hymenochaetales;Hymenochaetaceae;Inocutis	match	5
F1-REF	5	2	rdp	0.4	U89375	Root;Ascomycota;Sordariomycetes;Hypocreales;Clavicipitaceae	Root;Ascomycota;Sordariomycetes;Hypocreales;Clavicipitaceae;Balansia	match	5
F1-REF	5	2	rdp	0.4	AF506379	Root;Basidiomycota;Agaricomycetes;Agaricales;Strophariaceae	Root;Basidiomycota;Agaricomycetes;Russulales;Stereaceae;Boidinia	misclassification	3
F1-REF	5	2	rdp	0.4	U57668	Root;Ascomycota;Sordariomycetes;Hypocreales;Ophiocordycipitaceae	Root;Ascomycota;Sordariomycetes;Hypocreales;Clavicipitaceae;Elaphocordyceps	misclassification	4
F1-REF	5	2	rdp	0.4	AF186015	Root;Ascomycota	Root;Microsporidia;Microsporea;Microsporida;Enterocytozoonidae;Nucleospora	misclassification	1
F1-REF	5	2	rdp	0.4	FJ195752	Root;Basidiomycota;Dacrymycetes;Dacrymycetales;Dacrymycetaceae	Root;Basidiomycota;Dacrymycetes;Dacrymycetales;Dacrymycetaceae;Calocera	match	5
F1-REF	5	2	rdp	0.4	FJ596917	Root;Basidiomycota;Agaricomycetes;Agaricales;Hygrophoraceae;Hygrocybe;Hygrocybe_ingrata	Root;Basidiomycota;Agaricomycetes;Agaricales;Tricholomataceae;Tricholomataceae_aff_Porpoloma_GRSM77081	misclassification	4
F1-REF	5	2	rdp	0.4	EF197088	Root;Ascomycota;Sordariomycetes;Sordariales;Lasiosphaeriaceae;Podospora	Root;Ascomycota;Sordariomycetes;Sordariales;Lasiosphaeriaceae;Zygopleurage	overclassification	5
F1-REF	5	2	rdp	0.4	JQ029765	Root;Basidiomycota;Agaricomycetes	Root;Basidiomycota;Pucciniomycetes;Pucciniales;Coleosporiaceae;Coleosporium	misclassification	2
F1-REF	5	2	rdp	0.4	DQ530224	Root;Ascomycota;Dothideomycetes;Capnodiales;Teratosphaeriaceae	Root;Ascomycota;Dothideomycetes;Capnodiales;Teratosphaeriaceae;Teratosphaeria	match	5
F1-REF	5	2	rdp	0.4	AF394046	Root;Ascomycota;Pezizomycetes;Pezizales;Sarcoscyphaceae	Root;Ascomycota;Pezizomycetes;Pezizales;Sarcoscyphaceae;Microstoma	match	5
F1-REF	5	2	rdp	0.4	U66448	Root;Basidiomycota;Agaricomycetes;Agaricales;Tricholomataceae;Arrhenia;Arrhenia_acerosa	Root;Basidiomycota;Agaricomycetes;Agaricales;Hygrophoraceae;Arrhenia	misclassification	4
F1-REF	5	2	rdp	0.4	FJ478111	Root;Basidiomycota;Dacrymycetes;Dacrymycetales;Dacrymycetaceae;Dacryopinax;Dacryopinax_spathularia	Root;Basidiomycota;Tremellomycetes;Tremellales;Exidiaceae;Guepinia	misclassification	2
F1-REF	5	2	rdp	0.4	AF138813	Root;Ascomycota	Root;Ascomycota;Arthoniomycetes;Arthoniales;Arthoniaceae;Arthonia	underclassification	2
F1-REF	5	2	rdp	0.4	FJ150707	Root;Ascomycota;Eurotiomycetes	Root;Ascomycota;Dothideomycetes;Botryosphaeriales;Botryosphaeriaceae;Saccharata	misclassification	2
F1-REF	5	2	rdp	0.4	DQ137887	Root;Basidiomycota	Root;Ascomycota;Saccharomycetes;Saccharomycetales;Saccharomycetaceae;Zygowilliopsis	misclassification	1
F1-REF	5	2	rdp	0.4	EU266107	Root;Ascomycota;Lecanoromycetes;Peltigerales	Root;Ascomycota;Lecanoromycetes;Peltigerales;Pannariaceae;Pannaria	underclassification	4
F1-REF	5	2	rdp	0.4	GQ913372	Root;Basidiomycota;Agaricomycetes;Agaricales;Marasmiaceae;Xerula;Xerula_furfuracea	Root;Basidiomycota;Agaricomycetes;Agaricales;Physalacriaceae;Hymenopellis_rubrobrunnescens	misclassification	4
F1-REF	5	2	rdp	0.4	AJ537405	Root;Basidiomycota;Agaricomycetes;Polyporales;Ganodermataceae;Ganoderma;Ganoderma_cupreum	Root;Basidiomycota;Agaricomycetes;Polyporales;Polyporaceae;Microporus	misclassification	4
F1-REF	5	2	rdp	0.4	AF444634	Root;Basidiomycota;Microbotryomycetes	Root;Basidiomycota;Agaricostilbomycetes;Agaricostilbales;Agaricostilbaceae;Bensingtonia	misclassification	2
F1-REF	5	2	rdp	0.4	JN943381	Root;Ascomycota;Sordariomycetes;Microascales;Halosphaeriaceae;Sigmoidea;Sigmoidea_marina	Root;Ascomycota;Sordariomycetes;Microascales;Halosphaeriaceae;Corollospora	overclassification	5
F1-REF	5	2	rdp	0.4	DQ394383	Root;Ascomycota;Lecanoromycetes;Lecanorales;Parmeliaceae	Root;Ascomycota;Lecanoromycetes;Lecanorales;Parmeliaceae;Myelochroa	match	5
F1-REF	5	2	rdp	0.4	EF421110	Root;Basidiomycota;Agaricomycetes;Agaricales	Root;Basidiomycota;Agaricomycetes;Agaricales;Entolomataceae;Rhodocybe	underclassification	4
F1-REF	5	2	rdp	0.4	GQ379719	Root;Ascomycota	Root;Ascomycota;Pezizomycetes;Pezizales;Helvellaceae;Leucangium	underclassification	2
F1-REF	5	2	rdp	0.4	AM292048	Root;Ascomycota;Sordariomycetes;Sordariales;Lasiosphaeriaceae	Root;Ascomycota;Sordariomycetes;Sordariales;Chaetomiaceae;Trichocladium	misclassification	4
F1-REF	5	2	rdp	0.4	AY367562	Root;Basidiomycota;Agaricomycetes;Agaricales;Tricholomataceae;Apterostigma_pilosum_cp1_fungal_symbiont_pv412;Apterostigma_pilosum_cp1_fungal_symbiont_pv412	Root;Basidiomycota;Agaricomycetes;Agaricales;Tricholomataceae;Apterostigma_pilosum_cp1_fungal_symbiont_g32	overclassification	5
F1-REF	5	2	rdp	0.4	AY795869	Root;Ascomycota	Root;Ascomycota;Eurotiomycetes;Mycocaliciales;Mycocaliciaceae;Chaenothecopsis	underclassification	2
F1-REF	5	2	rdp	0.4	FJ481021	Root;Basidiomycota;Agaricomycetes;Corticiales;Australovuilleminia_coccinea;Australovuilleminia_coccinea;Australovuilleminia_coccinea	Root;Basidiomycota;Agaricomycetes;Corticiales;Corticiaceae;Vuilleminia	misclassification	4
F1-REF	5	2	rdp	0.4	D84381	Root;Ascomycota	Root;Ascomycota;Leotiomycetes;Erysiphales;Erysiphaceae;Pleochaeta	underclassification	2
F1-REF	5	2	rdp	0.4	EU700364	Root;Ascomycota;Dothideomycetes;Capnodiales;Mycosphaerellaceae;Phaeoramularia;Phaeoramularia_saururi	Root;Ascomycota;Dothideomycetes;Pleosporales;Venturiaceae;Phaeocryptopus	misclassification	3
F1-REF	5	2	rdp	0.4	JN009720	Root;Ascomycota;Lecanoromycetes;Lecanorales;Parmeliaceae	Root;Ascomycota;Lecanoromycetes;Lecanorales;Lecanoraceae;Miriquidica	misclassification	4
F1-REF	5	2	rdp	0.4	AF383956	Root;Ascomycota	Root;Ascomycota;Dothideomycetes;Pleosporales;Lophiostomataceae;Massarina	underclassification	2
F1-REF	5	2	rdp	0.4	FJ919668	Root;Ascomycota;Dothideomycetes;Botryosphaeriales;Botryosphaeriaceae	Root;Ascomycota;Dothideomycetes;Pleosporales;Dothidotthiaceae;Barriopsis	misclassification	3
F1-REF	5	2	rdp	0.4	HQ650635	Root;Ascomycota;Lecanoromycetes;Baeomycetales;Baeomycetaceae;Baeomyces;Baeomyces_rufus	Root;Ascomycota;Lecanoromycetes;Baeomycetales;Baeomycetaceae;Phyllobaeis	overclassification	5
F1-REF	5	2	rdp	0.4	DQ144620	Root;Basidiomycota;Agaricomycetes;Polyporales;Fomitopsidaceae;Anomoporia;Anomoporia_vesiculosa	Root;Basidiomycota;Agaricomycetes;Atheliales;Atheliaceae;Plicaturopsis	misclassification	3
F1-REF	5	2	rdp	0.4	FJ389946	Root;Ascomycota;Eurotiomycetes;Eurotiales;Trichocomaceae;Hamigera;Hamigera_insecticola	Root;Ascomycota;Eurotiomycetes;Eurotiales;Trichocomaceae;Byssochlamys	overclassification	5
F1-REF	5	2	rdp	0.4	HQ650633	Root;Ascomycota;Lecanoromycetes	Root;Ascomycota;Lecanoromycetes;Agyriales;Agyriaceae;Placynthiella	underclassification	3
F1-REF	5	2	rdp	0.4	DQ257357	Root;Ascomycota;Leotiomycetes;Helotiales	Root;Ascomycota;Leotiomycetes;Helotiales;Helotiaceae;Holwaya	underclassification	4
F1-REF	5	2	rdp	0.4	AB304155	Root;Ascomycota;Saccharomycetes;Saccharomycetales	Root;Ascomycota;Saccharomycetes;Saccharomycetales;Saccharomycetaceae;Torulaspora	underclassification	4
F1-REF	5	2	rdp	0.4	AY571027	Root;Basidiomycota;Agaricomycetes;Agaricales;Marasmiaceae;Marasmius;Marasmius_cremeus	Root;Basidiomycota;Agaricomycetes;Agaricales;Marasmiaceae;Amyloflagellula	overclassification	5
F1-REF	5	2	rdp	0.4	EU784438	Root;Basidiomycota;Agaricomycetes;Agaricales;Strophariaceae;Stropharia	Root;Basidiomycota;Agaricomycetes;Agaricales;Strophariaceae;Weraroa	overclassification	5
F1-REF	5	2	rdp	0.4	JF692195	Root;Basidiomycota;Agaricomycetes;Polyporales;Polyporaceae	Root;Basidiomycota;Agaricomycetes;Polyporales;Polyporaceae;Navisporus	match	5
F1-REF	5	2	rdp	0.4	FJ357314	Root;Ascomycota;Dothideomycetes;Pleosporales;Pleosporaceae	Root;Ascomycota;Dothideomycetes;Pleosporales;Pleosporaceae;Embellisia	match	5
F1-REF	5	2	rdp	0.4	AF506402	Root;Basidiomycota;Agaricomycetes;Russulales	Root;Basidiomycota;Agaricomycetes;Russulales;Stereaceae;Aleurocystidiellum	underclassification	4
F1-REF	5	2	rdp	0.4	EF600969	Root;Ascomycota;Sordariomycetes;Xylariales;Amphisphaeriaceae;Discostroma;Discostroma_fuscellum	Root;Ascomycota;Sordariomycetes;Xylariales;Amphisphaeriaceae;Seimatosporium	overclassification	5
F1-REF	5	2	rdp	0.4	AJ292415	Root;Ascomycota;Sordariomycetes;Hypocreales;Clavicipitaceae	Root;Ascomycota;Sordariomycetes;Hypocreales;Ophiocordycipitaceae;Haptocillium	misclassification	4
F1-REF	5	2	rdp	0.4	DQ873592	Root;Basidiomycota;Agaricomycetes;Thelephorales;Thelephoraceae;Tomentella;Tomentella_radiosa	Root;Basidiomycota;Agaricomycetes;Polyporales;Hyphodermataceae;Atheloderma	misclassification	3
F1-REF	5	2	rdp	0.4	GU014817	Root;Basidiomycota;Ustilaginomycetes;Ustilaginales;Ustilaginaceae;Tubisorus_pachycarpus;Tubisorus_pachycarpus	Root;Basidiomycota;Ustilaginomycetes;Ustilaginales;Ustilaginaceae;Macalpinomyces	overclassification	5
F1-REF	5	2	rdp	0.4	AF485072	Root;Ascomycota	Root;Ascomycota;Pezizomycetes;Pezizales;Sarcosomataceae;Galiella	underclassification	2
F1-REF	5	2	rdp	0.4	UDB001534	Root;Basidiomycota;Agaricomycetes;Gomphales;Gomphaceae;Ramariopsis;Ramariopsis_fusiformis	Root;Basidiomycota;Agaricomycetes;Agaricales;Clavariaceae;Clavulinopsis	misclassification	3
F1-REF	5	2	rdp	0.4	EF669990	Root;Ascomycota;Eurotiomycetes;Eurotiales;Trichocomaceae;Aspergillus;Aspergillus_clavatus	Root;Ascomycota;Eurotiomycetes;Eurotiales;Trichocomaceae;Dichotomomyces	overclassification	5
F1-REF	5	2	rdp	0.4	Z37071	Root;Basidiomycota;Agaricomycetes;Polyporales;Ganodermataceae	Root;Basidiomycota;Agaricomycetes;Polyporales;Ganodermataceae;Tomophagus	match	5
F1-REF	5	2	rdp	0.4	UDB001486	Root;Basidiomycota;Agaricomycetes;Agaricales;Tricholomataceae;Leucopaxillus;Leucopaxillus_nauseosodulcis	Root;Basidiomycota;Agaricomycetes;Agaricales;Tricholomataceae;Porpoloma	overclassification	5
F1-REF	5	2	rdp	0.4	FJ231440	Root;Ascomycota;Saccharomycetes;Saccharomycetales;Saccharomycetaceae	Root;Ascomycota;Saccharomycetes;Saccharomycetales;Saccharomycodaceae;Hanseniaspora	misclassification	4
F1-REF	5	2	rdp	0.4	EF585533	Root;Ascomycota;Dothideomycetes;Botryosphaeriales;Botryosphaeriaceae;Endomelanconiopsis	Root;Ascomycota;Dothideomycetes;Botryosphaeriales;Botryosphaeriaceae;Pseudofusicoccum	overclassification	5
F1-REF	5	2	rdp	0.4	JF821182	Root;Ascomycota;Lecanoromycetes	Root;Ascomycota;Lecanoromycetes;Lecanorales;Lecanoraceae;Maronina	underclassification	3
F1-REF	5	2	rdp	0.4	EF051727	Root;Ascomycota;Sordariomycetes;Hypocreales;Clavicipitaceae;Metarhizium;Metarhizium_anisopliae	Root;Ascomycota;Sordariomycetes;Hypocreales;Clavicipitaceae;Metacordyceps	overclassification	5
F1-REF	5	2	rdp	0.4	GQ922520	Root;Ascomycota;Sordariomycetes;Sordariales;Lasiosphaeriaceae;Podospora;Podospora_setosa	Root;Ascomycota;Sordariomycetes;Sordariales;Lasiosphaeriaceae;Apiosordaria	overclassification	5
F1-REF	5	2	rdp	0.4	GQ922522	Root;Ascomycota;Sordariomycetes;Sordariales;Lasiosphaeriaceae;Fimetariella;Fimetariella_rabenhorstii	Root;Ascomycota;Sordariomycetes;Coniochaetales;Coniochaetaceae;Coniochaeta	misclassification	3
F1-REF	5	2	rdp	0.4	AB524791	Root;Ascomycota;Dothideomycetes;Pleosporales;Tetraplosphaeriaceae;Quadricrura	Root;Ascomycota;Dothideomycetes;Pleosporales;Tetraplosphaeriaceae;Polyplosphaeria	overclassification	5
F1-REF	5	2	rdp	0.4	U57407	Root;Ascomycota;Sordariomycetes;Hypocreales;Clavicipitaceae	Root;Ascomycota;Sordariomycetes;Hypocreales;Clavicipitaceae;Myriogenospora	match	5
F1-REF	5	2	rdp	0.4	AY781267	Root;Basidiomycota;Agaricomycetes;Polyporales;Xenasmataceae;Phlebiella;Phlebiella_christiansenii	Root;Basidiomycota;Agaricomycetes;Polyporales;Xenasmataceae;Xenasmatella	overclassification	5
F1-REF	5	2	rdp	0.4	GQ981503	Root;Basidiomycota;Agaricomycetes;Boletales	Root;Basidiomycota;Agaricomycetes;Boletales;Boletaceae;Fistulinella	underclassification	4
F1-REF	5	2	rdp	0.4	FJ435146	Root;Basidiomycota;Agaricomycetes;Cantharellales;Ceratobasidiaceae;Thanatephorus;Rhizoctonia_solani_AG_6	Root;Basidiomycota;Agaricomycetes;Cantharellales;Ceratobasidiaceae;Ceratobasidium	overclassification	5
F1-REF	5	2	rdp	0.4	GQ913395	Root;Basidiomycota;Agaricomycetes;Agaricales;Physalacriaceae	Root;Basidiomycota;Agaricomycetes;Agaricales;Physalacriaceae;Hymenopellis_rugosoceps	match	5
F1-REF	5	2	rdp	0.4	EF512479	Root;Ascomycota;Sordariomycetes;Diaporthales;Gnomoniaceae;Apiognomonia;Discula_quercina	Root;Ascomycota;Sordariomycetes;Diaporthales;Gnomoniaceae;Sirococcus	overclassification	5
F1-REF	5	2	rdp	0.4	GQ465045	Root;Basidiomycota;Exobasidiomycetes;Microstromatales;Microstromataceae;Microstroma;Microstroma_juglandis	Root;Basidiomycota;Exobasidiomycetes;Microstromatales;Microstromataceae;Sympodiomycopsis	overclassification	5
F1-REF	5	2	rdp	0.4	EF441995	Root;Ascomycota	Root;Ascomycota;Pezizomycetes;Pezizales;Rhizinaceae;Phymatotrichopsis	underclassification	2
F1-REF	5	2	rdp	0.4	EF026144	Root;Ascomycota;Sordariomycetes;Xylariales	Root;Ascomycota;Sordariomycetes;Xylariales;Xylariaceae;Daldinia	underclassification	4
F1-REF	5	2	rdp	0.4	AB454319	Root;Ascomycota;Dothideomycetes;Botryosphaeriales;Botryosphaeriaceae;Phyllosticta;Phyllosticta_cryptomeriae	Root;Ascomycota;Sordariomycetes;Hypocreales;Niessliaceae;Melanopsamma	misclassification	2
F1-REF	5	2	rdp	0.4	JN710567	Root;Basidiomycota;Agaricomycetes	Root;Basidiomycota;Agaricomycetes;Polyporales;Meruliaceae;Lamelloporus	underclassification	3
F1-REF	5	2	rdp	0.4	AF364843	Root;Basidiomycota;Agaricomycetes;Russulales;Stereaceae;Stereum;Stereum_aff_gausapatum_254_285	Root;Ascomycota;Pezizomycetes;Pezizales;Discinaceae;Gyromitra	misclassification	1
F1-REF	5	2	rdp	0.4	AF444555	Root;Basidiomycota;Microbotryomycetes;Heterogastridiales;Heterogastridiaceae;Heterogastridium;Heterogastridium_pycnidioideum	Root;Basidiomycota;Microbotryomycetes;Heterogastridiales;Heterogastridiaceae;Hyalopycnis	overclassification	5
F1-REF	5	2	rdp	0.4	HQ637300	Root;Ascomycota;Sordariomycetes;Xylariales;Amphisphaeriaceae	Root;Ascomycota;Sordariomycetes;Xylariales;Amphisphaeriaceae;Adisciso_tricellulare	match	5
F1-REF	5	2	rdp	0.4	AF038354	Root;Ascomycota;Eurotiomycetes;Onygenales;Ajellomycetaceae;Emmonsia;Emmonsia_pasteuriana	Root;Ascomycota;Eurotiomycetes;Onygenales;Ajellomycetaceae;Ajellomyces	overclassification	5
F1-REF	5	2	rdp	0.4	DQ534568	Root;Basidiomycota;Agaricomycetes;Boletales	Root;Basidiomycota;Agaricomycetes;Boletales;Paxillaceae;Gyrodon	underclassification	4
F1-REF	5	2	rdp	0.4	EU420068	Root;Basidiomycota;Agaricomycetes	Root;Basidiomycota;Agaricomycetes;Agaricales;Pleurotaceae;Pleurotus	underclassification	3
F1-REF	5	2	rdp	0.4	JF908018	Root;Ascomycota	Root;Ascomycota;Pezizomycetes;Pezizales;Pyronemataceae;Genea	underclassification	2
F1-REF	5	2	rdp	0.4	AY230867	Root;Basidiomycota;Agaricomycetes;Agaricales;Cortinariaceae	Root;Basidiomycota;Agaricomycetes;Agaricales;Cyphellaceae;Campanophyllum	misclassification	4
F1-REF	5	2	rdp	0.4	GQ241279	Root;Ascomycota;Dothideomycetes;Pleosporales;Pleosporaceae;Curvularia	Root;Ascomycota;Dothideomycetes;Pleosporales;Pleosporaceae;Exserohilum	overclassification	5
F1-REF	5	2	rdp	0.4	AF027763	Root;Ascomycota;Dothideomycetes;Dothideales;Dothioraceae;Kabatina;Kabatina_juniperi	Root;Ascomycota;Dothideomycetes;Dothideales;Dothideaceae;Dothidea	misclassification	4
F1-REF	5	2	rdp	0.4	EU118608	Root;Basidiomycota;Agaricomycetes;Russulales;Albatrellaceae;Scutiger;Albatrellus_pes-caprae	Root;Basidiomycota;Agaricomycetes;Atheliales;Atheliaceae;Byssocorticium	misclassification	3
F1-REF	5	2	rdp	0.4	AF116177	Root;Ascomycota;Lecanoromycetes;Lecanorales;Parmeliaceae	Root;Ascomycota;Lecanoromycetes;Lecanorales;Parmeliaceae;Nodobryoria	match	5
F1-REF	5	2	rdp	0.4	AB298704	Root;Ascomycota;Sordariomycetes;Ophiostomatales;Ophiostomataceae;Ceratocystiopsis;Ceratocystiopsis_collifera	Root;Ascomycota;Sordariomycetes;Ophiostomatales;Ophiostomataceae;Sporothrix	overclassification	5
F1-REF	5	2	rdp	0.4	AM774155	Root;Ascomycota;Sordariomycetes;Microascales;Microascaceae;Doratomyces;Doratomyces_verrucisporus	Root;Ascomycota;Sordariomycetes;Microascales;Microascaceae;Wardomyces	overclassification	5
F1-REF	5	2	rdp	0.4	GU184114	Root;Ascomycota;Lecanoromycetes;Acarosporales;Acarosporaceae	Root;Ascomycota;Lecanoromycetes;Acarosporales;Acarosporaceae;Acarospora	match	5
F1-REF	5	2	rdp	0.4	EU669331	Root;Basidiomycota;Agaricomycetes;Agaricales;Strophariaceae;Stropharia;Stropharia_coronilla	Root;Basidiomycota;Agaricomycetes;Agaricales;Tricholomataceae;Catathelasma	misclassification	4
F1-REF	5	2	rdp	0.4	AY194526	Root;Basidiomycota;Agaricomycetes;Agaricales;Bolbitiaceae;Gastrocybe;Gastrocybe_lateritia	Root;Basidiomycota;Agaricomycetes;Agaricales;Bolbitiaceae;Conocybe	overclassification	5
F1-REF	5	2	rdp	0.4	EU047935	Root;Basidiomycota;Agaricomycetes;Agaricales;Marasmiaceae;Marasmius	Root;Basidiomycota;Agaricomycetes;Agaricales;Marasmiaceae;Moniliophthora	overclassification	5
F1-REF	5	2	rdp	0.4	AF444483	Root;Basidiomycota;Tremellomycetes;Filobasidiales;Filobasidiaceae;Cryptococcus	Root;Basidiomycota;Tremellomycetes;Tremellales;Tremellaceae;Trimorphomyces	misclassification	3
F1-REF	5	2	rdp	0.4	EF577058	Root;Basidiomycota;Agaricomycetes;Polyporales;Hapalopilaceae;Spongipellis;Spongipellis_pachyodon	Root;Basidiomycota;Agaricomycetes;Polyporales;Polyporaceae;Cerrena	misclassification	4
F1-REF	5	2	rdp	0.4	FJ462747	Root;Basidiomycota;Agaricomycetes;Polyporales	Root;Basidiomycota;Agaricomycetes;Polyporales;Polyporaceae;Trametes	underclassification	4
F1-REF	5	2	rdp	0.4	GQ411521	Root;Basidiomycota;Agaricomycetes;Russulales;Stereaceae;Amylostereum	Root;Basidiomycota;Agaricomycetes;Polyporales;Hyphodermataceae;Hypochnicium	misclassification	3
F1-REF	5	2	rdp	0.4	FJ426395	Root;Basidiomycota;Agaricomycetes;Auriculariales;Auriculariaceae;Auricularia;Auricularia_polytricha	Root;Basidiomycota;Agaricomycetes;Agaricales;Schizophyllaceae;Schizophyllum	misclassification	3
F1-REF	5	2	rdp	0.4	HQ888730	Root;Ascomycota	Root;Blastocladiomycota;Blastocladiomycetes;Blastocladiales;Blastocladiaceae;Blastocladiella	misclassification	1
F1-REF	5	2	rdp	0.4	DQ149848	Root;Basidiomycota;Agaricomycetes;Agaricales;Hydnangiaceae;Hydnangium;Hydnangium_carneum	Root;Basidiomycota;Agaricomycetes;Agaricales;Hydnangiaceae;Laccaria	overclassification	5
F1-REF	5	2	rdp	0.4	JF417488	Root;Ascomycota;Eurotiomycetes;Eurotiales	Root;Ascomycota;Eurotiomycetes;Eurotiales;Trichocomaceae;Rasamsonia_brevistipitata	underclassification	4
F1-REF	5	2	rdp	0.4	JF770455	Root;Ascomycota;Dothideomycetes;Capnodiales;Mycosphaerellaceae	Root;Ascomycota;Dothideomycetes;Capnodiales;Mycosphaerellaceae;Sphaerulina	match	5
F1-REF	5	2	rdp	0.4	EU551205	Root;Ascomycota;Sordariomycetes;Sordariales;Sordariaceae;Sordaria;Sordaria_alcina	Root;Ascomycota;Sordariomycetes;Sordariales;Sordariaceae;Gelasinospora	overclassification	5
F1-REF	5	2	rdp	0.4	DQ784689	Root;Ascomycota;Dothideomycetes;Capnodiales;Teratosphaeriaceae;Hortaea;Hortaea_acidophila	Root;Ascomycota;Dothideomycetes;Capnodiales;Mycosphaerellaceae;Mycosphaerella	misclassification	4
F1-REF	5	2	rdp	0.4	FJ824769	Root;Ascomycota	Root;Ascomycota;Dothideomycetes;Botryosphaeriales;Botryosphaeriaceae;Melanops	underclassification	2
F1-REF	5	2	rdp	0.4	FJ839620	Root;Ascomycota;Leotiomycetes;Helotiales	Root;Ascomycota;Leotiomycetes;Helotiales;Hyaloscyphaceae;Haplographium	underclassification	4
F1-REF	5	2	rdp	0.4	AY916467	Root;Ascomycota;Dothideomycetes;Pleosporales;Tubeufiaceae;Chlamydotubeufia_khunkornensis;Chlamydotubeufia_khunkornensis	Root;Ascomycota;Orbiliomycetes;Orbiliales;Orbiliaceae;Helicoon_gigantisporum	misclassification	2
F1-REF	5	2	rdp	0.4	EU853479	Root;Ascomycota;Dothideomycetes;Capnodiales;Mycosphaerellaceae;Mycovellosiella;Mycovellosiella_passalorioides	Root;Ascomycota;Dothideomycetes;Capnodiales;Mycosphaerellaceae;Passalora	overclassification	5
F1-REF	5	2	rdp	0.4	EF194147	Root;Ascomycota;Sordariomycetes;Hypocreales;Ophiocordycipitaceae	Root;Ascomycota;Sordariomycetes;Hypocreales;Ophiocordycipitaceae;Hirsutella	match	5
F1-REF	5	2	rdp	0.4	AY212990	Root;Basidiomycota	Root;Basidiomycota;Microbotryomycetes;Microbotryales;Ustilentylomataceae;Ustilentyloma	underclassification	2
F1-REF	5	2	rdp	0.4	GQ354271	Root;Basidiomycota;Agaricomycetes;Polyporales;Polyporaceae;Neolentinus;Neolentinus_adhaerens	Root;Basidiomycota;Agaricomycetes;Gloeophyllales;Gloeophyllaceae;Gloeophyllum	misclassification	3
F1-REF	5	2	rdp	0.4	HQ650607	Root;Ascomycota;Lecanoromycetes;Lecanorales;Parmeliaceae	Root;Ascomycota;Lecanoromycetes;Lecanorales;Ramalinaceae;Tephromela	misclassification	4
F1-REF	5	2	rdp	0.4	FJ940902	Root;Ascomycota;Sordariomycetes;Hypocreales;Nectriaceae;Haematonectria;Fusarium_solani	Root;Ascomycota;Sordariomycetes;Hypocreales;Nectriaceae;Neocosmospora	overclassification	5
F1-REF	5	2	rdp	0.4	EU497950	Root;Ascomycota;Eurotiomycetes;Eurotiales;Trichocomaceae;Penicillium;Penicillium_islandicum	Root;Ascomycota;Eurotiomycetes;Eurotiales;Trichocomaceae;Talaromyces	overclassification	5
F1-REF	5	2	rdp	0.4	AF203472	Root;Ascomycota;Leotiomycetes;Rhytismatales;Rhytismataceae;Tryblidiopsis;Tryblidiopsis_pinastri	Root;Ascomycota;Leotiomycetes;Rhytismatales;Rhytismataceae;Lirula	overclassification	5
F1-REF	5	2	rdp	0.4	EU030360	Root;Ascomycota;Eurotiomycetes;Eurotiales;Trichocomaceae;Penicillium;Penicillium_spinulosum	Root;Ascomycota;Eurotiomycetes;Eurotiales;Trichocomaceae;Eupenicillium	overclassification	5
F1-REF	5	2	rdp	0.4	AY452499	Root;Ascomycota	Root;Ascomycota;Lecanoromycetes;Teloschistales;Caliciaceae;Tholurna	underclassification	2
F1-REF	5	2	rdp	0.4	HM244759	Root;Ascomycota	Root;Ascomycota;Lecanoromycetes;Ostropales;Gyalectaceae;Belonia	underclassification	2
F1-REF	5	2	rdp	0.4	JQ347275	Root;Ascomycota;Sordariomycetes;Hypocreales;Nectriaceae;Calonectria;Calonectria_asiatica	Root;Ascomycota;Sordariomycetes;Hypocreales;Nectriaceae;Cylindrocladium	overclassification	5
F1-REF	5	2	rdp	0.4	AB065429	Root;Ascomycota;Sordariomycetes;Hypocreales;Clavicipitaceae	Root;Ascomycota;Sordariomycetes;Hypocreales;Clavicipitaceae;Heteroepichloe	match	5
F1-REF	5	2	rdp	0.4	AB488487	Root;Ascomycota;Dothideomycetes;Capnodiales;Mycosphaerellaceae	Root;Ascomycota;Dothideomycetes;Capnodiales;Mycosphaerellaceae;Ramichloridium	match	5
F1-REF	5	2	rdp	0.4	AY999116	Root;Ascomycota;Sordariomycetes;Sordariales;Lasiosphaeriaceae;Podospora;Podospora_glutinans	Root;Ascomycota;Sordariomycetes;Sordariales;Lasiosphaeriaceae;Schizothecium	overclassification	5
F1-REF	5	2	rdp	0.4	FJ411095	Root;Basidiomycota;Agaricomycetes;Polyporales;Polyporaceae;Perenniporia;Perenniporia_fraxinea	Root;Basidiomycota;Agaricomycetes;Polyporales;Polyporaceae;Vanderbylia	overclassification	5
F1-REF	5	2	rdp	0.4	EU477860	Root;Basidiomycota;Agaricomycetes;Agaricales	Root;Basidiomycota;Agaricomycetes;Agaricales;Bolbitiaceae;Bolbitius	underclassification	4
F1-REF	5	2	rdp	0.4	HM997129	Root;Ascomycota;Dothideomycetes;Pleosporales;Pleosporaceae;Alternaria;Alternaria_longissima	Root;Ascomycota;Dothideomycetes;Pleosporales;Pleosporaceae;Edenia	overclassification	5
F1-REF	5	2	rdp	0.4	GU222301	Root;Basidiomycota;Agaricomycetes;Boletales;Boletaceae;Leccinum;Leccinum_talamancae	Root;Basidiomycota;Agaricomycetes;Boletales;Boletaceae;Chamonixia	overclassification	5
F1-REF	5	2	rdp	0.4	JN003222	Root;Ascomycota	Root;Ascomycota;Dothideomycetes;Pleosporales;Pleosporaceae;Pleospora	underclassification	2
F1-REF	5	2	rdp	0.4	GU187524	Root;Basidiomycota;Agaricomycetes	Root;Basidiomycota;Agaricomycetes;Boletales;Coniophoraceae;Jaapia	underclassification	3
F1-REF	5	2	rdp	0.4	AJ421007	Root;Basidiomycota;Agaricomycetes;Agaricales	Root;Basidiomycota;Agaricomycetes;Polyporales;Polyporaceae;Fibroporia	misclassification	3
F1-REF	5	2	rdp	0.4	AF228650	Root;Basidiomycota;Agaricomycetes;Boletales;Sclerodermataceae;Scleroderma	Root;Basidiomycota;Agaricomycetes;Boletales;Sclerodermataceae;Pisolithus	overclassification	5
F1-REF	5	2	rdp	0.4	DQ486698	Root;Basidiomycota;Agaricomycetes;Agaricales	Root;Basidiomycota;Agaricomycetes;Agaricales;Cyphellaceae;Cyphella	underclassification	4
F1-REF	5	2	rdp	0.4	AY292453	Root;Basidiomycota	Root;Basidiomycota;Pucciniomycetes;Platygloeales;Platygloeaceae;Helicobasidium	underclassification	2
F1-REF	5	2	rdp	0.4	EU557365	Root;Ascomycota;Sordariomycetes	Root;Ascomycota;Sordariomycetes;Microascales;Halosphaeriaceae;Ceriosporopsis	underclassification	3
F1-REF	5	2	rdp	0.4	HQ650699	Root;Ascomycota	Root;Ascomycota;Lecanoromycetes;Peltigerales;Placynthiaceae;Placynthium	underclassification	2
F1-REF	5	2	rdp	0.4	AF422977	Root;Ascomycota;Sordariomycetes;Hypocreales;Nectriaceae;Septofusidium;Septofusidium_herbarum	Root;Ascomycota;Sordariomycetes;Hypocreales;Bionectriaceae;Hydropisphaera	misclassification	4
F1-REF	5	2	rdp	0.4	AF422979	Root;Ascomycota;Sordariomycetes	Root;Ascomycota;Sordariomycetes;Microascales;Halosphaeriaceae;Panorbis	underclassification	3
F1-REF	5	2	rdp	0.4	AF178423	Root;Ascomycota;Sordariomycetes;Hypocreales;Nectriaceae;Nectria	Root;Ascomycota;Sordariomycetes;Hypocreales;Nectriaceae;Geejayessia_atrofusca	overclassification	5
F1-REF	5	2	rdp	0.4	EU118663	Root;Basidiomycota;Agaricomycetes;Polyporales;Meripilaceae;Abortiporus;Abortiporus_biennis	Root;Basidiomycota;Agaricomycetes;Polyporales;Meruliaceae;Podoscypha	misclassification	4
F1-REF	5	2	rdp	0.4	EF532830	Root;Basidiomycota;Tremellomycetes;Filobasidiales;Filobasidiaceae;Cryptococcus	Root;Basidiomycota;Tremellomycetes;Filobasidiales;Filobasidiaceae;Filobasidium	overclassification	5
F1-REF	5	2	rdp	0.4	AF272907	Root;Basidiomycota;Agaricomycetes;Thelephorales;Thelephoraceae;Tomentella	Root;Basidiomycota;Agaricomycetes;Thelephorales;Thelephoraceae;Thelephora	overclassification	5
F1-REF	5	2	rdp	0.4	U66011	Root;Ascomycota;Pezizomycetes;Pezizales;Sarcoscyphaceae;Phillipsia;Phillipsia_chinensis	Root;Ascomycota;Pezizomycetes;Pezizales;Sarcoscyphaceae;Sarcoscypha	overclassification	5
F1-REF	5	2	rdp	0.4	U66016	Root;Ascomycota;Pezizomycetes;Pezizales;Sarcoscyphaceae;Phillipsia;Phillipsia_carnicolor	Root;Ascomycota;Pezizomycetes;Pezizales;Sarcoscyphaceae;Nanoscypha	overclassification	5
F1-REF	5	2	rdp	0.4	AF444408	Root;Basidiomycota;Tremellomycetes;Filobasidiales;Filobasidiaceae;Cryptococcus	Root;Basidiomycota;Tremellomycetes;Cystofilobasidiales;Cystofilobasidiaceae;Udeniomyces	misclassification	3
F1-REF	5	2	rdp	0.4	JF681958	Root;Ascomycota;Sordariomycetes;Diaporthales	Root;Ascomycota;Sordariomycetes;Diaporthales;Sydowiellaceae;Hapalocystis	underclassification	4
F1-REF	5	2	rdp	0.4	EU427035	Root;Basidiomycota;Agaricomycetes;Hymenochaetales;Hymenochaetaceae;Phellinus;Phellinus_kanehirae	Root;Basidiomycota;Agaricomycetes;Polyporales;Fomitopsidaceae;Sporotrichum	misclassification	3
F1-REF	5	2	rdp	0.4	AF068922	Root;Basidiomycota;Agaricomycetes;Polyporales	Root;Basidiomycota;Agaricomycetes;Polyporales;Fomitopsidaceae;Piptoporus	underclassification	4
F1-REF	5	2	rdp	0.4	EF080868	Root;Basidiomycota;Agaricomycetes;Agaricales;Agaricaceae	Root;Basidiomycota;Agaricomycetes;Agaricales;Agaricaceae;Lepiota	match	5
F1-REF	5	2	rdp	0.4	EU834287	Root;Basidiomycota;Agaricomycetes;Agaricales	Root;Basidiomycota;Agaricomycetes;Agaricales;Bolbitiaceae;Panaeolus	underclassification	4
F1-REF	5	2	rdp	0.4	GQ856143	Root;Ascomycota;Dothideomycetes;Pleosporales;Tubeufiaceae	Root;Ascomycota;Dothideomycetes;Pleosporales;Tubeufiaceae;Acanthostigma	match	5
F1-REF	5	2	rdp	0.4	AB036894	Root;Basidiomycota;Agaricomycetes;Agaricales;Tricholomataceae;Melanoleuca;Melanoleuca_subsejuncta	Root;Basidiomycota;Agaricomycetes;Agaricales;Tricholomataceae;Tricholoma	overclassification	5
F1-REF	5	2	rdp	0.4	DQ836182	Root;Ascomycota;Sordariomycetes;Hypocreales;Clavicipitaceae;Metarhizium;Metarhizium_flavoviride	Root;Ascomycota;Eurotiomycetes;Eurotiales;Trichocomaceae;Paecilomyces	misclassification	2
F1-REF	5	2	rdp	0.4	EU825953	Root;Basidiomycota;Agaricomycetes	Root;Basidiomycota;Agaricomycetes;Corticiales;Corticiaceae;Acantholichen	underclassification	3
F1-REF	5	2	rdp	0.4	DQ490640	Root;Basidiomycota;Agaricomycetes;Agaricales	Root;Basidiomycota;Agaricomycetes;Agaricales;Marasmiaceae;Macrocystidia	underclassification	4
F1-REF	5	2	rdp	0.4	AY621777	Root;Basidiomycota;Agaricomycetes;Russulales;Albatrellaceae;Albatrellus;Albatrellus_flettii	Root;Basidiomycota;Agaricomycetes;Russulales;Albatrellaceae;Leucophleps	overclassification	5
F1-REF	5	2	rdp	0.4	JN943949	Root;Basidiomycota;Agaricomycetes;Agaricales;Bolbitiaceae;Naucoria;Naucoria_escharoides	Root;Basidiomycota;Agaricomycetes;Agaricales;Bolbitiaceae;Alnicola	overclassification	5
F1-REF	5	2	rdp	0.4	DQ875346	Root;Basidiomycota;Ustilaginomycetes;Ustilaginales;Cintractiaceae;Ustanciosporium;Ustanciosporium_standleyanum	Root;Basidiomycota;Ustilaginomycetes;Ustilaginales;Anthracoideaceae;Leucocintractia	misclassification	4
F1-REF	5	2	rdp	0.4	DQ875345	Root;Basidiomycota;Ustilaginomycetes;Ustilaginales;Ustilaginaceae;Schizonella;Schizonella_isolepidis	Root;Basidiomycota;Ustilaginomycetes;Ustilaginales;Anthracoideaceae;Heterotolyposporium	misclassification	4
F1-REF	5	2	rdp	0.4	DQ875342	Root;Basidiomycota;Ustilaginomycetes;Ustilaginales;Ustilaginaceae;Schizonella;Schizonella_isolepidis	Root;Basidiomycota;Ustilaginomycetes;Ustilaginales;Cintractiaceae;Cintractia	misclassification	4
F1-REF	5	2	rdp	0.4	FJ416301	Root;Ascomycota;Sordariomycetes;Xylariales;Xylariaceae;Xylaria	Root;Ascomycota;Sordariomycetes;Xylariales;Xylariaceae;Whalleya	overclassification	5
F1-REF	5	2	rdp	0.4	EU553494	Root;Ascomycota	Root;Ascomycota;Eurotiomycetes;Verrucariales;Verrucariaceae;Polyblastia	underclassification	2
F1-REF	5	2	rdp	0.4	AF126877	Root;Basidiomycota;Agaricomycetes;Polyporales;Polyporaceae;Tyromyces;Tyromyces_canadensis	Root;Basidiomycota;Agaricomycetes;Polyporales;Steccherinaceae;Antrodiella	misclassification	4
F1-REF	5	2	rdp	0.4	DQ534474	Root;Ascomycota;Lecanoromycetes	Root;Ascomycota;Lecanoromycetes;Pertusariales;Pertusariaceae;Ochrolechia	underclassification	3
F1-REF	5	2	rdp	0.4	AB300502	Root;Ascomycota	Root;Ascomycota;Saccharomycetes;Saccharomycetales;Dipodascaceae;Dipodascus	underclassification	2
F1-REF	5	2	rdp	0.4	AJ419913	Root;Basidiomycota;Agaricomycetes;Boletales	Root;Basidiomycota;Agaricomycetes;Boletales;Coniophoraceae;Meruliporia	underclassification	4
F1-REF	5	2	rdp	0.4	AJ289626	Root;Basidiomycota;Agaricomycetes;Hymenochaetales	Root;Basidiomycota;Agaricomycetes;Hymenochaetales;Hymenochaetaceae;Phellopilus	underclassification	4
F1-REF	5	2	rdp	0.4	AB254189	Root;Ascomycota;Leotiomycetes;Helotiales;Sclerotiniaceae;Sclerotinia;Sclerotinia_trifoliorum	Root;Ascomycota;Leotiomycetes;Helotiales;Sclerotiniaceae;Mycopappus	overclassification	5
F1-REF	5	2	rdp	0.4	EU266115	Root;Ascomycota;Lecanoromycetes;Lecanorales;Cladoniaceae;Cladonia;Cladonia_pulvinata	Root;Ascomycota;Lecanoromycetes;Lecanorales;Cladoniaceae;Gymnoderma	overclassification	5
F1-REF	5	2	rdp	0.4	EU118665	Root;Basidiomycota;Agaricomycetes;Polyporales;Phanerochaetaceae;Phanerochaete;Phanerochaete_rimosa	Root;Basidiomycota;Agaricomycetes;Polyporales;Meruliaceae;Scopuloides	misclassification	4
F1-REF	5	2	rdp	0.4	FJ887922	Root;Ascomycota;Dothideomycetes	Root;Ascomycota;Dothideomycetes;Jahnulales;Aliquandostipitaceae;Brachiosphaera	underclassification	3
F1-REF	5	2	rdp	0.4	AY838271	Root;Basidiomycota;Agaricomycetes;Atheliales;Atheliaceae;Atheliaceae;Atheliaceae	Root;Basidiomycota;Agaricomycetes;Atheliales;Atheliaceae;Amphinema	overclassification	5
F1-REF	5	2	rdp	0.4	HQ897817	Root;Ascomycota;Sordariomycetes;Hypocreales	Root;Ascomycota;Sordariomycetes;Hypocreales;Nectriaceae;Microcera	underclassification	4
F1-REF	5	2	rdp	0.4	EU573703	Root;Ascomycota;Sordariomycetes;Sordariales;Lasiosphaeriaceae;Podospora	Root;Ascomycota;Sordariomycetes;Sordariales;Lasiosphaeriaceae;Apodospora	overclassification	5
F1-REF	5	2	rdp	0.4	AY558743	Root;Ascomycota;Pezizomycetes;Pezizales;Helvellaceae;Helvella;Helvella_aestivalis	Root;Ascomycota;Pezizomycetes;Pezizales;Helvellaceae;Barssia	overclassification	5
F1-REF	5	2	rdp	0.4	AF309610	Root;Ascomycota;Dothideomycetes;Capnodiales;Mycosphaerellaceae;Cercospora;Cercospora_cryptomeriicola	Root;Ascomycota;Dothideomycetes;Capnodiales;Mycosphaerellaceae;Cercostigmina	overclassification	5
F1-REF	5	2	rdp	0.4	EF212837	Root;Ascomycota;Sordariomycetes;Diaporthales;Valsaceae;Sillia;Sillia_ferruginea	Root;Ascomycota;Sordariomycetes;Diaporthales;Gnomoniaceae;Gnomonia	misclassification	4
F1-REF	5	2	rdp	0.4	EF029226	Root;Basidiomycota;Agaricomycetes;Polyporales	Root;Basidiomycota;Agaricomycetes;Polyporales;Hyphodermataceae;Aegerita	underclassification	4
F1-REF	5	2	rdp	0.4	FJ481040	Root;Basidiomycota;Agaricomycetes;Hymenochaetales;Hymenochaetaceae;Phellinus;Phellinus_noxius	Root;Basidiomycota;Agaricomycetes;Hymenochaetales;Hymenochaetaceae;Pyrrhoderma	overclassification	5
F1-REF	5	2	rdp	0.4	EU863218	Root;Basidiomycota;Agaricomycetes;Agaricales	Root;Basidiomycota;Agaricomycetes;Atheliales;Atheliaceae;Athelia	misclassification	3
F1-REF	5	2	rdp	0.4	EU266078	Root;Ascomycota;Lecanoromycetes;Lecanorales;Ramalinaceae	Root;Ascomycota;Lecanoromycetes;Lecanorales;Ramalinaceae;Bacidia	match	5
F1-REF	5	2	rdp	0.4	FJ481045	Root;Basidiomycota;Agaricomycetes;Agaricales;Marasmiaceae;Anthracophyllum;Anthracophyllum_lateritium	Root;Basidiomycota;Agaricomycetes;Agaricales;Marasmiaceae;Omphalotus	overclassification	5
F1-REF	5	2	rdp	0.4	HQ441573	Root;Basidiomycota;Agaricomycetes;Russulales;Bondarzewiaceae;Heterobasidion;Heterobasidion_araucariae	Root;Basidiomycota;Agaricomycetes;Russulales;Stereaceae;Aleurodiscus	misclassification	4
F1-REF	5	2	rdp	0.4	AJ133433	Root;Ascomycota;Pezizomycetes;Pezizales;Pyronemataceae	Root;Ascomycota;Pezizomycetes;Pezizales;Pyronemataceae;Monascella	match	5
F1-REF	5	2	rdp	0.4	GQ303293	Root;Ascomycota;Dothideomycetes;Dothideales;Dothioraceae;Sydowia;Sydowia_eucalypti	Root;Ascomycota;Dothideomycetes;Capnodiales;Mycosphaerellaceae;Selenophoma	misclassification	3
F1-REF	5	2	rdp	0.4	AF352318	Root;Ascomycota;Lecanoromycetes	Root;Ascomycota;Lecanoromycetes;Teloschistales;Physciaceae;Diplotomma	underclassification	3
F1-REF	5	2	rdp	0.4	AY317137	Root;Basidiomycota;Agaricomycetes;Agaricales;Marasmiaceae;Marasmius	Root;Basidiomycota;Agaricomycetes;Agaricales;Marasmiaceae;Crinipellis	overclassification	5
F1-REF	5	2	rdp	0.4	AB516668	Root;Ascomycota;Leotiomycetes;Helotiales;Sclerotiniaceae;Sclerotinia;Sclerotinia_sclerotiorum	Root;Ascomycota;Leotiomycetes;Helotiales;Sclerotiniaceae;Dumontinia	overclassification	5
F1-REF	5	2	rdp	0.4	DQ073396	Root;Ascomycota	Root;Microsporidia;Microsporea;Microsporida;Nosematidae;Nosema	misclassification	1
F1-REF	5	2	rdp	0.4	JF908711	Root;Ascomycota;Leotiomycetes;Helotiales;Rutstroemiaceae;Lambertella;Lambertella_pruni	Root;Ascomycota;Leotiomycetes;Helotiales;Rutstroemiaceae;Rutstroemia	overclassification	5
F1-REF	5	2	rdp	0.4	EU784185	Root;Ascomycota	Root;Ascomycota;Pezizomycetes;Pezizales;Tuberaceae;Choiromyces	underclassification	2
F1-REF	5	2	rdp	0.4	HM191746	Root;Basidiomycota;Agaricomycetes;Agaricales	Root;Basidiomycota;Agaricomycetes;Agaricales;Marasmiaceae;Clitocybula	underclassification	4
F1-REF	5	2	rdp	0.4	AM292858	Root;Ascomycota;Lecanoromycetes	Root;Ascomycota;Lecanoromycetes;Teloschistales;Teloschistaceae;Josefpoeltia	underclassification	3
F1-REF	5	2	rdp	0.4	JF894109	Root;Basidiomycota;Agaricomycetes;Polyporales	Root;Basidiomycota;Agaricomycetes;Polyporales;Polyporaceae;Megasporoporia	underclassification	4
F1-REF	5	2	rdp	0.4	FJ708934	Root;Ascomycota	Root;Ascomycota;Lecanoromycetes;Peltigerales;Peltigeraceae;Peltigera	underclassification	2
F1-REF	5	2	rdp	0.4	AJ586573	Root;Basidiomycota	Root;Basidiomycota;Ustilaginomycetes;Ustilaginales;Anthracoideaceae;Anthracoidea	underclassification	2
F1-REF	5	2	rdp	0.4	AB294737	Root;Ascomycota;Sordariomycetes;Ophiostomatales;Ophiostomataceae;Ceratocystiopsis;Ceratocystiopsis_collifera	Root;Ascomycota;Sordariomycetes;Ophiostomatales;Ophiostomataceae;Ophiostoma	overclassification	5
F1-REF	5	2	rdp	0.4	EF174448	Root;Basidiomycota;Agaricomycetes;Agaricales;Marasmiaceae;Oudemansiella;Oudemansiella_canarii	Root;Basidiomycota;Agaricomycetes;Polyporales;Phanerochaetaceae;Phlebiopsis	misclassification	3
F1-REF	5	2	rdp	0.4	AB105353	Root;Basidiomycota;Tremellomycetes;Tremellales	Root;Basidiomycota;Tremellomycetes;Tremellales;Trichosporonaceae;Asterotremella	underclassification	4
F1-REF	5	2	rdp	0.4	EU697272	Root;Basidiomycota;Agaricomycetes;Boletales;Boletaceae;Boletus	Root;Basidiomycota;Agaricomycetes;Boletales;Suillaceae;Truncocolumella	misclassification	4
F1-REF	5	2	rdp	0.4	DQ917653	Root;Basidiomycota;Agaricomycetes;Agaricales;Lyophyllaceae	Root;Basidiomycota;Agaricomycetes;Agaricales;Lyophyllaceae;Hypsizygus	match	5
F1-REF	5	2	rdp	0.4	EF158023	Root;Ascomycota;Sordariomycetes;Hypocreales;Nectriaceae	Root;Ascomycota;Sordariomycetes;Hypocreales;Nectriaceae;Gibberella	match	5
F1-REF	5	2	rdp	0.4	U56041	Root;Basidiomycota;Agaricomycetes;Agaricales;Cortinariaceae;Cortinarius;Dermocybe_sanguinea	Root;Basidiomycota;Agaricomycetes;Agaricales;Cortinariaceae;Dermocybe_fervida	overclassification	5
F1-REF	5	2	rdp	0.4	EU707822	Root;Ascomycota;Lecanoromycetes;Lecanorales;Parmeliaceae;Cavernularia;Cavernularia_lophyrea	Root;Ascomycota;Lecanoromycetes;Lecanorales;Parmeliaceae;Hypogymnia	overclassification	5
F1-REF	5	2	rdp	0.4	FJ478136	Root;Ascomycota;Sordariomycetes;Hypocreales;Nectriaceae;Haematonectria;Fusarium_solani	Root;Ascomycota;Sordariomycetes;Hypocreales;Nectriaceae;Fusarium	overclassification	5
F1-REF	5	2	rdp	0.4	GQ981490	Root;Basidiomycota;Agaricomycetes;Boletales;Boletaceae	Root;Basidiomycota;Agaricomycetes;Boletales;Boletaceae;Afroboletus	match	5
F1-REF	5	2	rdp	0.4	JN712502	Root;Ascomycota;Dothideomycetes;Capnodiales;Teratosphaeriaceae;Teratosphaeriaceae;Teratosphaeriaceae	Root;Ascomycota;Dothideomycetes;Capnodiales;Teratosphaeriaceae;Xenoconiothyrium_catenata	overclassification	5
F1-REF	5	2	rdp	0.4	DQ661031	Root;Basidiomycota;Tremellomycetes;Cystofilobasidiales;Cystofilobasidiaceae;Phaffia;Phaffia_rhodozyma	Root;Basidiomycota;Tremellomycetes;Cystofilobasidiales;Cystofilobasidiaceae;Xanthophyllomyces	overclassification	5
F1-REF	5	2	rdp	0.4	FJ496660	Root;Ascomycota	Root;Basidiomycota;Agaricomycetes;Polyporales;Hapalopilaceae;Porpomyces	misclassification	1
F1-REF	5	2	rdp	0.4	AY755347	Root;Ascomycota;Lecanoromycetes;Lecanorales	Root;Ascomycota;Leotiomycetes;Helotiales;Helotiaceae;Chlorociboria	misclassification	2
F1-REF	5	2	rdp	0.4	JN165019	Root;Basidiomycota;Agaricomycetes;Polyporales	Root;Basidiomycota;Agaricomycetes;Polyporales;Phanerochaetaceae;Lopharia	underclassification	4
F1-REF	5	2	rdp	0.4	DQ887774	Root;Ascomycota;Dothideomycetes;Pleosporales;Venturiaceae;Fusicladium;Fusicladium_eriobotryae	Root;Ascomycota;Dothideomycetes;Pleosporales;Venturiaceae;Venturia	overclassification	5
F1-REF	5	2	rdp	0.4	EF190282	Root;Ascomycota;Sordariomycetes;Hypocreales	Root;Ascomycota;Sordariomycetes;Hypocreales;Clavicipitaceae;Moelleriella	underclassification	4
F1-REF	5	2	rdp	0.4	AB481285	Root;Ascomycota;Leotiomycetes;Helotiales;Hyaloscyphaceae	Root;Ascomycota;Leotiomycetes;Helotiales;Hyaloscyphaceae;Trichopeziza	match	5