JF715197	p__Ascomycota;c__Saccharomycetes;o__Saccharomycetales;f__Dipodascaceae;g__Galactomyces;s__Galactomyces_geotrichum	3e-49	HQ589260
EU551202	p__Ascomycota;c__Eurotiomycetes;o__Eurotiales;f__Trichocomaceae;g__Penicillium;s__Penicillium_concentricum	2e-47	EU551202
New.CleanUp.ReferenceOTU34	No blast hit	None	None
New.CleanUp.ReferenceOTU6	No blast hit	None	None
GU934594	p__Ascomycota;c__Eurotiomycetes;o__Eurotiales;f__Trichocomaceae;g__Penicillium;s__Penicillium_concentricum	1e-48	EU551202
New.CleanUp.ReferenceOTU5	No blast hit	None	None
New.CleanUp.ReferenceOTU2	p__unidentified;c__unidentified;o__unidentified;f__unidentified;g__unidentified;s__unculturedfungus	3e-39	JN905480
EF397557	p__unidentified;c__unidentified;o__unidentified;f__unidentified;g__unidentified;s__unculturedfungus	7e-47	JN905480
New.CleanUp.ReferenceOTU185	No blast hit	None	None
New.CleanUp.ReferenceOTU184	p__Ascomycota;c__Saccharomycetes;o__Saccharomycetales;f__Dipodascaceae;g__Galactomyces;s__Galactomyces_geotrichum	1e-36	DQ683112
HQ827787	p__unidentified;c__unidentified;o__unidentified;f__unidentified;g__unidentified;s__unculturedfungus	1e-44	GQ999201
New.CleanUp.ReferenceOTU180	p__Ascomycota;c__Saccharomycetes;o__Saccharomycetales;f__Dipodascaceae;g__Galactomyces;s__Galactomyces_geotrichum	2e-38	DQ680681
New.CleanUp.ReferenceOTU9	No blast hit	None	None
New.CleanUp.ReferenceOTU78	p__Ascomycota;c__Saccharomycetes;o__Saccharomycetales;f__Dipodascaceae;g__Dipodascus;s__Dipodascus_australiensis	2e-34	AF157596
New.CleanUp.ReferenceOTU136	p__Ascomycota;c__Saccharomycetes;o__Saccharomycetales;f__Dipodascaceae;g__Dipodascus;s__Dipodascus_australiensis	1e-35	AF157596
AM410602	p__Ascomycota;c__Sordariomycetes;o__Hypocreales;f__unidentified;g__unidentified;s__unculturedHypocreales	3e-42	FJ554224
New.CleanUp.ReferenceOTU138	p__Ascomycota;c__Saccharomycetes;o__Saccharomycetales;f__Incertae_sedis;g__Candida;s__Candida_catenulata	4e-45	EF199746
New.ReferenceOTU1	p__Ascomycota;c__Saccharomycetes;o__Saccharomycetales;f__Dipodascaceae;g__Galactomyces;s__Galactomyces_geotrichum	7e-44	DQ683114
New.ReferenceOTU2	p__Ascomycota;c__Saccharomycetes;o__Saccharomycetales;f__Dipodascaceae;g__Dipodascus;s__Dipodascus_australiensis	6e-41	AF157596
New.ReferenceOTU3	No blast hit	None	None
New.ReferenceOTU4	p__Ascomycota;c__Saccharomycetes;o__Saccharomycetales;f__Dipodascaceae;g__Dipodascus;s__Dipodascus_australiensis	2e-44	AF157596
New.ReferenceOTU5	p__Ascomycota;c__Saccharomycetes;o__Saccharomycetales;f__Dipodascaceae;g__Galactomyces;s__Galactomyces_geotrichum	2e-41	DQ683112
New.ReferenceOTU6	p__Ascomycota;c__Saccharomycetes;o__Saccharomycetales;f__Saccharomycetaceae;g__Zygosaccharomyces;s__Zygosaccharomyces_pseudorouxii	4e-42	AM279465
New.ReferenceOTU7	p__Ascomycota;c__Saccharomycetes;o__Saccharomycetales;f__Dipodascaceae;g__Galactomyces;s__Galactomyces_geotrichum	2e-37	FJ227897
New.CleanUp.ReferenceOTU72	No blast hit	None	None
GQ458026	p__Ascomycota;c__Eurotiomycetes;o__Eurotiales;f__Trichocomaceae;g__Neosartorya;s__Neosartorya_pseudofischeri	3e-39	AF459729
New.CleanUp.ReferenceOTU71	p__unidentified;c__unidentified;o__unidentified;f__unidentified;g__unidentified;s__unculturedfungus	1e-39	JQ990194
New.CleanUp.ReferenceOTU179	p__Ascomycota;c__Saccharomycetes;o__Saccharomycetales;f__Dipodascaceae;g__Galactomyces;s__Galactomyces_geotrichum	4e-42	HQ589260
New.CleanUp.ReferenceOTU174	p__Ascomycota;c__Saccharomycetes;o__Saccharomycetales;f__Dipodascaceae;g__Galactomyces;s__Galactomyces_geotrichum	4e-39	DQ683114
New.CleanUp.ReferenceOTU175	p__Ascomycota;c__Saccharomycetes;o__Saccharomycetales;f__Dipodascaceae;g__Galactomyces;s__Galactomyces_geotrichum	4e-42	HQ589260
New.CleanUp.ReferenceOTU176	No blast hit	None	None
New.CleanUp.ReferenceOTU170	No blast hit	None	None
GU370744	p__unidentified;c__unidentified;o__unidentified;f__unidentified;g__unidentified;s__unculturedfungus	7e-47	GU370744
New.CleanUp.ReferenceOTU25	p__Ascomycota;c__Saccharomycetes;o__Saccharomycetales;f__Dipodascaceae;g__Galactomyces;s__Galactomyces_geotrichum	1e-35	DQ683112
JF439501	p__unidentified;c__unidentified;o__unidentified;f__unidentified;g__unidentified;s__unculturedfungus	6e-44	GQ999201
New.CleanUp.ReferenceOTU191	p__Ascomycota;c__Saccharomycetes;o__Saccharomycetales;f__Dipodascaceae;g__Galactomyces;s__Galactomyces_geotrichum	3e-43	DQ680681
HM069364	p__unidentified;c__unidentified;o__unidentified;f__unidentified;g__unidentified;s__unculturedfungus	2e-44	JN905480
GU566244	p__Ascomycota;c__Eurotiomycetes;o__Eurotiales;f__Trichocomaceae;g__Penicillium;s__Penicillium_corylophilum	1e-51	GU566244
New.CleanUp.ReferenceOTU105	p__Ascomycota;c__Saccharomycetes;o__Saccharomycetales;f__Dipodascaceae;g__Galactomyces;s__Galactomyces_geotrichum	3e-33	DQ683112
New.CleanUp.ReferenceOTU104	p__unidentified;c__unidentified;o__unidentified;f__unidentified;g__unidentified;s__unculturedfungus	7e-44	GU370744
New.CleanUp.ReferenceOTU107	p__unidentified;c__unidentified;o__unidentified;f__unidentified;g__unidentified;s__unculturedfungus	4e-42	JN905480
New.CleanUp.ReferenceOTU106	p__unidentified;c__unidentified;o__unidentified;f__unidentified;g__unidentified;s__unculturedsoil_fungus	4e-42	HM037662
New.CleanUp.ReferenceOTU94	No blast hit	None	None
New.CleanUp.ReferenceOTU109	p__Ascomycota;c__Saccharomycetes;o__Saccharomycetales;f__Dipodascaceae;g__Galactomyces;s__Galactomyces_geotrichum	4e-42	HQ589260
New.CleanUp.ReferenceOTU95	No blast hit	None	None
New.CleanUp.ReferenceOTU61	No blast hit	None	None
FJ466715	p__Ascomycota;c__Sordariomycetes;o__Hypocreales;f__unidentified;g__unidentified;s__unculturedHypocreales	8e-40	FJ554224
New.CleanUp.ReferenceOTU62	p__Ascomycota;c__Saccharomycetes;o__Saccharomycetales;f__Incertae_sedis;g__Candida;s__Candida_catenulata	9e-40	EF199746
New.CleanUp.ReferenceOTU145	p__Ascomycota;c__Saccharomycetes;o__Saccharomycetales;f__Dipodascaceae;g__Galactomyces;s__Galactomyces_geotrichum	8e-34	DQ680681
JF720033	p__unidentified;c__unidentified;o__unidentified;f__unidentified;g__unidentified;s__unculturedfungus	1e-51	JF720033
JN905480	p__unidentified;c__unidentified;o__unidentified;f__unidentified;g__unidentified;s__unculturedfungus	1e-51	JN905480
GQ229082	p__Ascomycota;c__Eurotiomycetes;o__Eurotiales;f__Trichocomaceae;g__Aspergillus;s__Aspergillus_versicolor	1e-51	GQ229082
FM177661	p__unidentified;c__unidentified;o__unidentified;f__unidentified;g__unidentified;s__unculturedcompost_fungus	1e-51	FM177661
New.CleanUp.ReferenceOTU15	p__Ascomycota;c__Saccharomycetes;o__Saccharomycetales;f__Dipodascaceae;g__Galactomyces;s__Galactomyces_geotrichum	1e-39	DQ680681
New.CleanUp.ReferenceOTU16	No blast hit	None	None
AB236002	p__unidentified;c__unidentified;o__unidentified;f__unidentified;g__unidentified;s__unculturedfungus	1e-51	AB236002
HQ589260	p__Ascomycota;c__Saccharomycetes;o__Saccharomycetales;f__Dipodascaceae;g__Galactomyces;s__Galactomyces_geotrichum	7e-47	HQ589260
JN905595	p__Ascomycota;c__Sordariomycetes;o__Hypocreales;f__unidentified;g__unidentified;s__unculturedHypocreales	4e-38	FJ554224
JF907594	p__Ascomycota;c__Saccharomycetes;o__Saccharomycetales;f__Dipodascaceae;g__Galactomyces;s__Galactomyces_geotrichum	1e-45	DQ680681
GQ999201	p__Ascomycota;c__Eurotiomycetes;o__Eurotiales;f__Trichocomaceae;g__Penicillium;s__Penicillium_concentricum	3e-49	EU551202
DQ681335	p__unidentified;c__unidentified;o__unidentified;f__unidentified;g__unidentified;s__unculturedfungus	1e-41	GQ999201
New.CleanUp.ReferenceOTU60	p__Ascomycota;c__Saccharomycetes;o__Saccharomycetales;f__Incertae_sedis;g__Candida;s__Candida_catenulata	2e-40	EF199746
New.CleanUp.ReferenceOTU54	p__Ascomycota;c__Saccharomycetes;o__Saccharomycetales;f__Dipodascaceae;g__Galactomyces;s__Galactomyces_geotrichum	4e-39	DQ683114
GQ376077	p__Ascomycota;c__Saccharomycetes;o__Saccharomycetales;f__Saccharomycetaceae;g__Kluyveromyces;s__Kluyveromyces_lactis	1e-51	GQ376077
New.CleanUp.ReferenceOTU142	p__Ascomycota;c__Saccharomycetes;o__Saccharomycetales;f__Dipodascaceae;g__Galactomyces;s__Galactomyces_geotrichum	2e-34	JF907594
New.CleanUp.ReferenceOTU51	p__Ascomycota;c__Saccharomycetes;o__Saccharomycetales;f__Dipodascaceae;g__Galactomyces;s__Galactomyces_geotrichum	4e-42	HQ589260
New.CleanUp.ReferenceOTU150	No blast hit	None	None
New.CleanUp.ReferenceOTU90	p__unidentified;c__unidentified;o__unidentified;f__unidentified;g__unidentified;s__unculturedfungus	2e-37	GU370744
EF199746	p__Ascomycota;c__Saccharomycetes;o__Saccharomycetales;f__Incertae_sedis;g__Candida;s__Candida_catenulata	7e-50	EF199746
New.CleanUp.ReferenceOTU110	p__unidentified;c__unidentified;o__unidentified;f__unidentified;g__unidentified;s__unculturedfungus	4e-42	JF720033
New.CleanUp.ReferenceOTU111	No blast hit	None	None
New.CleanUp.ReferenceOTU58	p__Ascomycota;c__Saccharomycetes;o__Saccharomycetales;f__Incertae_sedis;g__Candida;s__Candida_catenulata	6e-41	EF199746
New.CleanUp.ReferenceOTU117	p__Ascomycota;c__Saccharomycetes;o__Saccharomycetales;f__Dipodascaceae;g__Galactomyces;s__Galactomyces_geotrichum	7e-44	DQ683114
New.CleanUp.ReferenceOTU48	p__Ascomycota;c__Saccharomycetes;o__Saccharomycetales;f__Incertae_sedis;g__Candida;s__Candida_catenulata	1e-42	EF199746
EU490021	p__unidentified;c__unidentified;o__unidentified;f__unidentified;g__unidentified;s__unculturedfungus	3e-49	JN905480
FJ196614	p__Ascomycota;c__Sordariomycetes;o__Hypocreales;f__unidentified;g__unidentified;s__unculturedHypocreales	1e-38	FJ554224
DQ683114	p__Ascomycota;c__Saccharomycetes;o__Saccharomycetales;f__Dipodascaceae;g__Galactomyces;s__Galactomyces_geotrichum	3e-46	DQ683114
New.CleanUp.ReferenceOTU43	No blast hit	None	None
New.CleanUp.ReferenceOTU40	p__unidentified;c__unidentified;o__unidentified;f__unidentified;g__unidentified;s__unculturedfungus	4e-48	GU054037
New.CleanUp.ReferenceOTU44	No blast hit	None	None
FR799498	p__Ascomycota;c__Eurotiomycetes;o__Eurotiales;f__Trichocomaceae;g__Penicillium;s__Penicillium_concentricum	7e-47	EU551202
HM037662	p__unidentified;c__unidentified;o__unidentified;f__unidentified;g__unidentified;s__unculturedsoil_fungus	1e-51	HM037662
GU054037	p__unidentified;c__unidentified;o__unidentified;f__unidentified;g__unidentified;s__unculturedfungus	3e-49	GU054037
New.CleanUp.ReferenceOTU123	p__Ascomycota;c__Saccharomycetes;o__Saccharomycetales;f__Incertae_sedis;g__Candida;s__Candida_catenulata	2e-41	EF199746
New.CleanUp.ReferenceOTU124	p__unidentified;c__unidentified;o__unidentified;f__unidentified;g__unidentified;s__unculturedfungus	1e-45	GU370744
FJ777353	p__Ascomycota;c__Sordariomycetes;o__Hypocreales;f__unidentified;g__unidentified;s__unculturedHypocreales	3e-39	FJ554224
JF449887	p__Ascomycota;c__Sordariomycetes;o__Hypocreales;f__unidentified;g__unidentified;s__unculturedHypocreales	1e-41	FJ554224
New.CleanUp.ReferenceOTU162	No blast hit	None	None
FM875842	p__unidentified;c__unidentified;o__unidentified;f__unidentified;g__unidentified;s__unculturedfungus	4e-35	JF720033
New.CleanUp.ReferenceOTU169	p__unidentified;c__unidentified;o__unidentified;f__unidentified;g__unidentified;s__unculturedsoil_fungus	4e-42	HM037662
New.CleanUp.ReferenceOTU83	p__Ascomycota;c__Saccharomycetes;o__Saccharomycetales;f__Dipodascaceae;g__Galactomyces;s__Galactomyces_geotrichum	4e-42	HQ589260
New.CleanUp.ReferenceOTU82	No blast hit	None	None
New.CleanUp.ReferenceOTU81	No blast hit	None	None
HQ115737	p__Ascomycota;c__Saccharomycetes;o__Saccharomycetales;f__Dipodascaceae;g__Dipodascus;s__Dipodascus_australiensis	1e-51	HQ115737
