#OTU ID	taxonomy	confidence	num hits
JF715197	Root;Ascomycota;Saccharomycetes;Saccharomycetales;Pichiaceae;Pichia;Pichia_kudriavzevii	1.00	1
New.CleanUp.ReferenceOTU34	Unassigned	1.00	1
New.CleanUp.ReferenceOTU185	Unassigned	1.00	1
New.CleanUp.ReferenceOTU184	Root;Ascomycota;Sordariomycetes;Hypocreales;Clavicipitaceae;Claviceps;Claviceps_sorghicola	1.00	1
New.CleanUp.ReferenceOTU180	Root;Ascomycota;Saccharomycetes;Saccharomycetales;Dipodascaceae;Galactomyces;Galactomyces_geotrichum	1.00	1
New.CleanUp.ReferenceOTU78	Root;Ascomycota;Saccharomycetes;Saccharomycetales;Dipodascaceae;Galactomyces;Galactomyces_geotrichum	1.00	1
New.CleanUp.ReferenceOTU136	Root;Ascomycota;Saccharomycetes;Saccharomycetales;Dipodascaceae;Galactomyces;Galactomyces_sp_BPY_54	1.00	1
New.CleanUp.ReferenceOTU138	Root;Ascomycota;Saccharomycetes;Saccharomycetales;Incertae_sedis;Candida;Candida_catenulata	1.00	1
New.ReferenceOTU1	Root;Ascomycota;Saccharomycetes;Saccharomycetales;Dipodascaceae;Galactomyces;Galactomyces_geotrichum	1.00	1
New.ReferenceOTU2	Root;Ascomycota;Saccharomycetes;Saccharomycetales;Dipodascaceae;Galactomyces;Galactomyces_geotrichum	1.00	1
New.ReferenceOTU3	Root;Ascomycota;Saccharomycetes;Saccharomycetales;Saccharomycetaceae;Zygosaccharomyces;Zygosaccharomyces_pseudorouxii	1.00	1
New.ReferenceOTU4	Root;Ascomycota;Saccharomycetes;Saccharomycetales;Dipodascaceae;Galactomyces;Galactomyces_sp_BPY_54	1.00	1
New.ReferenceOTU5	Root;Ascomycota;Saccharomycetes;Saccharomycetales;Dipodascaceae;Galactomyces;Galactomyces_geotrichum	1.00	1
New.ReferenceOTU6	Root;Ascomycota;Saccharomycetes;Saccharomycetales;Saccharomycetaceae;Zygosaccharomyces;Zygosaccharomyces_sp_KS3_2007	1.00	1
New.ReferenceOTU7	Root;Ascomycota;Saccharomycetes;Saccharomycetales;Dipodascaceae;Galactomyces;Galactomyces_geotrichum	1.00	1
GU370744	Root;Ascomycota;Saccharomycetes;Saccharomycetales;Pichiaceae;Pichia;Pichia_jadinii	1.00	1
New.CleanUp.ReferenceOTU25	Root;Ascomycota;Saccharomycetes;Saccharomycetales;Dipodascaceae;Galactomyces;Galactomyces_geotrichum	1.00	1
JF439501	Root;Ascomycota;Eurotiomycetes;Eurotiales;Trichocomaceae;Penicillium;Penicillium_janthinellum	1.00	1
New.CleanUp.ReferenceOTU191	Root;Ascomycota;Saccharomycetes;Saccharomycetales;Dipodascaceae;Galactomyces;Galactomyces_geotrichum	1.00	1
New.CleanUp.ReferenceOTU105	Root;Ascomycota;Saccharomycetes;Saccharomycetales;Dipodascaceae;Galactomyces;Galactomyces_geotrichum	1.00	1
New.CleanUp.ReferenceOTU104	Root;Ascomycota;Saccharomycetes;Saccharomycetales;Pichiaceae;Pichia;Pichia_jadinii	1.00	1
New.CleanUp.ReferenceOTU107	Root;Ascomycota;Sordariomycetes;Hypocreales;Nectriaceae;Fusarium;Fusarium_sp_CBS_119875	1.00	1
New.CleanUp.ReferenceOTU106	Root;Ascomycota;Saccharomycetes;Saccharomycetales;Dipodascaceae;Galactomyces;Galactomyces_sp_BPY_54	1.00	1
JF449887	Root;Ascomycota;Sordariomycetes;Hypocreales;Nectriaceae;Fusarium;Fusarium_sp_GrS5	1.00	1
New.CleanUp.ReferenceOTU109	Root;Ascomycota;Saccharomycetes;Saccharomycetales;Pichiaceae;Pichia;Pichia_kudriavzevii	1.00	1
New.CleanUp.ReferenceOTU95	Unassigned	1.00	1
FJ466715	Root;Ascomycota;Sordariomycetes;Hypocreales;Nectriaceae;Fusarium;Fusarium_sp_ela1	1.00	1
JN905480	Root;Ascomycota;Sordariomycetes;Hypocreales;Nectriaceae;Fusarium;Fusarium_sp_GrS5	1.00	1
GQ229082	Root;Ascomycota;Eurotiomycetes;Eurotiales;Trichocomaceae;Aspergillus;Aspergillus_unguis	1.00	1
New.CleanUp.ReferenceOTU15	Root;Ascomycota;Saccharomycetes;Saccharomycetales;Dipodascaceae;Galactomyces;Galactomyces_geotrichum	1.00	1
New.CleanUp.ReferenceOTU16	Unassigned	1.00	1
AB236002	Root;Ascomycota;Saccharomycetes;Saccharomycetales;Pichiaceae;Pichia;Pichia_burtonii	1.00	1
HQ589260	Root;Ascomycota;Saccharomycetes;Saccharomycetales;Pichiaceae;Pichia;Pichia_kudriavzevii	1.00	1
JF907594	Root;Ascomycota;Saccharomycetes;Saccharomycetales;Dipodascaceae;Galactomyces;Galactomyces_geotrichum	1.00	1
DQ681335	Root;Ascomycota;Eurotiomycetes;Eurotiales;Trichocomaceae;Penicillium;Penicillium_sp_MU_2009_1	1.00	1
New.CleanUp.ReferenceOTU142	Root;Ascomycota;Saccharomycetes;Saccharomycetales;Dipodascaceae;Galactomyces;Galactomyces_geotrichum	1.00	1
New.CleanUp.ReferenceOTU90	Root;Ascomycota;Saccharomycetes;Saccharomycetales;Pichiaceae;Pichia;Pichia_jadinii	1.00	1
EF199746	Root;Ascomycota;Saccharomycetes;Saccharomycetales;Incertae_sedis;Candida;Candida_catenulata	1.00	1
New.CleanUp.ReferenceOTU110	Root;Ascomycota;Saccharomycetes;Saccharomycetales;Saccharomycetaceae;Debaryomyces;Debaryomyces_hansenii	1.00	1
New.CleanUp.ReferenceOTU111	Root;Ascomycota;Saccharomycetes;Saccharomycetales;Dipodascaceae;Galactomyces;Galactomyces_geotrichum	1.00	1
New.CleanUp.ReferenceOTU94	Unassigned	1.00	1
New.CleanUp.ReferenceOTU117	Root;Ascomycota;Saccharomycetes;Saccharomycetales;Dipodascaceae;Galactomyces;Galactomyces_geotrichum	1.00	1
EU490021	Root;Ascomycota;Sordariomycetes;Hypocreales;Nectriaceae;Fusarium;Fusarium_sp_GrS5	1.00	1
FJ196614	Root;Ascomycota;Sordariomycetes;Hypocreales;Niessliaceae;Rosasphaeria_moravica;Rosasphaeria_moravica	1.00	1
FR799498	Root;Ascomycota;Eurotiomycetes;Eurotiales;Trichocomaceae;Penicillium;Penicillium_concentricum	1.00	1
HM037662	Root;Ascomycota;Saccharomycetes;Saccharomycetales;Dipodascaceae;Galactomyces;Galactomyces_sp_BPY_54	1.00	1
New.CleanUp.ReferenceOTU44	Unassigned	1.00	1
FM875842	Root;Ascomycota;Saccharomycetes;Saccharomycetales;Saccharomycetaceae;Debaryomyces;Debaryomyces_hansenii	1.00	1
New.CleanUp.ReferenceOTU169	Root;Ascomycota;Saccharomycetes;Saccharomycetales;Dipodascaceae;Galactomyces;Galactomyces_sp_BPY_54	1.00	1
New.CleanUp.ReferenceOTU83	Root;Ascomycota;Saccharomycetes;Saccharomycetales;Pichiaceae;Pichia;Pichia_kudriavzevii	1.00	1
New.CleanUp.ReferenceOTU162	Unassigned	1.00	1
New.CleanUp.ReferenceOTU81	Unassigned	1.00	1
EU551202	Root;Ascomycota;Eurotiomycetes;Eurotiales;Trichocomaceae;Penicillium;Penicillium_concentricum	1.00	1
New.CleanUp.ReferenceOTU6	Root;Ascomycota;Saccharomycetes;Saccharomycetales;Dipodascaceae;Galactomyces;Galactomyces_geotrichum	1.00	1
GU934594	Root;Ascomycota;Eurotiomycetes;Eurotiales;Trichocomaceae;Penicillium;Penicillium_concentricum	1.00	1
New.CleanUp.ReferenceOTU5	Unassigned	1.00	1
New.CleanUp.ReferenceOTU2	Root;Ascomycota;Sordariomycetes;Hypocreales;Nectriaceae;Fusarium;Fusarium_sp_HN26_2A	1.00	1
EF397557	Root;Ascomycota;Sordariomycetes;Hypocreales;Nectriaceae;Fusarium;Fusarium_sp_GrS5	1.00	1
HQ827787	Root;Ascomycota;Eurotiomycetes;Eurotiales;Trichocomaceae;Penicillium;Penicillium_janthinellum	1.00	1
New.CleanUp.ReferenceOTU9	Unassigned	1.00	1
AM410602	Root;Ascomycota;Sordariomycetes;Hypocreales;Nectriaceae;Fusarium;Fusarium_sp_GrS5	1.00	1
New.CleanUp.ReferenceOTU72	Unassigned	1.00	1
GQ458026	Root;Ascomycota;Eurotiomycetes;Eurotiales;Trichocomaceae;Penicillium;Penicillium_janthinellum	1.00	1
New.CleanUp.ReferenceOTU71	Unassigned	1.00	1
New.CleanUp.ReferenceOTU179	Root;Ascomycota;Saccharomycetes;Saccharomycetales;Pichiaceae;Pichia;Pichia_kudriavzevii	1.00	1
New.CleanUp.ReferenceOTU174	Root;Ascomycota;Saccharomycetes;Saccharomycetales;Dipodascaceae;Galactomyces;Galactomyces_geotrichum	1.00	1
New.CleanUp.ReferenceOTU175	Root;Ascomycota;Saccharomycetes;Saccharomycetales;Pichiaceae;Pichia;Pichia_kudriavzevii	1.00	1
New.CleanUp.ReferenceOTU176	Unassigned	1.00	1
New.CleanUp.ReferenceOTU170	Unassigned	1.00	1
DQ683114	Root;Ascomycota;Saccharomycetes;Saccharomycetales;Dipodascaceae;Galactomyces;Galactomyces_geotrichum	1.00	1
GU566244	Root;Ascomycota;Eurotiomycetes;Eurotiales;Trichocomaceae;Penicillium;Penicillium_janthinellum	1.00	1
JF720033	Root;Ascomycota;Saccharomycetes;Saccharomycetales;Saccharomycetaceae;Debaryomyces;Debaryomyces_hansenii	1.00	1
New.CleanUp.ReferenceOTU61	Unassigned	1.00	1
New.CleanUp.ReferenceOTU60	Root;Ascomycota;Saccharomycetes;Saccharomycetales;Incertae_sedis;Candida;Candida_catenulata	1.00	1
New.CleanUp.ReferenceOTU62	Root;Ascomycota;Saccharomycetes;Saccharomycetales;Incertae_sedis;Candida;Candida_catenulata	1.00	1
New.CleanUp.ReferenceOTU145	Root;Ascomycota;Saccharomycetes;Saccharomycetales;Dipodascaceae;Galactomyces;Galactomyces_geotrichum	1.00	1
FM177661	Root;Ascomycota;Saccharomycetes;Saccharomycetales;Pichiaceae;Pichia;Pichia_kudriavzevii	1.00	1
GQ999201	Root;Ascomycota;Eurotiomycetes;Eurotiales;Trichocomaceae;Penicillium;Penicillium_concentricum	1.00	1
New.CleanUp.ReferenceOTU54	Root;Ascomycota;Saccharomycetes;Saccharomycetales;Dipodascaceae;Galactomyces;Galactomyces_geotrichum	1.00	1
GQ376077	Root;Ascomycota;Saccharomycetes;Saccharomycetales;Saccharomycetaceae;Kluyveromyces;Kluyveromyces_lactis	1.00	1
New.CleanUp.ReferenceOTU51	Root;Ascomycota;Saccharomycetes;Saccharomycetales;Pichiaceae;Issatchenkia;Issatchenkia_sp_YS16A	1.00	1
New.CleanUp.ReferenceOTU150	Unassigned	1.00	1
HM069364	Root;Ascomycota;Sordariomycetes;Hypocreales;Nectriaceae;Fusarium;Fusarium_sp_CBS_119875	1.00	1
JN905595	Root;Ascomycota;Sordariomycetes;Hypocreales;Nectriaceae;Fusarium;Fusarium_sp_ela1	1.00	1
New.CleanUp.ReferenceOTU58	Root;Ascomycota;Saccharomycetes;Saccharomycetales;Incertae_sedis;Candida;Candida_catenulata	1.00	1
New.CleanUp.ReferenceOTU48	Root;Ascomycota;Saccharomycetes;Saccharomycetales;Incertae_sedis;Candida;Candida_catenulata	1.00	1
New.CleanUp.ReferenceOTU43	Unassigned	1.00	1
New.CleanUp.ReferenceOTU40	Root;Ascomycota;Sordariomycetes;Microascales;Microascaceae;Scopulariopsis;Scopulariopsis_sp_2468	1.00	1
GU054037	Root;Ascomycota;Sordariomycetes;Microascales;Microascaceae;Scopulariopsis;Scopulariopsis_sp_2468	1.00	1
HQ115737	Unassigned	1.00	1
New.CleanUp.ReferenceOTU123	Root;Ascomycota;Saccharomycetes;Saccharomycetales;Incertae_sedis;Candida;Candida_catenulata	1.00	1
New.CleanUp.ReferenceOTU124	Root;Ascomycota;Saccharomycetes;Saccharomycetales;Pichiaceae;Pichia;Pichia_jadinii	1.00	1
New.CleanUp.ReferenceOTU82	Unassigned	1.00	1
FJ777353	Root;Ascomycota;Sordariomycetes;Hypocreales;Nectriaceae;Fusarium;Fusarium_sp_GrS5	1.00	1
