New.ReferenceOTU3	No blast hit	None	None
New.CleanUp.ReferenceOTU39	Root;Sordariomycetes;Xylariales;Amphisphaeriaceae;Bartalinia;Bartalinia_sp_MM_101	1e-37	GU722596
New.CleanUp.ReferenceOTU36	Root;Sordariomycetes;Hypocreales;Nectriaceae;Fusarium;Fusarium_sp_HN26_2A	7e-39	FJ624262
New.CleanUp.ReferenceOTU37	Root;Eurotiomycetes;Eurotiales;Trichocomaceae;Penicillium;Penicillium_janthinellum	1e-34	GU212865
New.CleanUp.ReferenceOTU389	Root;Sordariomycetes;Hypocreales;Nectriaceae;Fusarium;Fusarium_sp_CBS_119875	5e-40	HQ897787
GU062251	Root;Sordariomycetes;Hypocreales;Niessliaceae;Rosasphaeria_moravica;Rosasphaeria_moravica	7e-39	JF440985
New.CleanUp.ReferenceOTU7	Root;Sordariomycetes;Hypocreales;Nectriaceae;Fusarium;Fusarium_sp_CBS_119875	2e-39	HQ897787
New.CleanUp.ReferenceOTU226	Root;Saccharomycetes;Saccharomycetales;Pichiaceae;Issatchenkia;Issatchenkia_sp_YS16A	3e-35	DQ871598
New.CleanUp.ReferenceOTU227	Root;Sordariomycetes;Microascales;Microascaceae;Scopulariopsis;Scopulariopsis_sp_2468	1e-43	EU821474
New.CleanUp.ReferenceOTU220	Root;Saccharomycetes;Saccharomycetales;Dipodascaceae;Galactomyces;Galactomyces_geotrichum	1e-34	DQ683112
New.CleanUp.ReferenceOTU188	Root;Sordariomycetes;Hypocreales;Nectriaceae;Fusarium;Fusarium_sp_HN26_2A	7e-39	FJ624262
AY729076	Root;Sordariomycetes;Hypocreales;Nectriaceae;Fusarium;Fusarium_sp_472	4e-47	AY729076
New.CleanUp.ReferenceOTU342	No blast hit	None	None
New.CleanUp.ReferenceOTU186	Root;Saccharomycetes;Saccharomycetales;Dipodascaceae;Galactomyces;Galactomyces_geotrichum	2e-33	DQ680681
New.ReferenceOTU8	Root;Saccharomycetes;Saccharomycetales;Pichiaceae;Pichia;Pichia_jadinii	8e-39	FJ865435
New.CleanUp.ReferenceOTU131	Root;Saccharomycetes;Saccharomycetales;Dipodascaceae;Galactomyces;Galactomyces_geotrichum	1e-40	GQ376093
New.CleanUp.ReferenceOTU132	Root;Sordariomycetes;Microascales;Microascaceae;Scopulariopsis;Scopulariopsis_sp_2468	2e-33	EU821474
New.CleanUp.ReferenceOTU134	Root;Saccharomycetes;Saccharomycetales;Dipodascaceae;Galactomyces;Galactomyces_geotrichum	8e-36	DQ683112
GU132456	Root;Sordariomycetes;Hypocreales;Nectriaceae;Fusarium;Fusarium_sp_ela1	1e-40	JN681281
New.ReferenceOTU0	Root;Sordariomycetes;Hypocreales;Nectriaceae;Fusarium;Fusarium_sp_HN26_2A	3e-41	FJ624262
New.ReferenceOTU1	Root;Saccharomycetes;Saccharomycetales;Dipodascaceae;Galactomyces;Galactomyces_geotrichum	4e-44	DQ683112
New.ReferenceOTU2	Root;Saccharomycetes;Saccharomycetales;Dipodascaceae;Galactomyces;Galactomyces_geotrichum	5e-43	DQ683112
New.CleanUp.ReferenceOTU335	Root;Saccharomycetes;Saccharomycetales;Dipodascaceae;Galactomyces;Galactomyces_geotrichum	5e-37	GQ376093
New.ReferenceOTU4	Root;Saccharomycetes;Saccharomycetales;Dipodascaceae;Galactomyces;Galactomyces_geotrichum	2e-42	GQ376093
New.ReferenceOTU5	Root;Saccharomycetes;Saccharomycetales;Pichiaceae;Issatchenkia;Issatchenkia_sp_YS16A	5e-43	DQ871598
New.ReferenceOTU6	Root;Saccharomycetes;Saccharomycetales;Dipodascaceae;Galactomyces;Galactomyces_geotrichum	2e-42	FJ227897
New.ReferenceOTU7	Root;Saccharomycetes;Saccharomycetales;Saccharomycetaceae;Zygosaccharomyces;Zygosaccharomyces_sp_KS3_2007	1e-31	EF620030
FJ582636	Root;Sordariomycetes;Hypocreales;Nectriaceae;Fusarium;Fusarium_sp_GrS5	2e-39	FJ904916
New.CleanUp.ReferenceOTU253	Root;Eurotiomycetes;Eurotiales;Trichocomaceae;Penicillium;Penicillium_concentricum	4e-44	EU551202
GU062214	Root;Sordariomycetes;Hypocreales;Nectriaceae;Fusarium;Fusarium_sp_CBS_119875	1e-43	HQ897787
New.CleanUp.ReferenceOTU50	Root;Eurotiomycetes;Eurotiales;Trichocomaceae;Penicillium;Penicillium_concentricum	3e-44	EU551202
New.CleanUp.ReferenceOTU78	Root;Saccharomycetes;Saccharomycetales;Dipodascaceae;Galactomyces;Galactomyces_sp_BPY_54	2e-39	DQ286062
New.CleanUp.ReferenceOTU170	Root;Eurotiomycetes;Eurotiales;Trichocomaceae;Penicillium;Penicillium_concentricum	4e-47	EU551202
New.CleanUp.ReferenceOTU153	Root;Saccharomycetes;Saccharomycetales;Dipodascaceae;Galactomyces;Galactomyces_geotrichum	1e-37	DQ683112
EU551202	Root;Eurotiomycetes;Eurotiales;Trichocomaceae;Penicillium;Penicillium_concentricum	9e-48	EU551202
New.CleanUp.ReferenceOTU55	Root;Sordariomycetes;Hypocreales;Nectriaceae;Fusarium;Fusarium_sp_CBS_119875	5e-46	HQ897787
New.CleanUp.ReferenceOTU150	Root;Saccharomycetes;Saccharomycetales;Dipodascaceae;Galactomyces;Galactomyces_geotrichum	8e-33	GQ376093
FJ624262	Root;Sordariomycetes;Hypocreales;Nectriaceae;Fusarium;Fusarium_sp_HN26_2A	1e-43	FJ624262
FN548146	Root;Eurotiomycetes;Eurotiales;Trichocomaceae;Penicillium;Penicillium_sp_MU_2009_1	1e-49	FN548146
FJ904916	Root;Sordariomycetes;Hypocreales;Nectriaceae;Fusarium;Fusarium_sp_CBS_119875	6e-49	HQ897787
AF281178	Root;Sordariomycetes;Hypocreales;Nectriaceae;Fusarium;Fusarium_sp_CBS_119875	1e-46	HQ897787
New.CleanUp.ReferenceOTU191	Root;Sordariomycetes;Hypocreales;Nectriaceae;Fusarium;Fusarium_sp_CBS_119875	1e-46	HQ897787
New.CleanUp.ReferenceOTU194	Root;Sordariomycetes;Hypocreales;Nectriaceae;Fusarium;Fusarium_sp_CBS_119875	8e-42	HQ897787
New.CleanUp.ReferenceOTU195	Root;Saccharomycetes;Saccharomycetales;Dipodascaceae;Galactomyces;Galactomyces_geotrichum	8e-39	GQ376093
New.CleanUp.ReferenceOTU350	Root;Sordariomycetes;Microascales;Microascaceae;Scopulariopsis;Scopulariopsis_sp_2468	1e-37	EU821474
New.CleanUp.ReferenceOTU410	Root;Sordariomycetes;Xylariales;Amphisphaeriaceae;Bartalinia;Bartalinia_sp_MM_101	1e-37	GU722596
New.CleanUp.ReferenceOTU318	Root;Saccharomycetes;Saccharomycetales;Pichiaceae;Pichia;Pichia_jadinii	2e-42	EU568909
New.CleanUp.ReferenceOTU415	Root;Sordariomycetes;Hypocreales;Nectriaceae;Fusarium;Fusarium_sp_ela1	9e-32	JN681281
New.CleanUp.ReferenceOTU357	Root;Sordariomycetes;Microascales;Microascaceae;Scopulariopsis;Scopulariopsis_sp_2468	2e-42	EU821474
FJ903339	Root;Sordariomycetes;Hypocreales;Niessliaceae;Rosasphaeria_moravica;Rosasphaeria_moravica	3e-41	JF440985
New.CleanUp.ReferenceOTU106	No blast hit	None	None
New.CleanUp.ReferenceOTU4	Root;Saccharomycetes;Saccharomycetales;Saccharomycetaceae;Debaryomyces;Debaryomyces_hansenii	8e-45	GQ458041
FJ878626	Root;Eurotiomycetes;Eurotiales;Trichocomaceae;Aspergillus;Aspergillus_unguis	6e-52	FJ878626
New.CleanUp.ReferenceOTU63	Root;Sordariomycetes;Microascales;Microascaceae;Scopulariopsis;Scopulariopsis_sp_2468	4e-37	EU821474
New.CleanUp.ReferenceOTU304	Root;Sordariomycetes;Hypocreales;Nectriaceae;Fusarium;Fusarium_sp_HN26_2A	2e-36	FJ624262
AJ309341	Root;Sordariomycetes;Hypocreales;Nectriaceae;Fusarium;Fusarium_sp_HN26_2A	3e-41	FJ624262
New.CleanUp.ReferenceOTU147	Root;Saccharomycetes;Saccharomycetales;Dipodascaceae;Galactomyces;Galactomyces_sp_BPY_54	1e-37	DQ286062
New.CleanUp.ReferenceOTU69	Root;Saccharomycetes;Saccharomycetales;Pichiaceae;Pichia;Pichia_kudriavzevii	2e-39	FJ515204
GU062255	Root;Sordariomycetes;Hypocreales;Nectriaceae;Fusarium;Fusarium_sp_GrS5	7e-42	FJ904916
New.CleanUp.ReferenceOTU221	Root;Saccharomycetes;Saccharomycetales;Dipodascaceae;Galactomyces;Galactomyces_sp_BPY_54	2e-42	DQ286062
New.CleanUp.ReferenceOTU10	Root;Eurotiomycetes;Eurotiales;Trichocomaceae;Penicillium;Penicillium_concentricum	2e-48	EU551202
New.CleanUp.ReferenceOTU11	Root;Sordariomycetes;Hypocreales;Nectriaceae;Fusarium;Fusarium_sp_CBS_119875	1e-46	HQ897787
EU821474	Root;Sordariomycetes;Microascales;Microascaceae;Scopulariopsis;Scopulariopsis_sp_2468	4e-47	EU821474
New.CleanUp.ReferenceOTU408	Root;Sordariomycetes;Hypocreales;Nectriaceae;Fusarium;Fusarium_sp_CBS_119875	8e-39	HQ897787
New.CleanUp.ReferenceOTU240	Root;Saccharomycetes;Saccharomycetales;Dipodascaceae;Galactomyces;Galactomyces_geotrichum	7e-33	FJ227897
New.CleanUp.ReferenceOTU368	Root;Sordariomycetes;Hypocreales;Nectriaceae;Fusarium;Fusarium_sp_CBS_119875	3e-41	HQ897787
New.CleanUp.ReferenceOTU245	Root;Saccharomycetes;Saccharomycetales;Dipodascaceae;Galactomyces;Galactomyces_geotrichum	8e-39	GQ376093
New.CleanUp.ReferenceOTU365	Root;Sordariomycetes;Hypocreales;Nectriaceae;Fusarium;Fusarium_sp_HN26_2A	7e-39	FJ624262
New.CleanUp.ReferenceOTU364	Root;Sordariomycetes;Hypocreales;Nectriaceae;Fusarium;Fusarium_sp_CBS_119875	2e-36	HQ897787
GQ376083	Root;Saccharomycetes;Saccharomycetales;Incertae_sedis;Candida;Candida_catenulata	4e-50	EF197948
DQ286062	Root;Saccharomycetes;Saccharomycetales;Dipodascaceae;Galactomyces;Galactomyces_sp_BPY_54	6e-52	DQ286062
DQ681335	Root;Eurotiomycetes;Eurotiales;Trichocomaceae;Penicillium;Penicillium_sp_MU_2009_1	1e-49	FN548146
New.CleanUp.ReferenceOTU303	Root;Saccharomycetes;Saccharomycetales;Dipodascaceae;Galactomyces;Galactomyces_sp_BPY_54	7e-33	DQ286062
AF081478	Root;Sordariomycetes;Hypocreales;Nectriaceae;Fusarium;Fusarium_sp_ela1	2e-36	JN681281
New.CleanUp.ReferenceOTU211	Root;Saccharomycetes;Saccharomycetales;Dipodascaceae;Galactomyces;Galactomyces_sp_BPY_54	3e-35	DQ286062
JQ764778	Root;Sordariomycetes;Hypocreales;Nectriaceae;Fusarium;Fusarium_sp_ela1	4e-37	JN681281
GQ458041	Root;Saccharomycetes;Saccharomycetales;Saccharomycetaceae;Debaryomyces;Debaryomyces_hansenii	6e-52	GQ458041
New.CleanUp.ReferenceOTU268	Root;Sordariomycetes;Hypocreales;Nectriaceae;Fusarium;Fusarium_sp_CBS_119875	2e-39	HQ897787
New.CleanUp.ReferenceOTU216	Root;Sordariomycetes;Hypocreales;Nectriaceae;Fusarium;Fusarium_sp_HN26_2A	7e-39	FJ624262
New.CleanUp.ReferenceOTU291	Root;Sordariomycetes;Microascales;Microascaceae;Scopulariopsis;Scopulariopsis_sp_2468	6e-33	EU821474
New.CleanUp.ReferenceOTU290	Root;Saccharomycetes;Saccharomycetales;Dipodascaceae;Galactomyces;Galactomyces_sp_BPY_54	2e-42	DQ286062
New.CleanUp.ReferenceOTU292	Root;Sordariomycetes;Microascales;Microascaceae;Scopulariopsis;Scopulariopsis_sp_2468	1e-34	EU821474
New.CleanUp.ReferenceOTU152	Root;Saccharomycetes;Saccharomycetales;Saccharomycetaceae;Debaryomyces;Debaryomyces_hansenii	2e-42	GQ458041
New.CleanUp.ReferenceOTU51	Root;Eurotiomycetes;Eurotiales;Trichocomaceae;Penicillium;Penicillium_sp_MU_2009_1	2e-42	FN548146
New.CleanUp.ReferenceOTU297	Root;Sordariomycetes;Hypocreales;Nectriaceae;Fusarium;Fusarium_sp_CBS_119875	2e-42	HQ897787
New.CleanUp.ReferenceOTU112	Root;Saccharomycetes;Saccharomycetales;Pichiaceae;Pichia;Pichia_kudriavzevii	3e-35	FJ515204
New.CleanUp.ReferenceOTU110	Root;Saccharomycetes;Saccharomycetales;Dipodascaceae;Galactomyces;Galactomyces_geotrichum	3e-35	GQ376093
GQ376079	Root;Saccharomycetes;Saccharomycetales;Saccharomycetaceae;Kluyveromyces;Kluyveromyces_lactis	6e-52	GQ376079
New.CleanUp.ReferenceOTU117	Root;Sordariomycetes;Microascales;Microascaceae;Scopulariopsis;Scopulariopsis_sp_2468	2e-42	EU821474
New.CleanUp.ReferenceOTU158	Root;Sordariomycetes;Hypocreales;Nectriaceae;Fusarium;Fusarium_sp_CBS_119875	2e-39	HQ897787
New.CleanUp.ReferenceOTU3	Root;Saccharomycetes;Saccharomycetales;Dipodascaceae;Galactomyces;Galactomyces_geotrichum	5e-34	DQ683112
AB250409	Root;Sordariomycetes;Hypocreales;Nectriaceae;Fusarium;Fusarium_sp_CBS_119875	1e-46	HQ897787
FJ196614	Root;Sordariomycetes;Hypocreales;Nectriaceae;Fusarium;Fusarium_sp_ela1	3e-38	JN681281
New.ReferenceOTU9	Root;Saccharomycetes;Saccharomycetales;Dipodascaceae;Galactomyces;Galactomyces_geotrichum	2e-36	DQ683112
New.CleanUp.ReferenceOTU43	Root;Saccharomycetes;Saccharomycetales;Dipodascaceae;Galactomyces;Galactomyces_geotrichum	1e-43	DQ680681
New.CleanUp.ReferenceOTU41	Root;Sordariomycetes;Microascales;Microascaceae;Scopulariopsis;Scopulariopsis_sp_2468	6e-46	EU821474
EU833211	Root;Eurotiomycetes;Eurotiales;Trichocomaceae;Penicillium;Penicillium_concentricum	1e-49	EU551202
New.CleanUp.ReferenceOTU44	Root;Sordariomycetes;Microascales;Microascaceae;Scopulariopsis;Scopulariopsis_sp_2468	5e-40	EU821474
FJ210600	Root;Sordariomycetes;Hypocreales;Nectriaceae;Fusarium;Fusarium_sp_CBS_119875	1e-46	HQ897787
New.CleanUp.ReferenceOTU279	Root;Sordariomycetes;Hypocreales;Nectriaceae;Fusarium;Fusarium_sp_CBS_119875	6e-49	HQ897787
New.CleanUp.ReferenceOTU233	Root;Eurotiomycetes;Eurotiales;Trichocomaceae;Penicillium;Penicillium_concentricum	4e-44	EU551202
GQ376093	Root;Saccharomycetes;Saccharomycetales;Dipodascaceae;Galactomyces;Galactomyces_geotrichum	6e-46	DQ680681
JN019381	Root;Sordariomycetes;Hypocreales;Nectriaceae;Fusarium;Fusarium_sp_HN26_2A	1e-43	FJ624262
EU714323	Root;Saccharomycetes;Saccharomycetales;Pichiaceae;Pichia;Pichia_burtonii	6e-52	EU714323
New.CleanUp.ReferenceOTU193	Root;Sordariomycetes;Microascales;Microascaceae;Scopulariopsis;Scopulariopsis_sp_2468	3e-38	EU821474
New.CleanUp.ReferenceOTU207	Root;Sordariomycetes;Microascales;Microascaceae;Scopulariopsis;Scopulariopsis_sp_2468	2e-42	EU821474
New.CleanUp.ReferenceOTU128	Root;Saccharomycetes;Saccharomycetales;Dipodascaceae;Galactomyces;Galactomyces_geotrichum	2e-39	GQ376093
New.CleanUp.ReferenceOTU202	Root;Saccharomycetes;Saccharomycetales;Dipodascaceae;Galactomyces;Galactomyces_geotrichum	8e-39	DQ680681
New.CleanUp.ReferenceOTU201	Root;Saccharomycetes;Saccharomycetales;Dipodascaceae;Galactomyces;Galactomyces_geotrichum	3e-35	GQ376093
AM901674	Root;Eurotiomycetes;Eurotiales;Trichocomaceae;Penicillium;Penicillium_concentricum	6e-49	EU551202
New.CleanUp.ReferenceOTU169	Root;Saccharomycetes;Saccharomycetales;Dipodascaceae;Galactomyces;Galactomyces_geotrichum	2e-39	GQ376093
New.CleanUp.ReferenceOTU263	Root;Eurotiomycetes;Eurotiales;Trichocomaceae;Penicillium;Penicillium_concentricum	3e-44	EU551202
New.CleanUp.ReferenceOTU86	Root;Saccharomycetes;Saccharomycetales;Dipodascaceae;Galactomyces;Galactomyces_sp_BPY_54	4e-44	DQ286062
GU212865	Root;Eurotiomycetes;Eurotiales;Trichocomaceae;Penicillium;Penicillium_concentricum	4e-47	EU551202
