#OTU ID	taxonomy	confidence	num hits
AJ716305	Root;Basidiomycota;Agaricomycetes;Cantharellales;Ceratobasidiaceae;Ceratobasidium;Ceratobasidium_noxium	1.00	1
DQ411529	Root;Basidiomycota;Agaricomycetes;Gomphales;Gomphaceae;Ramaria;Ramaria_rainierensis	1.00	1
AF291284	Root;Basidiomycota;Tremellomycetes;Tremellales;Exidiaceae;Exidiopsis;Exidiopsis_plumbescens	1.00	1
AM882939	Unassigned	1.00	1
GQ254687	Unassigned	1.00	1
FJ372685	Root;Basidiomycota;Agaricomycetes;Polyporales;Polyporaceae;Trametes;Trametes_punicea	1.00	1
DQ182505	Unassigned	1.00	1
EU669202	Root;Basidiomycota;Agaricomycetes;Gomphales;Gomphaceae;Ramaria;Ramaria_cyaneigranosa	1.00	1
HQ108033	Unassigned	1.00	1
AF205647	Root;Basidiomycota;Agaricomycetes;Boletales;Gomphidiaceae;Chroogomphus;Chroogomphus_vinicolor	1.00	1
GQ919274	Root;Ascomycota;Lecanoromycetes;Lecanorales;Parmeliaceae;Remototrachyna_kingii;Remototrachyna_kingii	1.00	1
GU968423	Root;Ascomycota;Sordariomycetes;Hypocreales;Nectriaceae;Nectria;Nectria_rigidiuscula	1.00	1
AF284447	Root;Ascomycota;Lecanoromycetes;Umbilicariales;Umbilicariaceae;Lasallia;Lasallia_pennsylvanica	1.00	1
HQ693875	Root;Basidiomycota;Agaricomycetes;Boletales;Boletaceae;Chamonixia;Chamonixia_pachydermis	1.00	1
HM005141	Root;Basidiomycota;Agaricomycetes;Agaricales;Marasmiaceae;Xerula;Xerula_caussei	1.00	1
DQ001271	Root;Ascomycota;Lecanoromycetes;Lecanorales;Parmeliaceae;Cetraria;Cetraria_kamtczatica	1.00	1
DQ116558	Root;Ascomycota;Leotiomycetes;Helotiales;Dermateaceae;Neofabraea;Neofabraea_alba	1.00	1
FJ467362	Root;Basidiomycota;Agaricomycetes;Polyporales;Ganodermataceae;Ganoderma;Ganoderma_lucidum	1.00	1
FJ169667	Root;Ascomycota;Leotiomycetes;Helotiales;Sclerotiniaceae;Monilinia;Monilinia_fructicola	1.00	1
AF138833	Root;Ascomycota;Lecanoromycetes;Lecanorales;Parmeliaceae;Parmelia;Parmelia_saxatilis	1.00	1
AF138836	Root;Ascomycota;Lecanoromycetes;Lecanorales;Parmeliaceae;Anzia;Anzia_opuntiella	1.00	1
AF033389	Root;Ascomycota;Eurotiomycetes;Eurotiales;Trichocomaceae;Talaromyces;Talaromyces_emersonii	1.00	1
AB080512	Unassigned	1.00	1
AY571054	Root;Basidiomycota;Agaricomycetes;Boletales;Hymenogasteraceae;Hymenogaster;Hymenogaster_bulliardii	1.00	1
FJ645261	Root;Ascomycota;Eurotiomycetes;Verrucariales;Verrucariaceae;Verrucaria;Verrucaria_marmorea	1.00	1
HQ604773	Unassigned	1.00	1
HQ676140	Unassigned	1.00	1
AF237729	Root;Basidiomycota;Agaricomycetes;Hymenochaetales;Hymenochaetaceae;Phellinus;Porodaedalea_pini	1.00	1
JF263466	Root;Basidiomycota;Pucciniomycetes;Pucciniales;Pileolariaceae;Pileolaria;Pileolaria_terebinthi	1.00	1
AF129853	Root;Ascomycota;Eurotiomycetes;Onygenales;Gymnoascaceae;Gymnoascus;Gymnoascus_armeniacus	1.00	1
EU669394	Unassigned	1.00	1
AY603496	Root;Ascomycota;Sordariomycetes;Xylariales;Xylariaceae;Anthostomella;Anthostomella_proteae	1.00	1
DQ001294	Unassigned	1.00	1
DQ846890	Unassigned	1.00	1
AF042422	Root;Basidiomycota;Tremellomycetes;Tremellales;Sirobasidiaceae;Fibulobasidium;Fibulobasidium_inconspicuum	1.00	1
EU589152	Root;Ascomycota;Sordariomycetes;Hypocreales;Nectriaceae;Nectria;Nectria_cinnabarina	1.00	1
HQ533034	Unassigned	1.00	1
AY739108	Root;Ascomycota;Leotiomycetes;Erysiphales;Erysiphaceae;Oidium;Oidium_baccharidis	1.00	1
FJ483845	Unassigned	1.00	1
EU597299	Root;Ascomycota;Sordariomycetes;Hypocreales;Nectriaceae;Neonectria;Neonectria_veuillotiana	1.00	1
FJ786401	Root;Ascomycota;Dothideomycetes;Botryosphaeriales;Botryosphaeriaceae;Botryosphaeria;Botryosphaeria_viticola	1.00	1
AF506466	Root;Basidiomycota;Agaricomycetes;Polyporales;Hyphodermataceae;Atheloderma;Atheloderma_mirabile	1.00	1
EU030177	Root;Basidiomycota;Agaricomycetes;Polyporales;Ganodermataceae;Ganoderma;Ganoderma_lucidum	1.00	1
AF438599	Unassigned	1.00	1
FJ899626	Root;Basidiomycota;Agaricomycetes;Agaricales;Psathyrellaceae;Coprinopsis;Coprinopsis_echinospora	1.00	1
JF419897	Unassigned	1.00	1
AF357037	Root;Basidiomycota;Agaricomycetes;Agaricales;Lyophyllaceae;Lyophyllum;Lyophyllum_sykosporum	1.00	1
FJ177450	Root;Ascomycota;Sordariomycetes;Hypocreales;Ophiocordycipitaceae;Tolypocladium;Tolypocladium_cylindrosporum	1.00	1
AY130309	Unassigned	1.00	1
EU639582	Unassigned	1.00	1
AY943974	Root;Basidiomycota;Agaricomycetes;Agaricales;Agaricaceae;Barcheria;Barcheria_willisiana	1.00	1
DQ144618	Root;Basidiomycota;Agaricomycetes;Polyporales;Steccherinaceae;Steccherinum;Steccherinum_robustius	1.00	1
AY872281	Root;Ascomycota;Dothideomycetes;Pleosporales;Phaeosphaeriaceae;Phaeosphaeria;Phaeosphaeria_fuckelii	1.00	1
FJ380871	Root;Ascomycota;Dothideomycetes;Pleosporales;Pleosporaceae;Alternaria;Alternaria_bokurai	1.00	1
EF026116	Root;Ascomycota;Sordariomycetes;Diaporthales;Cryphonectriaceae;Holocryphia;Holocryphia_eucalypti	1.00	1
GU214627	Root;Ascomycota;Dothideomycetes;Capnodiales;Teratosphaeriaceae;Penidiella;Penidiella_aggregata	1.00	1
GU994546	Root;Ascomycota;Lecanoromycetes;Lecanorales;Parmeliaceae;Karoowia;Karoowia_perspersa	1.00	1
AY569028	Unassigned	1.00	1
GU214624	Root;Ascomycota;Dothideomycetes;Capnodiales;Mycosphaerellaceae;Mycosphaerella;Mycosphaerella_medusae	1.00	1
FJ266490	Root;Ascomycota;Dothideomycetes;Pleosporales;Pleosporaceae;Alternaria;Alternaria_simsimi	1.00	1
EU118620	Root;Basidiomycota;Agaricomycetes;Polyporales;Fomitopsidaceae;Postia;Oligoporus_guttulatus	1.00	1
EU118622	Unassigned	1.00	1
U57493	Root;Ascomycota;Leotiomycetes;Helotiales;Hyaloscyphaceae;Pseudaegerita;Pseudaegerita_viridis	1.00	1
DQ849319	Root;Ascomycota;Lecanoromycetes;Teloschistales;Physciaceae;Amandinea;Rinodina_cacuminum	1.00	1
U57496	Unassigned	1.00	1
EF121861	Root;Ascomycota;Sordariomycetes;Hypocreales;Nectriaceae;Volutella;Volutella_ciliata	1.00	1
JF908767	Root;Ascomycota;Eurotiomycetes;Eurotiales;Trichocomaceae;Aspergillus;Aspergillus_japonicus	1.00	1
DQ323918	Unassigned	1.00	1
GQ303268	Root;Ascomycota;Dothideomycetes;Capnodiales;Capnodiaceae;Polychaeton;Polychaeton_citri	1.00	1
AF079701	Root;Basidiomycota;Agaricomycetes;Agaricales;Agaricaceae;Leucocoprinus;Leucocoprinus_cretaceus	1.00	1
HM992502	Unassigned	1.00	1
AY387657	Root;Ascomycota;Sordariomycetes;Hypocreales;Ophiocordycipitaceae;Chaunopycnis;Chaunopycnis_alba	1.00	1
FJ903327	Unassigned	1.00	1
JF681958	Root;Ascomycota;Sordariomycetes;Diaporthales;Valsaceae;Sillia;Sillia_ferruginea	1.00	1
FJ903322	Root;Basidiomycota;Agaricomycetes;Russulales;Stereaceae;Acanthophysium;Acanthophysium_lividocaeruleum	1.00	1
FJ999711	Root;Ascomycota;Dothideomycetes;Capnodiales;Mycosphaerellaceae;Cladosporium;Cladosporium	1.00	1
HQ693878	Root;Basidiomycota;Agaricomycetes;Boletales;Boletaceae;Chamonixia;Chamonixia_pachydermis	1.00	1
JF908572	Root;Ascomycota;Leotiomycetes;Helotiales;Hyaloscyphaceae;Cistella;Cistella_acuum	1.00	1
U66009	Unassigned	1.00	1
GQ292749	Root;Ascomycota;Sordariomycetes;Sordariales;Chaetomiaceae;Humicola;Humicola_fuscoatra	1.00	1
AF444530	Root;Basidiomycota;Microbotryomycetes;Leucosporidiales;Leucosporidiaceae;Leucosporidium;Leucosporidium_golubevii	1.00	1
EU982643	Root;Ascomycota;Sordariomycetes;Sordariales;Lasiosphaeriaceae;Podospora;Podospora_myriaspora	1.00	1
GQ888697	Root;Ascomycota;Pezizomycetes;Pezizales;Pezizaceae;Peziza;Peziza_badia	1.00	1
EU346953	Unassigned	1.00	1
AF357601	Root;Basidiomycota;Agaricomycetes;Hymenochaetales;Hymenochaetaceae;Phellinus;Phellinus_hartigii	1.00	1
DQ322080	Root;Ascomycota;Sordariomycetes;Xylariales;Xylariaceae;Biscogniauxia;Biscogniauxia_atropunctata	1.00	1
EF535707	Root;Ascomycota;Dothideomycetes;Capnodiales;Mycosphaerellaceae;Mycosphaerella;Mycosphaerella_eumusae	1.00	1
EU273515	Root;Ascomycota;Sordariomycetes;Hypocreales;Nectriaceae;Nectria;Nectria_mariannaeae	1.00	1
GQ141550	Root;Basidiomycota;Agaricomycetes;Agaricales;Agaricaceae;Lepiota;Lepiota_cristata	1.00	1
GQ229461	Unassigned	1.00	1
AJ617491	Root;Basidiomycota;Agaricomycetes;Agaricales;Lycoperdaceae;Lycoperdon;Lycoperdon_ericaeum	1.00	1
UDB011402	Root;Basidiomycota;Agaricomycetes;Agaricales;Marasmiaceae;Xerula;Xerula_caussei	1.00	1
EU484271	Root;Basidiomycota;Agaricomycetes;Polyporales;Polyporaceae;Trametes;Trametes_gibbosa	1.00	1
JN865201	Root;Ascomycota;Orbiliomycetes;Orbiliales;Orbiliaceae;Helicoon_gigantisporum;Helicoon_gigantisporum	1.00	1
AY789363	Unassigned	1.00	1
HM107422	Root;Ascomycota;Dothideomycetes;Botryosphaeriales;Botryosphaeriaceae;Dothiorella;Dothiorella_gregaria	1.00	1
EU263920	Unassigned	1.00	1
DQ872370	Unassigned	1.00	1
AJ302460	Root;Ascomycota;Sordariomycetes;Xylariales;Diatrypaceae;Diatrype;Diatrype_oregonensis	1.00	1
AF486129	Root;Ascomycota;Leotiomycetes;Helotiales;Hyaloscyphaceae;Pseudaegerita;Pseudaegerita_viridis	1.00	1
DQ875354	Unassigned	1.00	1
GQ334386	Root;Ascomycota;Dothideomycetes;Capnodiales;Mycosphaerellaceae;Phaeothecoidea;Phaeothecoidea_proteae	1.00	1
FJ754318	Unassigned	1.00	1
GU053568	Root;Ascomycota;Sordariomycetes;Xylariales;Xylariaceae;Daldinia;Daldinia_decipiens	1.00	1
JF692201	Root;Basidiomycota;Agaricomycetes;Agaricales;Agaricaceae;Melanophyllum;Melanophyllum_haematospermum	1.00	1
FJ914669	Root;Ascomycota;Sordariomycetes;Microascales;Microascaceae;Microascus;Microascus_trigonosporus	1.00	1
HM484865	Root;Ascomycota;Sordariomycetes;Hypocreales;Bionectriaceae;Sesquicillium;Sesquicillium_microsporum	1.00	1
GU300085	Unassigned	1.00	1
EU784261	Root;Basidiomycota;Agaricomycetes;Russulales;Hericiaceae;Hericium;Hericium_coralloides	1.00	1
AF098410	Unassigned	1.00	1
DQ534467	Root;Ascomycota;Lecanoromycetes;Lecanorales;Ramalinaceae;Biatora;Biatora_carneoalbida	1.00	1
EU644702	Root;Basidiomycota;Agaricomycetes;Russulales;Russulaceae;Lactarius;Lactarius_cremor	1.00	1
DQ534466	Root;Ascomycota;Lecanoromycetes;Lecanorales;Parmeliaceae;Usnea;Usnea_baileyi	1.00	1
AF472626	Root;Basidiomycota;Tremellomycetes;Tremellales;Tremellaceae;Auriculibuller;Auriculibuller_fuscus	1.00	1
EF536348	Root;Basidiomycota;Tremellomycetes;Filobasidiales;Filobasidiaceae;Cryptococcus;Cryptococcus_flavescens	1.00	1
HQ650710	Unassigned	1.00	1
AF117353	Root;Ascomycota;Pezizomycetes;Pezizales;Sarcoscyphaceae;Nanoscypha;Nanoscypha_striatispora	1.00	1
FJ827711	Root;Chytridiomycota;Chytridiomycetes;Spizellomycetales;Spizellomycetaceae;Spizellomyces;Spizellomyces_palustris	1.00	1
UDB000647	Unassigned	1.00	1
AB329690	Root;Ascomycota;Leotiomycetes;Erysiphales;Erysiphaceae;Golovinomyces;Golovinomyces_cichoracearum	1.00	1
AB267641	Root;Ascomycota;Leotiomycetes;Helotiales;Rutstroemiaceae;Scleromitrula;Scleromitrula_shiraiana	1.00	1
AF444425	Root;Basidiomycota;Tremellomycetes;Tremellales;Cuniculitremaceae;Fellomyces;Fellomyces_sichuanensis	1.00	1
HM480490	Root;Ascomycota;Dothideomycetes;Capnodiales;Capnodiaceae;Leptoxyphium;Leptoxyphium	1.00	1
AF484694	Unassigned	1.00	1
EU598203	Root;Basidiomycota;Agaricomycetes;Agaricales;Marasmiaceae;Oudemansiella;Oudemansiella_mucida	1.00	1
DQ394383	Unassigned	1.00	1
GU479900	Root;Ascomycota;Sordariomycetes;Hypocreales;Nectriaceae;Flagellospora;Flagellospora_penicillioides	1.00	1
EU266082	Unassigned	1.00	1
EU266083	Root;Ascomycota;Lecanoromycetes;Lecanorales;Parmeliaceae;Karoowia;Karoowia_perspersa	1.00	1
EU266086	Root;Ascomycota;Lecanoromycetes;Teloschistales;Physciaceae;Rinodina;Rinodina_septentrionalis	1.00	1
EU266087	Root;Ascomycota;Lecanoromycetes;Acarosporales;Acarosporaceae;Glypholecia;Glypholecia_scabra	1.00	1
AY150225	Root;Ascomycota;Sordariomycetes;Hypocreales;Clavicipitaceae;Heteroepichloe;Heteroepichloe_sasae	1.00	1
UDB011613	Root;Basidiomycota;Agaricomycetes;Agaricales;Cortinariaceae;Tubaria;Tubaria_conspersa	1.00	1
GU222286	Root;Basidiomycota;Agaricomycetes;Agaricales;Cortinariaceae;Cortinarius;Cortinarius_alienatus	1.00	1
JF908722	Root;Ascomycota;Pezizomycetes;Pezizales;Pyronemataceae;Ramsbottomia;Ramsbottomia_asperior	1.00	1
AF352321	Unassigned	1.00	1
EF363683	Root;Ascomycota;Sordariomycetes;Hypocreales;Clavicipitaceae;Claviceps;Claviceps_paspali	1.00	1
DQ536501	Unassigned	1.00	1
AY347389	Root;Ascomycota;Leotiomycetes;Helotiales;Vibrisseaceae;Acephala;Acephala_applanata	1.00	1
U92306	Root;Ascomycota;Leotiomycetes;Rhytismatales;Rhytismataceae;Tryblidiopsis;Tryblidiopsis_pinastri	1.00	1
DQ202516	Root;Ascomycota;Leotiomycetes;Helotiales;Helotiaceae;Articulospora;Articulospora_atra	1.00	1
DQ494685	Root;Basidiomycota;Agaricomycetes;Agaricales;Cortinariaceae;Cortinarius;Cortinarius_flexipes	1.00	1
AY886544	Root;Ascomycota;Leotiomycetes;Helotiales;Dermateaceae;Cryptosporiopsis;Cryptosporiopsis_actinidiae	1.00	1
HM488751	Root;Basidiomycota;Agaricomycetes;Agaricales;Agaricaceae;Chlorophyllum;Chlorophyllum_hortense	1.00	1
FM206478	Unassigned	1.00	1
AY997074	Unassigned	1.00	1
AF482845	Unassigned	1.00	1
GQ500919	Root;Ascomycota;Lecanoromycetes;Lecanorales;Parmeliaceae;Omphalodium;Omphalodium_pisacomense	1.00	1
GQ225699	Root;Ascomycota;Lecanoromycetes;Lecanorales;Parmeliaceae;Everniopsis;Everniopsis_trulla	1.00	1
EU744915	Root;Basidiomycota;Pucciniomycetes;Pucciniales;Pucciniastraceae;Pucciniastrum;Pucciniastrum_coryli	1.00	1
EU715596	Unassigned	1.00	1
FJ596774	Root;Basidiomycota;Agaricomycetes;Russulales;Russulaceae;Lactarius;Lactarius_uvidus	1.00	1
JF907774	Unassigned	1.00	1
AF079695	Root;Basidiomycota;Agaricomycetes;Agaricales;Agaricaceae;Cyphomyrmex_rimosus_symbiont_G9;Cyphomyrmex_rimosus_symbiont_G9	1.00	1
DQ888741	Root;Ascomycota;Sordariomycetes;Hypocreales;Hypocreaceae;Hypocrea;Hypocrea_koningii	1.00	1
AB361033	Root;Ascomycota;Pezizomycetes;Pezizales;Rhizinaceae;Phymatotrichopsis;Phymatotrichopsis_omnivora	1.00	1
EU075198	Unassigned	1.00	1
EU673336	Root;Ascomycota;Dothideomycetes;Botryosphaeriales;Botryosphaeriaceae;Neodeightonia;Neodeightonia_palmicola	1.00	1
GQ340441	Unassigned	1.00	1
EU784176	Root;Basidiomycota;Agaricomycetes;Agaricales;Physalacriaceae;Gloiocephala;Gloiocephala_phormiorum	1.00	1
U57990	Root;Ascomycota;Leotiomycetes;Helotiales;Hyaloscyphaceae;Lachnellula;Lachnellula_pulverulenta	1.00	1
JF770455	Root;Ascomycota;Dothideomycetes;Capnodiales;Mycosphaerellaceae;Septoria;Septoria_lycopicola	1.00	1
FJ426395	Root;Basidiomycota;Agaricomycetes;Auriculariales;Auriculariaceae;Auricularia;Auricularia_polytricha	1.00	1
FJ603607	Root;Ascomycota;Dothideomycetes;Botryosphaeriales;Botryosphaeriaceae;Lasiodiplodia;Lasiodiplodia_crassispora	1.00	1
EU784223	Unassigned	1.00	1
AF351139	Root;Ascomycota;Lecanoromycetes;Peltigerales;Lobariaceae;Lobaria;Lobaria_meridionalis	1.00	1
FJ871105	Root;Ascomycota;Lecanoromycetes;Lecanorales;Parmeliaceae;Usnea;Usnea_rubrotincta	1.00	1
DQ923538	Root;Ascomycota;Sordariomycetes;Xylariales;Amphisphaeriaceae;Phlogicylindrium;Phlogicylindrium_eucalyptorum	1.00	1
U66450	Unassigned	1.00	1
AB445116	Unassigned	1.00	1
UDB011387	Unassigned	1.00	1
GQ344614	Unassigned	1.00	1
U21828	Root;Ascomycota;Leotiomycetes;Helotiales;Rutstroemiaceae;Lanzia;Lanzia_luteovirescens	1.00	1
FJ493249	Unassigned	1.00	1
AY789077	Root;Basidiomycota;Agaricostilbomycetes;Agaricostilbales;Agaricostilbaceae;Sterigmatomyces;Sterigmatomyces_elviae	1.00	1
HQ414605	Root;Ascomycota;Sordariomycetes;Diaporthales;Gnomoniaceae;Plagiostoma;Plagiostoma_geranii	1.00	1
EF447422	Root;Ascomycota;Eurotiomycetes;Eurotiales;Trichocomaceae;Aspergillus;Aspergillus_flavus	1.00	1
DQ383642	Root;Ascomycota;Lecanoromycetes;Lecanorales;Parmeliaceae;Hypotrachyna;Hypotrachyna_aff_partita_Ertz_11036	1.00	1
FN868479	Root;Ascomycota;Sordariomycetes;Xylariales;Amphisphaeriaceae;Bartalinia;Bartalinia_robillardoides	1.00	1
FJ167356	Root;Basidiomycota;Ustilaginomycetes;Ustilaginales;Ustilaginaceae;Macalpinomyces;Macalpinomyces_tubiformis	1.00	1
EU254860	Root;Ascomycota;Sordariomycetes;Diaporthales;Gnomoniaceae;Amphiporthe;Amphiporthe_hranicensis	1.00	1
FJ481033	Root;Basidiomycota;Agaricomycetes;Agaricales;Lycoperdaceae;Lycoperdon;Handkea_utriformis	1.00	1
AF210682	Root;Ascomycota;Sordariomycetes;Hypocreales;Nectriaceae;Nectria;Nectria_eustromatica	1.00	1
AB481261	Root;Ascomycota;Leotiomycetes;Helotiales;Hyaloscyphaceae;Solenopezia;Solenopezia_solenia	1.00	1
AF350303	Root;Ascomycota;Lecanoromycetes;Peltigerales;Lobariaceae;Sticta;Sticta_squamata	1.00	1
GQ267499	Unassigned	1.00	1
EU249469	Root;Ascomycota;Eurotiomycetes;Verrucariales;Verrucariaceae;Verrucaria;Verrucaria_latebrosa	1.00	1
FJ605260	Root;Ascomycota;Leotiomycetes;Rhytismatales;Rhytismataceae;Lophodermium;Lophodermium_pini_excelsae	1.00	1
DQ097355	Unassigned	1.00	1
AJ302421	Root;Ascomycota;Sordariomycetes;Xylariales;Diatrypaceae;Diatrypella;Diatrypella_favacea	1.00	1
AY740153	Root;Basidiomycota;Ustilaginomycetes;Ustilaginales;Ustilaginaceae;Pseudozyma;Pseudozyma_antarctica	1.00	1
EU551211	Root;Basidiomycota;Tremellomycetes;Filobasidiales;Filobasidiaceae;Cryptococcus;Cryptococcus_silvicola	1.00	1
HQ650625	Unassigned	1.00	1
EF445991	Root;Ascomycota;Orbiliomycetes;Orbiliales;Orbiliaceae;Geniculifera;Geniculifera_cystosporia	1.00	1
HM436631	Root;Basidiomycota;Agaricomycetes;Agaricales;Agaricaceae;Lepiota;Lepiota_haemorrhagica	1.00	1
AY571031	Unassigned	1.00	1
AF324254	Unassigned	1.00	1
AY571036	Root;Basidiomycota;Agaricomycetes;Agaricales;Marasmiaceae;Lachnella;Lachnella_alboviolascens	1.00	1
AF429267	Root;Ascomycota;Lecanoromycetes;Lecideales;Lecideaceae;Lecidea;Lecidea_confluens	1.00	1
GU980122	Root;Basidiomycota;Agaricomycetes;Agaricales;Marasmiaceae;Xerula;Xerula_radicata	1.00	1
GQ996574	Root;Basidiomycota;Agaricomycetes;Agaricales;Lycoperdaceae;Lycoperdon;Lycoperdon_perlatum	1.00	1
GQ996575	Root;Ascomycota;Sordariomycetes;Sordariales;Sordariaceae;Gelasinospora;Gelasinospora_reticulata	1.00	1
EF026120	Root;Ascomycota;Sordariomycetes;Xylariales;Xylariaceae;Xylaria;Xylaria_luteostromata_var_macrospora	1.00	1
GQ927289	Root;Ascomycota;Lecanoromycetes;Peltigerales;Pannariaceae;Psoroma;Psoroma_cinnamomeum	1.00	1
AY527405	Root;Ascomycota;Eurotiomycetes;Onygenales;Onygenaceae;Chrysosporium;Chrysosporium_lobatum	1.00	1
DQ974799	Unassigned	1.00	1
GQ221126	Root;Ascomycota;Sordariomycetes;Sordariales;Chaetomiaceae;Thielavia;Thielavia_fragilis	1.00	1
AY621003	Root;Ascomycota;Leotiomycetes;Helotiales;Dermateaceae;Cryptosporiopsis;Cryptosporiopsis_actinidiae	1.00	1
EF029241	Unassigned	1.00	1
AF141157	Root;Ascomycota;Leotiomycetes;Helotiales;Dermateaceae;Cryptosporiopsis;Cryptosporiopsis_diversispora	1.00	1
AF297745	Root;Ascomycota;Lecanoromycetes;Lecanorales;Parmeliaceae;Bryoria;Bryoria_trichodes	1.00	1
FJ168599	Root;Basidiomycota;Agaricomycetes;Agaricales;Hydnangiaceae;Laccaria;Laccaria_glabripes	1.00	1
EU681363	Root;Ascomycota;Eurotiomycetes;Onygenales;Arthrodermataceae;Arthroderma;Arthroderma_uncinatum	1.00	1
EU118639	Unassigned	1.00	1
GQ355956	Root;Basidiomycota;Agaricomycetes;Polyporales;Polyporaceae;Fomes;Fomes_fomentarius	1.00	1
AF079715	Root;Basidiomycota;Agaricomycetes;Agaricales;Agaricaceae;Cyphomyrmex_longiscapus_symbiont_S36;Cyphomyrmex_longiscapus_symbiont_S36	1.00	1
AJ537397	Root;Basidiomycota;Tremellomycetes;Tremellales;Exidiaceae;Guepinia;Guepinia_spathularia	1.00	1
GU594155	Unassigned	1.00	1
EU673370	Root;Ascomycota;Sordariomycetes;Hypocreales;Ophiocordycipitaceae;Tolypocladium;Tolypocladium_cylindrosporum	1.00	1
U21814	Root;Ascomycota;Leotiomycetes;Helotiales;Hyaloscyphaceae;Pseudaegerita;Pseudaegerita_viridis	1.00	1
GQ981513	Root;Basidiomycota;Agaricomycetes;Hymenochaetales;Hymenochaetaceae;Phellinus;Phellinus_ferruginosus	1.00	1
GQ981510	Root;Basidiomycota;Agaricomycetes;Hysterangiales;Mesophelliaceae;Nothocastoreum;Nothocastoreum_cretaceum	1.00	1
AF243398	Root;Ascomycota;Dothideomycetes;Botryosphaeriales;Botryosphaeriaceae;Neodeightonia;Neodeightonia_phoenicum	1.00	1
DQ449942	Root;Basidiomycota;Agaricomycetes;Agaricales;Marasmiaceae;Marasmius;Marasmius_tricolor	1.00	1
AY046159	Unassigned	1.00	1
EU006541	Root;Ascomycota;Eurotiomycetes;Verrucariales;Verrucariaceae;Verrucaria;Verrucula_granulosaria	1.00	1
JN710575	Unassigned	1.00	1
FJ356152	Root;Ascomycota;Lecanoromycetes;Lecanorales;Ramalinaceae;Trichoramalina;Trichoramalina_melanothrix	1.00	1
DQ243803	Root;Ascomycota;Sordariomycetes;Diaporthales;Valsaceae;Cytospora;Cytospora_terebinthi	1.00	1
JN710573	Unassigned	1.00	1
HQ287329	Unassigned	1.00	1
HM488760	Unassigned	1.00	1
AY618667	Root;Basidiomycota;Dacrymycetes;Dacrymycetales;Dacrymycetaceae;Calocera;Calocera_cornea	1.00	1
HM005139	Root;Basidiomycota;Agaricomycetes;Agaricales;Physalacriaceae;Hymenopellis_gigaspora;Hymenopellis_gigaspora	1.00	1
FM163194	Root;Basidiomycota;Agaricomycetes;Agaricales;Psathyrellaceae;Coprinopsis;Coprinopsis_latispora	1.00	1
GU324765	Unassigned	1.00	1
AJ315842	Unassigned	1.00	1
DQ200923	Root;Basidiomycota;Agaricomycetes;Russulales;Hericiaceae;Hericium;Hericium_coralloides	1.00	1
AJ390377	Root;Ascomycota;Eurotiomycetes;Onygenales;Ajellomycetaceae;Emmonsia;Emmonsia_pasteuriana	1.00	1
JQ044421	Root;Ascomycota;Sordariomycetes;Xylariales;Hyponectriaceae;Pseudomassaria;Pseudomassaria_chondrospora	1.00	1
EU073198	Root;Ascomycota;Sordariomycetes;Hypocreales;Hypocreaceae;Mycogone;Mycogone_perniciosa	1.00	1
HM577230	Root;Ascomycota;Lecanoromycetes;Lecideales;Lecideaceae;Lecidea;Lecidea_polytrichina	1.00	1
EU402589	Root;Basidiomycota;Agaricomycetes;Polyporales;Polyporaceae;Neolentinus;Neolentinus_lepideus	1.00	1
AF483616	Unassigned	1.00	1
GU062297	Root;Ascomycota;Sordariomycetes;Diaporthales;Valsaceae;Ophiognomonia;Ophiognomonia_clavigignenti_juglandacearum	1.00	1
AM944645	Root;Ascomycota;Lecanoromycetes;Lecanorales;Parmeliaceae;Punctelia;Punctelia_caseana	1.00	1
JQ711898	Unassigned	1.00	1
AF396864	Unassigned	1.00	1
AF020770	Root;Basidiomycota;Agaricomycetes;Thelephorales;Thelephoraceae;Thelephora;Thelephora_ganbajun	1.00	1
EF595847	Unassigned	1.00	1
AY174089	Root;Ascomycota;Saccharomycetes;Saccharomycetales;Pichiaceae;Hyphopichia;Hyphopichia_pseudoburtonii	1.00	1
FJ839640	Root;Ascomycota;Dothideomycetes;Pleosporales;Lophiostomataceae;Herpotrichia;Herpotrichia_juniperi	1.00	1
FJ411105	Root;Basidiomycota;Agaricomycetes;Polyporales;Ganodermataceae;Ganoderma;Ganoderma_resinaceum	1.00	1
GU184106	Root;Basidiomycota;Agaricomycetes;Gomphales;Gomphaceae;Ramaria;Ramaria_rubella_f_rubella	1.00	1
AF444555	Root;Basidiomycota;Microbotryomycetes;Heterogastridiales;Heterogastridiaceae;Heterogastridium;Heterogastridium_pycnidioideum	1.00	1
AY004807	Root;Ascomycota;Dothideomycetes;Pleosporales;Pleosporaceae;Pyrenophora;Drechslera_dictyoides	1.00	1
FJ596889	Unassigned	1.00	1
EU181455	Root;Ascomycota;Eurotiomycetes;Onygenales;Arthrodermataceae;Arthroderma;Arthroderma_fulvum	1.00	1
GQ850202	Root;Basidiomycota;Tremellomycetes;Tremellales;Tremellaceae;Tsuchiyaea;Tsuchiyaea_wingfieldii	1.00	1
EU181457	Root;Ascomycota;Eurotiomycetes;Onygenales;Arthrodermataceae;Arthroderma;Arthroderma_fulvum	1.00	1
DQ534455	Unassigned	1.00	1
HQ888720	Root;Blastocladiomycota;Blastocladiomycetes;Blastocladiales;Blastocladiaceae;Blastocladiella;Blastocladiella_britannica	1.00	1
EU034667	Root;Ascomycota;Lecanoromycetes;Lecanorales;Parmeliaceae;Melanelia;Melanelia_tominii	1.00	1
EU833649	Root;Basidiomycota;Agaricomycetes;Agaricales;Lycoperdaceae;Bovista;Lycoperdon_pusillum	1.00	1
FN423704	Root;Glomeromycota;Glomeromycetes;Diversisporales;Gigasporaceae;Racocetra;Racocetra_weresubiae	1.00	1
JF419893	Root;Ascomycota;Dothideomycetes;Pleosporales;Lindgomycetaceae;Lindgomyces_rotundatus;Lindgomyces_rotundatus	1.00	1
AF009814	Root;Ascomycota;Sordariomycetes;Xylariales;Amphisphaeriaceae;Seiridium;Seiridium_banksiae	1.00	1
AY452499	Unassigned	1.00	1
DQ004573	Root;Ascomycota;Lecanoromycetes;Lecanorales;Parmeliaceae;Cetraria;Cetraria_kamtczatica	1.00	1
AY909004	Root;Ascomycota;Sordariomycetes;Xylariales;Xylariaceae;Arthroxylaria;Arthroxylaria_elegans	1.00	1
AY292453	Root;Basidiomycota;Pucciniomycetes;Pachnocybales;Pachnocybaceae;Pachnocybe;Pachnocybe_ferruginea	1.00	1
GQ231739	Unassigned	1.00	1
GU391420	Unassigned	1.00	1
JF430078	Root;Basidiomycota;Agaricomycetes;Polyporales;Meripilaceae;Grifola;Grifola_sordulenta	1.00	1
JQ398742	Root;Chytridiomycota;Chytridiomycetes;Rhizophydiales;Aquamycetaceae;Alphamyces;Alphamyces_chaetifer	1.00	1
HQ604750	Root;Basidiomycota;Agaricomycetes;Agaricales;Strophariaceae;Stropharia;Stropharia_ambigua	1.00	1
DQ780456	Root;Ascomycota;Dothideomycetes;Botryosphaeriales;Botryosphaeriaceae;Phyllosticta;Phyllosticta_cordylinophila	1.00	1
EF635904	Root;Basidiomycota;Ustilaginomycetes;Urocystidales;Urocystidaceae;Vankya;Vankya_heufleri	1.00	1
AY854067	Root;Basidiomycota;Agaricomycetes;Agaricales;Cortinariaceae;Cortinarius;Cortinarius_cedretorum_var_suberetorum	1.00	1
AF309613	Root;Ascomycota;Dothideomycetes;Capnodiales;Mycosphaerellaceae;Mycosphaerella;Mycosphaerella_buckinghamiae	1.00	1
AB022421	Unassigned	1.00	1
GU966521	Unassigned	1.00	1
DQ191249	Unassigned	1.00	1
AF274079	Root;Ascomycota;Lecanoromycetes;Lecanorales;Parmeliaceae;Tuckermannopsis;Tuckermannopsis_americana	1.00	1
HQ533014	Root;Basidiomycota;Agaricomycetes;Agaricales;Tricholomataceae;Resupinatus;Resupinatus_alboniger	1.00	1
EU266099	Root;Ascomycota;Lecanoromycetes;Lecanorales;Parmeliaceae;Punctelia;Punctelia_caseana	1.00	1
U56049	Root;Basidiomycota;Agaricomycetes;Agaricales;Cortinariaceae;Cortinarius;Cortinarius_olivaceopictus	1.00	1
GQ231749	Root;Ascomycota;Pezizomycetes;Pezizales;Pezizaceae;Peziza;Peziza_atrovinosa	1.00	1
AF433147	Root;Ascomycota;Leotiomycetes;Rhytismatales;Cudoniaceae;Spathularia;Spathularia_flavida	1.00	1
AY854082	Unassigned	1.00	1
EU552133	Root;Ascomycota;Eurotiomycetes;Onygenales;Gymnoascaceae;Testudomyces;Testudomyces_verrucosus	1.00	1
AF517903	Root;Ascomycota;Lecanoromycetes;Lecanorales;Stereocaulaceae;Lepraria;Lepraria_jackii	1.00	1
DQ521585	Root;Basidiomycota;Pucciniomycetes;Pucciniales;Pucciniaceae;Puccinia;Puccinia_tanaceti	1.00	1
FJ903295	Root;Ascomycota;Lecanoromycetes;Acarosporales;Acarosporaceae;Pleopsidium;Pleopsidium_chlorophanum	1.00	1
HM631724	Root;Basidiomycota;Agaricomycetes;Agaricales;Tricholomataceae;Clitocybe;Clitocybe_bresadoliana	1.00	1
FM955446	Root;Ascomycota;Sordariomycetes;Sordariales;Lasiosphaeriaceae;Podospora;Podospora_setosa	1.00	1
EU846253	Root;Basidiomycota;Agaricomycetes;Thelephorales;Thelephoraceae;Pseudotomentella;Pseudotomentella_tristis	1.00	1
FJ770400	Unassigned	1.00	1
U66440	Unassigned	1.00	1
EF411226	Root;Ascomycota;Sordariomycetes;Hypocreales;Cordycipitaceae;Isaria;Isaria_xylariiformis	1.00	1
EU255033	Root;Ascomycota;Sordariomycetes;Diaporthales;Gnomoniaceae;Plagiostoma;Plagiostoma_geranii	1.00	1
FJ608588	Root;Basidiomycota;Agaricomycetes;Polyporales;Meripilaceae;Antrodia;Antrodia_wangii	1.00	1
AJ131787	Root;Ascomycota;Dothideomycetes;Patellariales;Patellariaceae;Rhytidhysteron;Rhytidhysteron_rufulum	1.00	1
AY367590	Root;Basidiomycota;Agaricomycetes;Agaricales;Tricholomataceae;Apterostigma_pilosum_cp1_fungal_symbiont_pv412;Apterostigma_pilosum_cp1_fungal_symbiont_pv412	1.00	1
EU340897	Root;Basidiomycota;Agaricomycetes;Polyporales;Fomitopsidaceae;Donkioporia;Donkioporia_expansa	1.00	1
DQ873639	Root;Ascomycota;Sordariomycetes;Ophiostomatales;Ophiostomataceae;Grosmannia;Grosmannia_crassivaginata	1.00	1
EU118648	Root;Basidiomycota;Agaricomycetes;Polyporales;Meruliaceae;Phlebia;Phlebia_albomellea	1.00	1
AB507400	Root;Basidiomycota;Pucciniomycetes;Pucciniales;Melampsoraceae;Melampsora;Melampsora_laricis_populina	1.00	1
DQ873635	Root;Basidiomycota;Agaricomycetes;Polyporales;Hyphodermataceae;Atheloderma;Atheloderma_mirabile	1.00	1
AF451790	Root;Ascomycota;Lecanoromycetes;Lecanorales;Parmeliaceae;Ahtiana;Ahtiana_sphaerosporella	1.00	1
HM536085	Unassigned	1.00	1
DQ354545	Root;Basidiomycota;Pucciniomycetes;Pucciniales;Pucciniaceae;Puccinia;Puccinia_smilacis	1.00	1
GU318390	Unassigned	1.00	1
DQ200924	Root;Basidiomycota;Tremellomycetes;Tremellales;Tremellodendropsidaceae;Tremellodendropsis;Tremellodendropsis_tuberosa	1.00	1
GU199447	Root;Basidiomycota;Agaricomycetes;Russulales;Hericiaceae;Hericium;Hericium_erinaceum	1.00	1
AF079725	Root;Basidiomycota;Agaricomycetes;Agaricales;Agaricaceae;Cyphomyrmex_longiscapus_symbiont_S36;Cyphomyrmex_longiscapus_symbiont_S36	1.00	1
U21820	Root;Ascomycota;Leotiomycetes;Helotiales;Helotiaceae;Crocicreas;Crocicreas_cacaliae	1.00	1
FJ869184	Root;Basidiomycota;Agaricomycetes;Agaricales;Cortinariaceae;Flammulaster;Flammulaster_muricatus	1.00	1
AB481234	Root;Ascomycota;Leotiomycetes;Helotiales;Hyaloscyphaceae;Lachnellula;Lachnellula_resinaria	1.00	1
FJ596763	Unassigned	1.00	1
DQ200844	Root;Basidiomycota;Agaricomycetes;Agaricales;Marasmiaceae;Gymnopus;Gymnopus_collybioides	1.00	1
U85317	Root;Basidiomycota;Agaricomycetes;Agaricales;Agaricaceae;Lepiota;Lepiota_fuliginescens	1.00	1
AF410819	Root;Ascomycota;Lecanoromycetes;Lecanorales;Parmeliaceae;Bryoria;Bryoria_trichodes	1.00	1
AF357043	Root;Basidiomycota;Agaricomycetes;Agaricales;Lyophyllaceae;Lyophyllum;Lyophyllum_sykosporum	1.00	1
AF387653	Root;Ascomycota;Pezizomycetes;Pezizales;Pyronemataceae;Geopora;Geopora_cooperi_f_cooperi	1.00	1
GQ340430	Root;Ascomycota;Saccharomycetes;Saccharomycetales;Pichiaceae;Pichia;Pichia_guilliermondii	1.00	1
DQ904246	Root;Basidiomycota;Tremellomycetes;Cystofilobasidiales;Cystofilobasidiaceae;Xanthophyllomyces;Xanthophyllomyces_dendrorhous	1.00	1
FJ869341	Root;Basidiomycota;Agaricomycetes;Russulales;Stereaceae;Aleurodiscus;Aleurodiscus_aurantius	1.00	1
EU938675	Root;Ascomycota;Leotiomycetes;Helotiales;Helotiaceae;Rhizoscyphus;Rhizoscyphus_ericae	1.00	1
FJ596788	Root;Basidiomycota;Agaricomycetes;Phallales;Ramariaceae;Kavinia;Kavinia_alboviridis	1.00	1
U89375	Root;Ascomycota;Sordariomycetes;Hypocreales;Clavicipitaceae;Atkinsonella;Atkinsonella_hypoxylon	1.00	1
EU833201	Root;Ascomycota;Dothideomycetes;Pleosporales;Pleosporaceae;Alternaria;Alternaria_alternata	1.00	1
AF097751	Root;Basidiomycota;Agaricomycetes;Agaricales;Agaricaceae;Chlamydopus;Chlamydopus_meyenianus	1.00	1
FJ839620	Unassigned	1.00	1
DQ980019	Root;Ascomycota;Lecanoromycetes;Lecanorales;Parmeliaceae;Nephromopsis;Nephromopsis_pseudocomplicata	1.00	1
EU784214	Root;Basidiomycota;Agaricomycetes;Agaricales;Marasmiaceae;Gymnopus;Collybia_hariolorum	1.00	1
GU222323	Root;Basidiomycota;Agaricomycetes;Russulales;Russulaceae;Russula;Russula_rosea	1.00	1
EF432245	Root;Ascomycota;Dothideomycetes;Pleosporales;Pleosporaceae;Cochliobolus;Cochliobolus_peregianensis	1.00	1
JQ029765	Unassigned	1.00	1
HM046877	Unassigned	1.00	1
FJ426985	Root;Ascomycota;Dothideomycetes;Pleosporales;Leptosphaeriaceae;Leptosphaeria;Leptosphaeria_microscopica	1.00	1
EU879155	Root;Ascomycota;Sordariomycetes;Ophiostomatales;Ophiostomataceae;Grosmannia;Grosmannia_huntii	1.00	1
GU222329	Unassigned	1.00	1
DQ530224	Root;Ascomycota;Dothideomycetes;Capnodiales;Mycosphaerellaceae;Mycosphaerella;Mycosphaerella_cryptica	1.00	1
U66444	Unassigned	1.00	1
U66448	Unassigned	1.00	1
EU526001	Unassigned	1.00	1
DQ137887	Root;Ascomycota;Dothideomycetes;Pleosporales;Lophiostomataceae;Herpotrichia;Herpotrichia_juniperi	1.00	1
EF029222	Root;Ascomycota;Pezizomycetes;Pezizales;Pezizaceae;Peziza;Peziza_proteana	1.00	1
AJ537405	Root;Basidiomycota;Agaricomycetes;Polyporales;Ganodermataceae;Ganoderma;Ganoderma_cupreum	1.00	1
JN943381	Root;Ascomycota;Sordariomycetes;Microascales;Halosphaeriaceae;Sigmoidea;Sigmoidea_marina	1.00	1
FJ172292	Root;Ascomycota;Dothideomycetes;Capnodiales;Mycosphaerellaceae;Phaeothecoidea;Phaeothecoidea_intermedia	1.00	1
EF421111	Unassigned	1.00	1
DQ394386	Root;Ascomycota;Lecanoromycetes;Lecanorales;Parmeliaceae;Kaernefeltia;Kaernefeltia_merrillii	1.00	1
AF195603	Root;Basidiomycota;Agaricomycetes;Russulales;Gloeocystidiellaceae;Gloeocystidiellum;Gloeocystidiellum_subasperisporum	1.00	1
DQ865092	Root;Ascomycota;Sordariomycetes;Phyllachorales;Phyllachoraceae;Colletotrichum;Colletotrichum_pisi	1.00	1
JN194152	Root;Glomeromycota;Glomeromycetes;Glomerales;Glomeraceae;Glomus;Glomus_intraradices	1.00	1
DQ323922	Root;Basidiomycota;Pucciniomycetes;Pucciniales;Pucciniaceae;Puccinia;Puccinia_melanocephala	1.00	1
GU570110	Root;Ascomycota;Lecanoromycetes;Lecanorales;Stereocaulaceae;Lepraria;Lepraria_sylvicola	1.00	1
DQ681328	Root;Ascomycota;Eurotiomycetes;Eurotiales;Trichocomaceae;Talaromyces;Talaromyces_flavus	1.00	1
EF535657	Root;Ascomycota;Dothideomycetes;Capnodiales;Mycosphaerellaceae;Ramularia;Ramularia_proteae	1.00	1
DQ534480	Root;Ascomycota;Lecanoromycetes;Lecanorales;Parmeliaceae;Bryoria;Bryoria_trichodes	1.00	1
DQ534568	Unassigned	1.00	1
DQ867113	Root;Basidiomycota;Agaricomycetes;Boletales;Boletaceae;Boletus;Boletus_pulcherrimus	1.00	1
JN009720	Unassigned	1.00	1
AF383956	Unassigned	1.00	1
AF250801	Root;Ascomycota;Leotiomycetes;Helotiales;Hyaloscyphaceae;Hyphodiscus;Hyphodiscus_hymeniophilus	1.00	1
AY929324	Root;Ascomycota;Sordariomycetes;Xylariales;Amphisphaeriaceae;Pestalotiopsis;Pestalotiopsis_besseyi	1.00	1
AJ419192	Root;Basidiomycota;Agaricomycetes;Boletales;Sclerodermataceae;Scleroderma;Scleroderma_polyrhizum	1.00	1
AY571027	Root;Basidiomycota;Agaricomycetes;Agaricales;Marasmiaceae;Marasmius;Marasmius_xestocephalus	1.00	1
AY548802	Root;Ascomycota;Eurotiomycetes;Eurotiales;Trichocomaceae;Talaromyces;Talaromyces_emersonii	1.00	1
JN871718	Root;Basidiomycota;Ustilaginomycetes;Ustilaginales;Ustilaginaceae;Macalpinomyces;Macalpinomyces_mackinlayi	1.00	1
AF506402	Root;Basidiomycota;Agaricomycetes;Russulales;Stereaceae;Laxitextum;Laxitextum_bicolor	1.00	1
GQ142024	Root;Basidiomycota;Agaricomycetes;Agaricales;Pleurotaceae;Nematoctonus;Nematoctonus_concurrens	1.00	1
FJ375254	Root;Basidiomycota;Agaricomycetes;Agaricales;Pluteaceae;Pluteus;Pluteus_lutescens	1.00	1
EF600969	Root;Ascomycota;Sordariomycetes;Xylariales;Amphisphaeriaceae;Seiridium;Seiridium_banksiae	1.00	1
DQ873595	Unassigned	1.00	1
AY785274	Unassigned	1.00	1
EU683655	Root;Ascomycota;Dothideomycetes;Botryosphaeriales;Botryosphaeriaceae;Pseudofusicoccum;Pseudofusicoccum_adansoniae	1.00	1
AJ292415	Unassigned	1.00	1
AF485072	Unassigned	1.00	1
AF485078	Root;Ascomycota;Dothideomycetes;Pleosporales;Lophiostomataceae;Herpotrichia;Herpotrichia_juniperi	1.00	1
FJ231440	Unassigned	1.00	1
FJ810128	Unassigned	1.00	1
AF141367	Root;Ascomycota;Lecanoromycetes;Lecanorales;Parmeliaceae;Hypogymnia;Hypogymnia_imshaugii	1.00	1
AB273560	Unassigned	1.00	1
JF821182	Unassigned	1.00	1
HQ650647	Unassigned	1.00	1
EF051727	Root;Ascomycota;Sordariomycetes;Hypocreales;Clavicipitaceae;Metarhizium;Metarhizium_anisopliae	1.00	1
GQ922522	Root;Ascomycota;Sordariomycetes;Sordariales;Lasiosphaeriaceae;Fimetariella;Fimetariella_rabenhorstii	1.00	1
GQ981509	Unassigned	1.00	1
GU291277	Root;Ascomycota;Saccharomycetes;Saccharomycetales;Lipomycetaceae;Lipomyces;Lipomyces_oligophaga	1.00	1
AF373978	Root;Ascomycota;Sordariomycetes;Sordariales;Lasiosphaeriaceae;Podospora;Podospora_anserina	1.00	1
AF540514	Unassigned	1.00	1
GQ913395	Root;Basidiomycota;Agaricomycetes;Agaricales;Physalacriaceae;Hymenopellis_sinapicolor;Hymenopellis_sinapicolor	1.00	1
EF512479	Root;Ascomycota;Sordariomycetes;Diaporthales;Valsaceae;Ophiognomonia;Ophiognomonia_clavigignenti_juglandacearum	1.00	1
AJ305236	Root;Ascomycota;Sordariomycetes;Diaporthales;Valsaceae;Phomopsis;Phomopsis_quercella	1.00	1
EF026147	Unassigned	1.00	1
FJ545249	Root;Ascomycota;Eurotiomycetes;Onygenales;Onygenaceae;Chrysosporium;Chrysosporium_fluviale	1.00	1
AF444418	Root;Basidiomycota;Tremellomycetes;Cystofilobasidiales;Cystofilobasidiaceae;Mrakia;Mrakia_robertii	1.00	1
EU652349	Root;Ascomycota;Leotiomycetes;Helotiales;Helotiaceae;Tricladium;Tricladium_angulatum	1.00	1
FN985101	Root;Ascomycota;Sordariomycetes;Hypocreales;Nectriaceae;Volutella;Volutella_ciliata	1.00	1
GQ241277	Root;Ascomycota;Dothideomycetes;Botryosphaeriales;Botryosphaeriaceae;Macrophomina;Macrophomina_phaseolina	1.00	1
GQ241279	Root;Ascomycota;Dothideomycetes;Pleosporales;Pleosporaceae;Setosphaeria;Setosphaeria_monoceras	1.00	1
AF027763	Root;Ascomycota;Dothideomycetes;Dothideales;Dothioraceae;Sydowia;Sydowia_polyspora	1.00	1
JF433374	Root;Ascomycota;Leotiomycetes;Erysiphales;Erysiphaceae;Golovinomyces;Golovinomyces_orontii	1.00	1
AB551948	Unassigned	1.00	1
DQ135999	Root;Ascomycota;Sordariomycetes;Hypocreales;Nectriaceae;Nectria;Nectria_rubropeziza	1.00	1
AM774155	Root;Ascomycota;Sordariomycetes;Microascales;Microascaceae;Doratomyces;Doratomyces_verrucisporus	1.00	1
AF479670	Root;Basidiomycota;Agaricomycetes;Polyporales;Phanerochaetaceae;Australohydnum;Australohydnum_dregeanum	1.00	1
AY194526	Root;Basidiomycota;Agaricomycetes;Agaricales;Bolbitiaceae;Gastrocybe;Gastrocybe_lateritia	1.00	1
JN819280	Unassigned	1.00	1
EU623677	Unassigned	1.00	1
EU157728	Root;Basidiomycota;Agaricomycetes;Agaricales;Pleurotaceae;Pleurotus;Pleurotus_ostreatus	1.00	1
DQ826736	Root;Ascomycota;Eurotiomycetes;Verrucariales;Verrucariaceae;Verrucaria;Verrucaria_funckii	1.00	1
DQ826735	Root;Ascomycota;Eurotiomycetes;Verrucariales;Verrucariaceae;Verrucaria;Verrucaria_funckii	1.00	1
GU139172	Root;Basidiomycota;Microbotryomycetes;Microbotryales;Microbotryaceae;Sphacelotheca;Sporisorium_reilianum	1.00	1
EF447370	Root;Ascomycota;Sordariomycetes;Diaporthales;Valsaceae;Cytospora;Cytospora_terebinthi	1.00	1
EF447406	Root;Ascomycota;Sordariomycetes;Diaporthales;Valsaceae;Cytospora;Cytospora_atrocirrhata	1.00	1
AF506444	Root;Basidiomycota;Agaricomycetes;Russulales;Gloeocystidiellaceae;Gloeocystidiellum;Gloeocystidiellum_subasperisporum	1.00	1
AY558791	Root;Basidiomycota;Agaricomycetes;Russulales;Albatrellaceae;Leucophleps;Leucophleps_spinispora	1.00	1
AY558793	Unassigned	1.00	1
AF444664	Root;Basidiomycota;Tremellomycetes;Tremellales;Tremellaceae;Tremella;Tremella_exigua	1.00	1
DQ318208	Root;Ascomycota;Sordariomycetes;Microascales;Microascaceae;Cephalotrichum;Doratomyces_microsporus	1.00	1
EU669382	Root;Basidiomycota;Agaricomycetes;Agaricales;Tricholomataceae;Fayodia;Fayodia_leucophylla	1.00	1
EU669383	Root;Ascomycota;Eurotiomycetes;Mycocaliciales;Mycocaliciaceae;Chaenothecopsis;Chaenothecopsis_consociata	1.00	1
AY916464	Root;Ascomycota;Dothideomycetes;Pleosporales;Tubeufiaceae;Helicosporium;Helicosporium_talbotii	1.00	1
EU295634	Root;Ascomycota;Dothideomycetes;Pleosporales;Montagnulaceae;Microsphaeropsis;Microsphaeropsis_arundinis	1.00	1
EF029190	Root;Ascomycota;Sordariomycetes;Sordariales;Helminthosphaeriaceae;Spadicoides;Spadicoides_bina	1.00	1
AB453031	Unassigned	1.00	1
HM626661	Root;Ascomycota;Sordariomycetes;Hypocreales;Nectriaceae;Nectria;Nectria_cyanostoma	1.00	1
U38898	Root;Ascomycota;Pezizomycetes;Pezizales;Pezizaceae;Chromelosporium;Chromelosporium_carneum	1.00	1
EF494044	Root;Ascomycota;Lecanoromycetes;Lecanorales;Cladoniaceae;Cladonia;Cladonia_convoluta	1.00	1
EU552123	Unassigned	1.00	1
AJ271422	Unassigned	1.00	1
DQ482007	Root;Basidiomycota;Agaricomycetes;Thelephorales;Thelephoraceae;Thelephora;Tomentella_castanea	1.00	1
GQ131880	Root;Ascomycota;Sordariomycetes;Hypocreales;Nectriaceae;Volutella;Volutella_colletotrichoides	1.00	1
AF079716	Root;Basidiomycota;Agaricomycetes;Agaricales;Agaricaceae;Apterostigma_auriculatum_symbiont_S1;Apterostigma_auriculatum_symbiont_S1	1.00	1
HQ650607	Root;Ascomycota;Lecanoromycetes;Lecanorales;Tephromelataceae;Calvitimela;Calvitimela_armeniaca	1.00	1
FJ940902	Root;Ascomycota;Sordariomycetes;Hypocreales;Nectriaceae;Haematonectria;Fusarium_solani	1.00	1
GQ411521	Unassigned	1.00	1
GQ280665	Root;Ascomycota;Sordariomycetes;Hypocreales;Nectriaceae;Cylindrocladium;Cylindrocladium_hawksworthii	1.00	1
EF621920	Unassigned	1.00	1
GQ397996	Root;Basidiomycota;Agaricomycetes;Agaricales;Marasmiaceae;Gymnopus;Collybia_hariolorum	1.00	1
AF009816	Root;Ascomycota;Sordariomycetes;Xylariales;Amphisphaeriaceae;Sarcostroma;Sarcostroma_bisetulatum	1.00	1
AF260224	Root;Ascomycota;Dothideomycetes;Dothideales;Dothideaceae;Endoconidioma;Endoconidioma_populi	1.00	1
AB378667	Unassigned	1.00	1
FJ357319	Root;Ascomycota;Dothideomycetes;Pleosporales;Pleosporaceae;Embellisia;Embellisia_didymospora	1.00	1
EU825953	Unassigned	1.00	1
JF692195	Unassigned	1.00	1
JN003222	Unassigned	1.00	1
EF373570	Root;Ascomycota;Lecanoromycetes;Lecanorales;Parmeliaceae;Flavocetraria;Flavocetraria_cucullata	1.00	1
JF908754	Root;Ascomycota;Pezizomycetes;Pezizales;Morchellaceae;Ptychoverpa;Verpa_bohemica	1.00	1
FJ357310	Root;Ascomycota;Dothideomycetes;Pleosporales;Pleosporaceae;Crivellia;Crivellia_papaveracea	1.00	1
AF422977	Root;Ascomycota;Sordariomycetes;Hypocreales;Nectriaceae;Septofusidium;Septofusidium_herbarum	1.00	1
DQ830803	Root;Basidiomycota;Agaricomycetes;Agaricales;Tricholomataceae;Clitocybe;Clitocybe_festiva	1.00	1
AB015696	Unassigned	1.00	1
EU118663	Unassigned	1.00	1
EU833660	Root;Basidiomycota;Agaricomycetes;Agaricales;Lycoperdaceae;Bovista;Lycoperdon_pusillum	1.00	1
EF532830	Unassigned	1.00	1
GU291281	Root;Basidiomycota;Agaricostilbomycetes;Agaricostilbales;Chionosphaeraceae;Kurtzmanomyces;Kurtzmanomyces_tardus	1.00	1
DQ238719	Root;Basidiomycota;Microbotryomycetes;Microbotryales;Microbotryaceae;Liroa;Liroa_emodensis	1.00	1
AY555731	Root;Ascomycota;Sordariomycetes;Xylariales;Xylariaceae;Daldinia;Daldinia_fissa	1.00	1
EF535692	Root;Ascomycota;Dothideomycetes;Capnodiales;Mycosphaerellaceae;Mycosphaerella;Mycosphaerella_buckinghamiae	1.00	1
FR686568	Unassigned	1.00	1
GU292821	Unassigned	1.00	1
EU834287	Unassigned	1.00	1
EU367445	Unassigned	1.00	1
GQ169328	Root;Ascomycota;Sordariomycetes;Hypocreales;Hypocreaceae;Hypocrea;Hypocrea_lactea	1.00	1
GU233322	Root;Basidiomycota;Agaricomycetes;Agaricales;Cortinariaceae;Dermocybe_largofulgens;Dermocybe_largofulgens	1.00	1
HQ414538	Root;Basidiomycota;Agaricomycetes;Hysterangiales;Gallaceaceae;Austrogautieria;Austrogautieria_macrospora	1.00	1
AF505780	Root;Basidiomycota;Agaricomycetes;Agaricales;Marasmiaceae;Marasmius;Marasmius_androsaceus	1.00	1
EU266591	Root;Ascomycota;Eurotiomycetes;Eurotiales;Trichocomaceae;Paecilomyces;Paecilomyces_verticillatus	1.00	1
EU708340	Root;Basidiomycota;Agaricomycetes;Agaricales;Lyophyllaceae;Lyophyllum;Lyophyllum_anthracophilum	1.00	1
AY239213	Root;Ascomycota;Taphrinomycetes;Taphrinales;Taphrinaceae;Taphrina;Taphrina_carpini	1.00	1
JN943949	Root;Basidiomycota;Agaricomycetes;Agaricales;Bolbitiaceae;Naucoria;Naucoria_escharoides	1.00	1
GU590877	Unassigned	1.00	1
EU784373	Unassigned	1.00	1
AF126877	Root;Basidiomycota;Agaricomycetes;Polyporales;Steccherinaceae;Junghuhnia;Junghuhnia_luteoalba	1.00	1
EU856062	Root;Ascomycota;Dothideomycetes;Botryosphaeriales;Botryosphaeriaceae;Dichomera;Dichomera_eucalypti	1.00	1
AF448458	Root;Ascomycota;Lecanoromycetes;Umbilicariales;Umbilicariaceae;Lasallia;Lasallia_pennsylvanica	1.00	1
EF011655	Root;Ascomycota;Dothideomycetes;Capnodiales;Teratosphaeriaceae;Colletogloeopsis;Colletogloeopsis_dimorpha	1.00	1
DQ534474	Unassigned	1.00	1
EF197068	Unassigned	1.00	1
EU819470	Root;Ascomycota;Pezizomycetes;Pezizales;Pyronemataceae;Genea;Genea_verrucosa	1.00	1
AJ419913	Root;Basidiomycota;Agaricomycetes;Agaricales;Tricholomataceae;Clitocybe;Clitocybe_lateritia	1.00	1
AJ419916	Unassigned	1.00	1
GQ154594	Unassigned	1.00	1
AY838271	Root;Basidiomycota;Agaricomycetes;Atheliales;Atheliaceae;Tylospora;Tylospora_asterophora	1.00	1
AY509552	Unassigned	1.00	1
AF322654	Unassigned	1.00	1
HQ897817	Unassigned	1.00	1
EU573703	Root;Ascomycota;Sordariomycetes;Sordariales;Lasiosphaeriaceae;Podospora;Podospora_ampullacea	1.00	1
EU375546	Root;Basidiomycota;Agaricomycetes;Cantharellales;Ceratobasidiaceae;Thanatephorus;Thanatephorus_cucumeris	1.00	1
EU045422	Unassigned	1.00	1
DQ494696	Root;Basidiomycota;Agaricomycetes;Agaricales;Marasmiaceae;Marasmius;Marasmius_pseudopurpureostriatus	1.00	1
AF309610	Root;Ascomycota;Dothideomycetes;Capnodiales;Mycosphaerellaceae;Pseudocercospora;Pseudocercospora_punctata	1.00	1
DQ389701	Root;Basidiomycota;Agaricomycetes;Agaricales;Psathyrellaceae;Coprinellus;Coprinellus_radicellus	1.00	1
FJ481040	Unassigned	1.00	1
EU266079	Unassigned	1.00	1
FJ481045	Root;Basidiomycota;Agaricomycetes;Agaricales;Marasmiaceae;Anthracophyllum;Anthracophyllum_lateritium	1.00	1
DQ875351	Root;Basidiomycota;Ustilaginomycetes;Urocystidales;Urocystidaceae;Urocystis;Urocystis_colchici	1.00	1
AY317137	Root;Basidiomycota;Agaricomycetes;Agaricales;Marasmiaceae;Moniliophthora;Moniliophthora_perniciosa	1.00	1
AB516668	Root;Ascomycota;Leotiomycetes;Helotiales;Sclerotiniaceae;Monilinia;Monilinia_fructicola	1.00	1
DQ073396	Root;Microsporidia;Microsporea;Microsporida;Encephalitozoonidae;Encephalitozoon;Encephalitozoon_hellem	1.00	1
EU552114	Root;Ascomycota;Pezizomycetes;Pezizales;Sarcosomataceae;Sarcosoma;Sarcosoma_globosum	1.00	1
GU234107	Unassigned	1.00	1
HQ650650	Root;Ascomycota;Lecanoromycetes;Lecanorales;Ramalinaceae;Biatora;Biatora_pallens	1.00	1
AB481285	Root;Ascomycota;Leotiomycetes;Helotiales;Hyaloscyphaceae;Solenopezia;Solenopezia_solenia	1.00	1
GQ411511	Unassigned	1.00	1
EU784188	Root;Basidiomycota;Agaricomycetes;Agaricales;Strophariaceae;Stropharia;Stropharia_rugosoannulata	1.00	1
AJ586573	Unassigned	1.00	1
AJ627583	Root;Basidiomycota;Agaricomycetes;Polyporales;Polyporaceae;Perenniporia;Perenniporia_nanlingensis	1.00	1
DQ677496	Root;Ascomycota;Sordariomycetes;Ophiostomatales;Ophiostomataceae;Grosmannia;Grosmannia_crassivaginata	1.00	1
EF174448	Root;Basidiomycota;Agaricomycetes;Agaricales;Marasmiaceae;Oudemansiella;Oudemansiella_canarii	1.00	1
AY204590	Root;Ascomycota;Sordariomycetes;Hypocreales;Nectriaceae;Flagellospora;Flagellospora_curvula	1.00	1
AB524805	Root;Ascomycota;Dothideomycetes;Pleosporales;Tetraplosphaeriaceae;Pseudotetraploa;Pseudotetraploa_longissima	1.00	1
AB524806	Root;Ascomycota;Dothideomycetes;Pleosporales;Tetraplosphaeriaceae;Pseudotetraploa;Pseudotetraploa_javanica	1.00	1
AJ877222	Unassigned	1.00	1
EF512465	Root;Ascomycota;Sordariomycetes;Diaporthales;Valsaceae;Ophiognomonia;Ophiognomonia_clavigignenti_juglandacearum	1.00	1
FJ478136	Root;Ascomycota;Sordariomycetes;Hypocreales;Nectriaceae;Gibberella;Gibberella_thapsina	1.00	1
HM359013	Root;Ascomycota;Eurotiomycetes;Chaetothyriales;Herpotrichiellaceae;Cladophialophora;Cladophialophora_chaetospira	1.00	1
GQ981490	Unassigned	1.00	1
JN712502	Root;Ascomycota;Dothideomycetes;Capnodiales;Mycosphaerellaceae;Phaeothecoidea;Phaeothecoidea_melaleuca	1.00	1
EU118666	Unassigned	1.00	1
DQ404381	Root;Basidiomycota;Agaricomycetes;Agaricales;Cortinariaceae;Tubaria;Tubaria_conspersa	1.00	1
FJ496660	Root;Ascomycota;Lecanoromycetes;Peltigerales;Pannariaceae;Degelia;Degelia_gayana	1.00	1
AB022351	Root;Ascomycota;Leotiomycetes;Erysiphales;Erysiphaceae;Erysiphe;Erysiphe_nothofagi	1.00	1
EF025406	Unassigned	1.00	1
HQ650642	Root;Ascomycota;Lecanoromycetes;Lecideales;Lecideaceae;Lecidea;Lecidea_atrobrunnea_subsp_saxosa	1.00	1
DQ887774	Root;Ascomycota;Dothideomycetes;Pleosporales;Venturiaceae;Fusicladium;Fusicladium_eriobotryae	1.00	1
HQ647144	Unassigned	1.00	1
