U33070	Root;Basidiomycota;Agaricomycetes;Agaricales;Marasmiaceae;Lentinula;Lentinula_lateritia
AF116177	Root;Ascomycota;Lecanoromycetes;Lecanorales;Parmeliaceae;Nodobryoria;Nodobryoria_abbreviata
DQ525500	Root;Ascomycota;Lecanoromycetes;Acarosporales;Acarosporaceae;Pleopsidium;Pleopsidium_flavum
DQ365668	Root;Basidiomycota;Agaricomycetes;Atheliales;Atheliaceae;Piloderma;Piloderma_fallax
DQ322080	Root;Ascomycota;Sordariomycetes;Xylariales;Xylariaceae;Camillea;Camillea_tinctor
FJ157013	Root;Basidiomycota;Agaricomycetes;Agaricales;Cortinariaceae;Cortinarius;Cortinarius_semisanguineus
AF205647	Root;Basidiomycota;Agaricomycetes;Boletales;Gomphidiaceae;Gomphidius;Gomphidius_glutinosus
DQ517417	Root;Basidiomycota;Agaricomycetes;Agaricales;Hygrophoraceae;Hygrophorus;Hygrophorus_gliocyclus
FJ167356	Root;Basidiomycota;Ustilaginomycetes;Ustilaginales;Ustilaginaceae;Ustilago;Ustilago_maydis
U19954	Root;Basidiomycota;Agaricomycetes;Cantharellales;Ceratobasidiaceae;Thanatephorus;Thanatephorus_cucumeris
DQ681329	Root;Ascomycota;Eurotiomycetes;Eurotiales;Trichocomaceae;Penicillium;Penicillium_chrysogenum
DQ681337	Root;Ascomycota;Eurotiomycetes;Eurotiales;Trichocomaceae;Penicillium;Penicillium_pulvillorum
DQ631941	Root;Ascomycota;Sordariomycetes;Xylariales;Xylariaceae;Nemania;Nemania_maritima
AB036894	Root;Basidiomycota;Agaricomycetes;Agaricales;Tricholomataceae;Tricholoma;Tricholoma_ustale
EU726293	Root;Basidiomycota;Agaricomycetes;Russulales;Russulaceae;Lactarius;Lactarius_xanthogalactus
DQ872858	Root;Ascomycota;Saccharomycetes;Saccharomycetales;Saccharomycetaceae;Zygosaccharomyces;Zygosaccharomyces_bailii
FJ010360	Root;Ascomycota;Dothideomycetes;Myriangiales;Elsinoaceae;Elsinoe;Elsinoe_fawcettii
DQ911605	Root;Basidiomycota;Agaricomycetes;Russulales;Albatrellaceae;Jahnoporus;Jahnoporus_hirtus
AM397678	Root;Chytridiomycota;Chytridiomycetes;Olpidiaceae;Olpidium;Olpidium_brassicae;Olpidium_brassicae
DQ885897	Root;Ascomycota;Dothideomycetes;Botryosphaeriales;Botryosphaeriaceae;Microdiplodia;Microdiplodia_hawaiiensis
DQ888741	Root;Ascomycota;Sordariomycetes;Hypocreales;Hypocreaceae;Trichoderma;Trichoderma_viride
GQ388729	Root;Glomeromycota;Glomeromycetes;Glomerales;Glomeraceae;Glomus;Glomus_versiforme
FJ236031	Root;Basidiomycota;Agaricomycetes;Boletales;Boletaceae;Boletus;Xerocomus_badius
EF121328	Root;Ascomycota;Eurotiomycetes;Eurotiales;Trichocomaceae;Aspergillus;Aspergillus_carbonarius
EF121334	Root;Ascomycota;Eurotiomycetes;Eurotiales;Trichocomaceae;Emericella;Emericella_nidulans
EF121336	Root;Ascomycota;Eurotiomycetes;Eurotiales;Trichocomaceae;Aspergillus;Aspergillus_tamarii
EF126368	Root;Basidiomycota;Tremellomycetes;Filobasidiales;Filobasidiaceae;Cryptococcus;Cryptococcus_flavescens
AY347389	Root;Ascomycota;Leotiomycetes;Helotiales;Vibrisseaceae;Phialocephala;Phialocephala_turiciensis
AF309535	Root;Basidiomycota;Agaricomycetes;Agaricales;Tricholomataceae;Tricholoma;Tricholoma_focale
AF272907	Root;Basidiomycota;Agaricomycetes;Thelephorales;Thelephoraceae;Thelephora;Thelephora_pseudoterrestris
EF026137	Root;Ascomycota;Sordariomycetes;Xylariales;Xylariaceae;Annulohypoxylon;Annulohypoxylon
AY461834	Root;Basidiomycota;Agaricomycetes;Agaricales;Psathyrellaceae;Coprinellus;Coprinellus_curtus
EF191243	Root;Ascomycota;Leotiomycetes;Rhytismatales;Rhytismataceae;Coccomyces;Coccomyces_australis
EU591789	Root;Basidiomycota;Agaricomycetes;Cantharellales;Ceratobasidiaceae;Thanatephorus;Rhizoctonia_solani
AM418545	Root;Glomeromycota;Glomeromycetes;Glomerales;Glomeraceae;Glomus;Glomus_fulvum
EU879155	Root;Ascomycota;Sordariomycetes;Ophiostomatales;Ophiostomataceae;Leptographium;Leptographium_wingfieldii
AB378667	Root;Ascomycota;Sordariomycetes;Hypocreales;Ophiocordycipitaceae;Ophiocordyceps;Ophiocordyceps_cuboidea
DQ517384	Root;Basidiomycota;Agaricomycetes;Boletales;Rhizopogonaceae;Rhizopogon;Rhizopogon_milleri
AF319423	Root;Basidiomycota;Agaricomycetes;Agaricales;Tricholomataceae;Tricholomopsis;Tricholomopsis_rutilans
EF449525	Root;Ascomycota;Saccharomycetes;Saccharomycetales;Metschnikowiaceae;Metschnikowia;Metschnikowia_pulcherrima
AF231469	Root;Glomeromycota;Glomeromycetes;Glomerales;Glomeraceae;Glomus;Glomus_geosporum
AF224395	Root;Ascomycota;Lecanoromycetes;Teloschistales;Physciaceae;Physcia;Physcia_aipolia
DQ534477	Root;Ascomycota;Lecanoromycetes;Teloschistales;Physciaceae;Physcia;Physcia_dubia
U57351	Root;Basidiomycota;Pucciniomycetes;Pucciniales;Pucciniaceae;Puccinia;Puccinia_carduorum
AF336150	Root;Basidiomycota;Agaricomycetes;Russulales;Auriscalpiaceae;Artomyces;Artomyces_pyxidatus
GQ461905	Root;Ascomycota;Eurotiomycetes;Eurotiales;Trichocomaceae;Aspergillus;Aspergillus_fumigatus
EF445995	Root;Ascomycota;Orbiliomycetes;Orbiliales;Orbiliaceae;Arthrobotrys;Arthrobotrys_flagrans
EF158023	Root;Ascomycota;Sordariomycetes;Hypocreales;Nectriaceae;Gibberella;Gibberella_zeae
EF175534	Root;Basidiomycota;Agaricomycetes;Agaricales;Marasmiaceae;Tetrapyrgos;Tetrapyrgos_subcinerea
AF373983	Root;Ascomycota;Eurotiomycetes;Pyrenulales;Xanthopyreniaceae;Pyrenocollema;Pyrenocollema_elegans
HQ604224	Root;Basidiomycota;Agaricomycetes;Agaricales;Cortinariaceae;Inocybe;Inocybe_lanuginosa
AY606287	Root;Ascomycota;Leotiomycetes;Helotiales;Vibrisseaceae;Phialocephala;Phialocephala_fortinii
FJ608588	Root;Basidiomycota;Agaricomycetes;Polyporales;Fomitopsidaceae;Fomitopsis;Fomitopsis_pinicola
EF212837	Root;Ascomycota;Sordariomycetes;Diaporthales;Gnomoniaceae;Gnomonia;Gnomonia_fragariae
EF560604	Root;Ascomycota;Sordariomycetes;Hypocreales;Nectriaceae;Gibberella;Fusarium_udum
EF560605	Root;Ascomycota;Sordariomycetes;Hypocreales;Nectriaceae;Gibberella;Fusarium_lateritium
EF560606	Root;Ascomycota;Sordariomycetes;Hypocreales;Nectriaceae;Gibberella;Gibberella_moniliformis
GQ338244	Root;Ascomycota;Eurotiomycetes;Eurotiales;Trichocomaceae;Aspergillus;Aspergillus_terreus
AJ133397	Root;Ascomycota;Sordariomycetes;Hypocreales;Clavicipitaceae;Claviceps;Claviceps_sorghicola
AB273560	Root;Ascomycota;Leotiomycetes;Erysiphales;Erysiphaceae;Blumeria;Blumeria_graminis
GQ369593	Root;Ascomycota;Sordariomycetes;Phyllachorales;Phyllachoraceae;Colletotrichum;Colletotrichum_dematium
EU272483	Root;Ascomycota;Dothideomycetes;Dothideales;Dothioraceae;Aureobasidium;Aureobasidium_pullulans
AB267641	Root;Ascomycota;Leotiomycetes;Helotiales;Hyaloscyphaceae;Lachnum;Lachnum_abnorme
EF685045	Root;Basidiomycota;Agaricomycetes;Russulales;Russulaceae;Lactarius;Lactarius_akahatsu
EF685099	Root;Basidiomycota;Agaricomycetes;Russulales;Russulaceae;Lactarius;Lactarius_subpurpureus
FJ416303	Root;Ascomycota;Eurotiomycetes;Onygenales;Arthrodermataceae;Arthroderma;Arthroderma_uncinatum
AF332118	Root;Ascomycota;Lecanoromycetes;Lecideales;Lecideaceae;Lecidea;Lecidea_lapicida_var_pantherina
AY035661	Root;Glomeromycota;Glomeromycetes;Diversisporales;Gigasporaceae;Gigaspora;Gigaspora_margarita
FJ039638	Root;Basidiomycota;Agaricomycetes;Agaricales;Cortinariaceae;Cortinarius;Cortinarius_sodagnitus
EU186402	Root;Ascomycota;Sordariomycetes;Hypocreales;Hypocreaceae;Trichoderma;Trichoderma_atroviride
EU014059	Root;Basidiomycota;Pucciniomycetes;Pucciniales;Pucciniaceae;Puccinia;Puccinia_tanaceti
EU252550	Root;Basidiomycota;Tremellomycetes;Filobasidiales;Filobasidiaceae;Cryptococcus;Cryptococcus_terricola
EF513771	Root;Ascomycota;Eurotiomycetes;Chaetothyriales;Herpotrichiellaceae;Fonsecaea;Fonsecaea_monophora
EU293816	Root;Basidiomycota;Agaricomycetes;Thelephorales;Bankeraceae;Sarcodon;Sarcodon_aff_imbricatus_VPC_2007
EU293832	Root;Basidiomycota;Agaricomycetes;Thelephorales;Bankeraceae;Hydnellum;Hydnellum_concrescens
AF192323	Root;Ascomycota;Sordariomycetes;Xylariales;Diatrypaceae;Diatrype;Diatrype_stigma
EU266695	Root;Basidiomycota;Agaricomycetes;Agaricales;Cortinariaceae;Cortinarius;Cortinarius_glandicolor
AY061730	Root;Basidiomycota;Agaricomycetes;Russulales;Russulaceae;Russula;Russula_cessans
EU266082	Root;Ascomycota;Lecanoromycetes;Lecanorales;Lecanoraceae;Lecidella;Lecidella_elaeochroma
FJ596767	Root;Basidiomycota;Agaricomycetes;Agaricales;Marasmiaceae;Gymnopus;Gymnopus_dryophilus
FJ890026	Root;Basidiomycota;Agaricomycetes;Agaricales;Amanitaceae;Amanita;Amanita_muscaria
EU352771	Root;Chytridiomycota;Chytridiomycetes;Lobulomycetales;Lobulomycetaceae;Lobulomyces;Lobulomyces_poculatus
HQ586862	Root;Basidiomycota;Agaricomycetes;Agaricales;Cortinariaceae;Inocybe;Inocybe_petiginosa
EU833211	Root;Ascomycota;Eurotiomycetes;Eurotiales;Trichocomaceae;Penicillium;Penicillium_brevicompactum
EU365846	Root;Ascomycota;Lecanoromycetes;Teloschistales;Teloschistaceae;Caloplaca;Caloplaca_thracopontica
HE611486	Root;Basidiomycota;Agaricomycetes;Corticiales;Corticiaceae;Waitea;Rhizoctonia_oryzae
EU249469	Root;Ascomycota;Eurotiomycetes;Verrucariales;Verrucariaceae;Thelidium;Thelidium_methorium
AF422983	Root;Ascomycota;Dothideomycetes;Pleosporales;Phaeosphaeriaceae;Phaeosphaeria;Phaeosphaeria_spartinicola
EU402583	Root;Basidiomycota;Agaricomycetes;Polyporales;Hapalopilaceae;Leptoporus;Leptoporus_mollis
EU402586	Root;Basidiomycota;Agaricomycetes;Polyporales;Polyporaceae;Phaeolus;Phaeolus_schweinitzii
AF433147	Root;Ascomycota;Leotiomycetes;Rhytismatales;Cudoniaceae;Cudonia;Cudonia_sichuanensis
AF433149	Root;Ascomycota;Leotiomycetes;Rhytismatales;Cudoniaceae;Cudonia;Cudonia_lutea
EU420068	Root;Basidiomycota;Agaricomycetes;Agaricales;Pleurotaceae;Pleurotus;Pleurotus_ostreatus
EU821481	Root;Ascomycota;Sordariomycetes;Diaporthales;Diaporthaceae;Diaporthe;Diaporthe_phaseolorum
AJ410754	Root;Glomeromycota;Glomeromycetes;Diversisporales;Gigasporaceae;Gigaspora;Gigaspora_gigantea
EU486439	Root;Basidiomycota;Agaricomycetes;Russulales;Russulaceae;Lactarius;Lactarius_pseudomucidus
EU523581	Root;Basidiomycota;Agaricomycetes;Agaricales;Cortinariaceae;Inocybe;Inocybe_hirtella
GQ149770	Root;Ascomycota;Sordariomycetes;Hypocreales;Nectriaceae;Fusarium;Fusarium_chlamydosporum
EU526001	Root;Basidiomycota;Agaricomycetes;Agaricales;Hygrophoraceae;Hygrocybe;Hygrocybe_miniata
EU401714	Root;Basidiomycota;Agaricomycetes;Agaricales;Cortinariaceae;Gymnopilus;Gymnopilus_purpureosquamulosus
EU400136	Root;Ascomycota;Sordariomycetes;Phyllachorales;Phyllachoraceae;Colletotrichum;Colletotrichum_trifolii
AF195603	Root;Basidiomycota;Agaricomycetes;Agaricales;Strophariaceae;Pholiota;Pholiota_aurivella
AF325651	Root;Basidiomycota;Agaricomycetes;Agaricales;Cortinariaceae;Descolea;Descolea_maculata
AF325653	Root;Basidiomycota;Agaricomycetes;Agaricales;Cortinariaceae;Descolea;Descolea_gunnii
FJ710202	Root;Basidiomycota;Agaricomycetes;Boletales;Sclerodermataceae;Pisolithus;Pisolithus_albus
EU598200	Root;Basidiomycota;Agaricomycetes;Russulales;Russulaceae;Lactarius;Lactarius_deceptivus
EU552798	Root;Basidiomycota;Agaricomycetes;Agaricales;Tricholomataceae;Tricholoma;Tricholoma_matsutake
EU639582	Root;Ascomycota;Lecanoromycetes;Lecanorales;Psoraceae;Protoblastenia;Protoblastenia_rupestris
EU563469	Root;Ascomycota;Lecanoromycetes;Teloschistales;Teloschistaceae;Caloplaca;Caloplaca_microthallina
AF458456	Root;Basidiomycota;Agaricomycetes;Agaricales;Tricholomataceae;Tricholoma;Tricholoma_flavovirens
EU326220	Root;Ascomycota;Sordariomycetes;Hypocreales;Clavicipitaceae;Cordyceps;Cordyceps_militaris
AF458445	Root;Basidiomycota;Agaricomycetes;Agaricales;Tricholomataceae;Tricholoma;Tricholoma_mutabile
FJ177464	Root;Ascomycota;Sordariomycetes;Hypocreales;Cordycipitaceae;Isaria;Isaria_fumosorosea
AF394042	Root;Ascomycota;Pezizomycetes;Pezizales;Sarcoscyphaceae;Cookeina;Cookeina_venezuelae
AB070888	Root;Basidiomycota;Agaricomycetes;Polyporales;Polyporaceae;Polyporus;Polyporus_tricholoma
U88220	Root;Basidiomycota;Pucciniomycetes;Pucciniales;Pucciniaceae;Puccinia;Puccinia_thlaspeos
U88223	Root;Basidiomycota;Pucciniomycetes;Pucciniales;Pucciniaceae;Puccinia;Puccinia_monoica
EU435146	Root;Basidiomycota;Agaricomycetes;Agaricales;Hygrophoraceae;Hygrocybe;Hygrocybe_coccinea
AY533559	Root;Ascomycota;Dothideomycetes;Pleosporales;Pleosporaceae;Bipolaris;Bipolaris_spicifera
AJ842332	Root;Ascomycota;Sordariomycetes;Microascales;Microascaceae;Pseudallescheria;Pseudallescheria_boydii
EF094829	Root;Ascomycota;Eurotiomycetes;Eurotiales;Trichocomaceae;Aspergillus;Aspergillus_niger
EU837210	Root;Ascomycota;Pezizomycetes;Pezizales;Sarcosomataceae;Plectania;Plectania_milleri
EU520132	Root;Ascomycota;Dothideomycetes;Botryosphaeriales;Botryosphaeriaceae;Dothiorella;Dothiorella_gregaria
FJ572258	Root;Basidiomycota;Agaricomycetes;Agaricales;Pleurotaceae;Pleurotus;Pleurotus_eryngii
EU520174	Root;Ascomycota;Sordariomycetes;Diaporthales;Valsaceae;Phomopsis;Phomopsis_fukushii
EU520236	Root;Basidiomycota;Agaricomycetes;Agaricales;Marasmiaceae;Flammulina;Flammulina_velutipes
EU697242	Root;Basidiomycota;Agaricomycetes;Gomphales;Gomphaceae;Gomphus;Gomphus_bonarii
AY456376	Root;Basidiomycota;Agaricomycetes;Cantharellales;Clavulinaceae;Clavulina;Clavulina_cinerea
FJ874774	Root;Ascomycota;Leotiomycetes;Erysiphales;Erysiphaceae;Golovinomyces;Golovinomyces_biocellatus
EU623639	Root;Basidiomycota;Agaricomycetes;Agaricales;Marasmiaceae;Gerronema;Gerronema_strombodes
EU623713	Root;Basidiomycota;Agaricomycetes;Agaricales;Marasmiaceae;Megacollybia;Megacollybia_platyphylla
EU553322	Root;Ascomycota;Eurotiomycetes;Eurotiales;Trichocomaceae;Paecilomyces;Paecilomyces_marquandii
EU669202	Root;Basidiomycota;Agaricomycetes;Gomphales;Gomphaceae;Clavariadelphus;Clavariadelphus_occidentalis
EU669214	Root;Ascomycota;Pezizomycetes;Pezizales;Pyronemataceae;Aleuria;Sowerbyella_rhenana
EU669378	Root;Basidiomycota;Agaricomycetes;Gomphales;Gomphaceae;Ramaria;Ramaria_conjunctipes
GU361938	Root;Ascomycota;Sordariomycetes;Hypocreales;Bionectriaceae;Stephanonectria;Stephanonectria_keithii
AF296772	Root;Basidiomycota;Agaricomycetes;Agaricales;Psathyrellaceae;Coprinellus;Coprinellus_disseminatus
FJ717505	Root;Basidiomycota;Agaricomycetes;Agaricales;Cortinariaceae;Cortinarius;Cortinarius_camphoratus
EU819439	Root;Basidiomycota;Agaricomycetes;Boletales;Sclerodermataceae;Scleroderma;Scleroderma_cepa
GQ166887	Root;Basidiomycota;Agaricomycetes;Boletales;Gyroporaceae;Gyroporus;Gyroporus_castaneus
EU819469	Root;Basidiomycota;Agaricomycetes;Agaricales;Bolbitiaceae;Hebeloma;Hebeloma_crustuliniforme
EU819470	Root;Ascomycota;Pezizomycetes;Pezizales;Pyronemataceae;Humaria;Humaria_hemisphaerica
EU856062	Root;Ascomycota;Dothideomycetes;Botryosphaeriales;Botryosphaeriaceae;Neofusicoccum;Neofusicoccum_arbuti
EU918698	Root;Basidiomycota;Agaricomycetes;Russulales;Peniophoraceae;Peniophora;Peniophora_incarnata
EU837217	Root;Basidiomycota;Agaricomycetes;Agaricales;Cortinariaceae;Cortinarius;Cortinarius_boulderensis
EU681363	Root;Ascomycota;Lecanoromycetes;Teloschistales;Teloschistaceae;Teloschistes;Teloschistes_flavicans
EU718112	Root;Basidiomycota;Agaricomycetes;Boletales;Sclerodermataceae;Pisolithus;Pisolithus_aurantioscabrosus
EU702434	Root;Ascomycota;Sordariomycetes;Xylariales;Diatrypaceae;Eutypella;Eutypella_scoparia
FM208871	Root;Basidiomycota;Agaricomycetes;Agaricales;Hygrophoraceae;Hygrocybe;Hygrocybe_persistens_var_persistens
GQ152145	Root;Ascomycota;Leotiomycetes;Helotiales;Helotiaceae;Hymenoscyphus;Articulospora_tetracladia
AF343318	Root;Basidiomycota;Agaricomycetes;Polyporales;Meripilaceae;Antrodia;Antrodia_sinuosa
AF396864	Root;Ascomycota;Pezizomycetes;Pezizales;Pezizaceae;Terfezia;Terfezia_leptoderma
EU715619	Root;Ascomycota;Sordariomycetes;Xylariales;Xylariaceae;Hypoxylon;Hypoxylon_fragiforme
AF444664	Root;Basidiomycota;Tremellomycetes;Tremellales;Tremellaceae;Bulleromyces;Bulleromyces_albus
FJ845430	Root;Basidiomycota;Agaricomycetes;Russulales;Russulaceae;Russula;Russula_densifolia
UDB011278	Root;Basidiomycota;Agaricomycetes;Russulales;Russulaceae;Russula;Russula_emetica
FJ178364	Root;Ascomycota;Sordariomycetes;Ophiostomatales;Ophiostomataceae;Ophiostoma;Ophiostoma_ips
FJ167357	Root;Basidiomycota;Microbotryomycetes;Microbotryales;Microbotryaceae;Sphacelotheca;Sporisorium_reilianum
FM206390	Root;Ascomycota;Pezizomycetes;Pezizales;Pyronemataceae;Geopora;Geopora_cervina
FM206399	Root;Ascomycota;Pezizomycetes;Pezizales;Pyronemataceae;Geopora;Geopora_tenuis
FM206478	Root;Ascomycota;Pezizomycetes;Pezizales;Pyronemataceae;Tarzetta;Tarzetta_catinus
EU784181	Root;Basidiomycota;Agaricomycetes;Thelephorales;Bankeraceae;Bankera;Bankera_fuligineoalba
EU784185	Root;Ascomycota;Pezizomycetes;Pezizales;Tuberaceae;Choiromyces;Choiromyces_meandriformis
EU784256	Root;Ascomycota;Leotiomycetes;Helotiales;Geoglossaceae;Geoglossum;Geoglossum_fallax
EU784261	Root;Basidiomycota;Agaricomycetes;Russulales;Hericiaceae;Creolophus;Creolophus_cirrhatus
EU784355	Root;Basidiomycota;Agaricomycetes;Agaricales;Hygrophoraceae;Hygrocybe;Hygrocybe_vitellina
EU833654	Root;Basidiomycota;Agaricomycetes;Agaricales;Agaricaceae;Disciseda;Disciseda_candida
EU888927	Root;Ascomycota;Eurotiomycetes;Eurotiales;Trichocomaceae;Penicillium;Penicillium_pinophilum
FJ998413	Root;Ascomycota;Sordariomycetes;Hypocreales;Hypocreaceae;Hypocrea;Hypocrea_jecorina
EU486444	Root;Basidiomycota;Agaricomycetes;Agaricales;Tricholomataceae;Tricholoma;Tricholoma_portentosum
AY573539	Root;Basidiomycota;Agaricomycetes;Agaricales;Tricholomataceae;Tricholoma;Tricholoma_ustaloides
FJ441032	Root;Basidiomycota;Agaricomycetes;Agaricales;Amanitaceae;Amanita;Amanita_virgineoides
FM163218	Root;Basidiomycota;Agaricomycetes;Agaricales;Psathyrellaceae;Parasola;Parasola_schroeterii
JN850990	Root;Ascomycota;Sordariomycetes;Hypocreales;Nectriaceae;Gibberella;Gibberella_intermedia
FJ999711	Root;Ascomycota;Dothideomycetes;Capnodiales;Mycosphaerellaceae;Davidiella;Davidiella_tassiana
FJ664871	Root;Ascomycota;Eurotiomycetes;Verrucariales;Verrucariaceae;Verrucaria;Verrucaria_margacea
FJ462761	Root;Basidiomycota;Agaricomycetes;Agaricales;Psathyrellaceae;Coprinellus;Coprinellus_radians
EU935553	Root;Basidiomycota;Agaricomycetes;Agaricales;Marasmiaceae;Marasmius;Marasmius_guyanensis
AF418605	Root;Basidiomycota;Agaricomycetes;Russulales;Russulaceae;Russula;Russula_delica
AY061723	Root;Basidiomycota;Agaricomycetes;Russulales;Russulaceae;Russula;Russula_vesca
FJ501580	Root;Basidiomycota;Tremellomycetes;Tremellales;Tremellaceae;Tremella;Tremella_fuciformis
FJ545249	Root;Ascomycota;Saccharomycetes;Saccharomycetales;Pichiaceae;Dekkera;Dekkera_bruxellensis
FJ627027	Root;Basidiomycota;Agaricomycetes;Agaricales;Hygrophoraceae;Hygrocybe;Hygrocybe_laeta
AM087256	Root;Basidiomycota;Agaricomycetes;Russulales;Russulaceae;Lactarius;Lactarius_camphoratus
JQ711901	Root;Basidiomycota;Agaricomycetes;Atheliales;Atheliaceae;Piloderma;Piloderma_olivaceum
FJ418216	Root;Ascomycota;Sordariomycetes;Hypocreales;Nectriaceae;Gibberella;Fusarium_equiseti
AB378738	Root;Ascomycota;Leotiomycetes;Erysiphales;Erysiphaceae;Erysiphe;Erysiphe_magellanica
AB634268	Root;Basidiomycota;Agaricomycetes;Thelephorales;Thelephoraceae;Tomentella;Tomentella_ellisii
FJ172270	Root;Ascomycota;Sordariomycetes;Xylariales;Xylariaceae;Nemania;Nemania_abortiva
FJ624259	Root;Ascomycota;Sordariomycetes;Diaporthales;Schizoparmaceae;Pilidiella;Pilidiella_eucalyptorum
FJ356152	Root;Ascomycota;Lecanoromycetes;Lecanorales;Ramalinaceae;Ramalina;Ramalina_complanata
FJ467358	Root;Ascomycota;Dothideomycetes;Pleosporales;Pleosporaceae;Curvularia;Curvularia_affinis
FJ467365	Root;Basidiomycota;Agaricomycetes;Polyporales;Meruliaceae;Phlebia;Phlebia_tremellosa
FJ478115	Root;Basidiomycota;Agaricomycetes;Agaricales;Psathyrellaceae;Coprinopsis;Coprinopsis_atramentaria
FM878001	Root;Basidiomycota;Agaricomycetes;Agaricales;Psathyrellaceae;Psathyrella;Psathyrella_candolleana
FJ647181	Root;Ascomycota;Dothideomycetes;Botryosphaeriales;Botryosphaeriaceae;Botryosphaeria;Lasiodiplodia_theobromae
FJ654654	Root;Ascomycota;Leotiomycetes;Helotiales;Dermateaceae;Neofabraea;Neofabraea_alba
FJ184282	Root;Ascomycota;Lecanoromycetes;Lecanorales;Stereocaulaceae;Lepraria;Lepraria_isidiata
FJ627262	Root;Basidiomycota;Agaricomycetes;Polyporales;Polyporaceae;Perenniporia;Perenniporia_medulla_panis
AF335932	Root;Basidiomycota;Tremellomycetes;Filobasidiales;Filobasidiaceae;Cryptococcus;Cryptococcus_diffluens
EU977511	Root;Ascomycota;Orbiliomycetes;Orbiliales;Orbiliaceae;Arthrobotrys;Arthrobotrys_musiformis
EU375546	Root;Basidiomycota;Agaricomycetes;Corticiales;Corticiaceae;Rhizoctonia;Rhizoctonia_bataticola
FM878007	Root;Basidiomycota;Agaricomycetes;Agaricales;Psathyrellaceae;Coprinellus;Coprinellus_truncorum
FJ852597	Root;Ascomycota;Dothideomycetes;Pleosporales;Corynesporascaceae;Corynespora;Corynespora_smithii
FJ845406	Root;Basidiomycota;Agaricomycetes;Cantharellales;Hydnaceae;Hydnum;Hydnum_repandum
FJ897535	Root;Basidiomycota;Pucciniomycetes;Pucciniales;Pucciniaceae;Puccinia;Puccinia_hemerocallidis
FJ861972	Root;Ascomycota;Leotiomycetes;Rhytismatales;Rhytismataceae;Lophodermium;Lophodermium_conigenum
FJ861980	Root;Ascomycota;Leotiomycetes;Rhytismatales;Rhytismataceae;Lophodermium;Lophodermium_illiciicola
AY695065	Root;Ascomycota;Orbiliomycetes;Orbiliales;Orbiliaceae;Dactylellina;Dactylellina_ellipsospora
GQ166873	Root;Basidiomycota;Agaricomycetes;Boletales;Boletaceae;Boletus;Boletus_rubellus
DQ826739	Root;Ascomycota;Eurotiomycetes;Chaetothyriales;Herpotrichiellaceae;Exophiala;Exophiala_pisciphila
EU118645	Root;Basidiomycota;Agaricomycetes;Agaricales;Hygrophoraceae;Lichenomphalia;Lichenomphalia_umbellifera
U66450	Root;Basidiomycota;Agaricomycetes;Agaricales;Tricholomataceae;Omphalina;Omphalina_pyxidata
U66444	Root;Basidiomycota;Agaricomycetes;Agaricales;Hygrophoraceae;Chrysomphalina;Chrysomphalina_grossula
AF492081	Root;Ascomycota;Taphrinomycetes;Taphrinales;Taphrinaceae;Taphrina;Taphrina_caerulescens
U89365	Root;Ascomycota;Sordariomycetes;Hypocreales;Clavicipitaceae;Balansia;Balansia_claviceps
FJ871090	Root;Ascomycota;Lecanoromycetes;Lecanorales;Ramalinaceae;Ramalina;Ramalina_maderensis
U85329	Root;Basidiomycota;Agaricomycetes;Agaricales;Agaricaceae;Lepiota;Lepiota_subincarnata
FJ411092	Root;Basidiomycota;Agaricomycetes;Polyporales;Polyporaceae;Perenniporia;Perenniporia_martius
FJ968757	Root;Basidiomycota;Agaricomycetes;Agaricales;Psathyrellaceae;Psathyrella;Psathyrella_nitens
FJ770408	Root;Basidiomycota;Agaricomycetes;Agaricales;Entolomataceae;Clitopilus;Clitopilus_prunulus
AY348305	Root;Ascomycota;Sordariomycetes;Ophiostomatales;Ophiostomataceae;Leptographium;Leptographium_bistatum
AM882952	Root;Basidiomycota;Agaricomycetes;Agaricales;Cortinariaceae;Inocybe;Inocybe_cookei
FJ431226	Root;Basidiomycota;Agaricomycetes;Agaricales;Marasmiaceae;Marasmius;Marasmius_berambutanus
FJ431232	Root;Basidiomycota;Agaricomycetes;Agaricales;Marasmiaceae;Marasmius;Marasmius_crinis_equi
FJ431269	Root;Basidiomycota;Agaricomycetes;Agaricales;Marasmiaceae;Marasmius;Marasmius_ruforotula
GQ249887	Root;Basidiomycota;Agaricomycetes;Agaricales;Phelloriniaceae;Phellorinia;Phellorinia_herculea
FJ468404	Root;Basidiomycota;Pucciniomycetes;Pucciniales;Pucciniaceae;Uromyces;Uromyces_pisi
FJ468409	Root;Basidiomycota;Pucciniomycetes;Pucciniales;Pucciniaceae;Uromyces;Uromyces_striatus
GQ166871	Root;Basidiomycota;Agaricomycetes;Russulales;Russulaceae;Russula;Russula_subtilis
GQ166889	Root;Basidiomycota;Agaricomycetes;Boletales;Boletaceae;Boletus;Boletus_bicolor
GQ241278	Root;Ascomycota;Dothideomycetes;Pleosporales;Pleosporaceae;Epicoccum;Epicoccum_nigrum
FJ477839	Root;Ascomycota;Dothideomycetes;Pleosporales;Pleosporaceae;Alternaria;Alternaria_japonica
AF491557	Root;Ascomycota;Pezizomycetes;Pezizales;Pezizaceae;Peziza;Peziza_varia
FJ491985	Root;Basidiomycota;Agaricomycetes;Polyporales;Ganodermataceae;Ganoderma;Ganoderma_tropicum
FJ491979	Root;Basidiomycota;Agaricomycetes;Polyporales;Ganodermataceae;Ganoderma;Ganoderma_weberianum
GQ229461	Root;Ascomycota;Saccharomycetes;Saccharomycetales;Trichomonascaceae;Trichomonascus;Trichomonascus_ciferrii
FJ157122	Root;Basidiomycota;Agaricomycetes;Agaricales;Cortinariaceae;Cortinarius;Cortinarius_pholideus
EU715651	Root;Ascomycota;Sordariomycetes;Xylariales;Xylariaceae;Biscogniauxia;Biscogniauxia_atropunctata
GQ267474	Root;Basidiomycota;Agaricomycetes;Agaricales;Cortinariaceae;Inocybe;Inocybe_sindonia
GQ267480	Root;Basidiomycota;Agaricomycetes;Thelephorales;Thelephoraceae;Pseudotomentella;Pseudotomentella_tristis
GQ267485	Root;Basidiomycota;Agaricomycetes;Boletales;Rhizopogonaceae;Rhizopogon;Rhizopogon_rubescens
EF484924	Root;Ascomycota;Sordariomycetes;Hypocreales;Clavicipitaceae;Metarhizium;Metarhizium_lepidiotae
FJ572242	Root;Basidiomycota;Agaricomycetes;Agaricales;Pleurotaceae;Pleurotus;Pleurotus_nebrodensis
AB454313	Root;Ascomycota;Dothideomycetes;Capnodiales;Mycosphaerellaceae;Guignardia;Guignardia_bidwellii
FJ422904	Root;Ascomycota;Dothideomycetes;Botryosphaeriales;Botryosphaeriaceae;Botryosphaeria;Neofusicoccum_australe
GQ253464	Root;Basidiomycota;Agaricomycetes;Hymenochaetales;Hymenochaetaceae;Inocutis;Inocutis_dryophilus
FN423707	Root;Glomeromycota;Glomeromycetes;Diversisporales;Gigasporaceae;Scutellospora;Scutellospora_castanea
AB439546	Root;Basidiomycota;Agaricomycetes;Russulales;Lachnocladiaceae;Asterostroma;Asterostroma_muscicola
GQ844231	Root;Basidiomycota;Agaricomycetes;Agaricales;Physalacriaceae;Mucidula;Mucidula_mucida_var_asiatica
GQ415317	Root;Basidiomycota;Agaricomycetes;Agaricales;Amanitaceae;Amanita;Amanita_flavoconia
GQ426037	Root;Ascomycota;Sordariomycetes;Hypocreales;Hypocreaceae;Trichoderma;Trichoderma_erinaceum
GQ388715	Root;Glomeromycota;Glomeromycetes;Glomerales;Glomeraceae;Glomus;Glomus_mosseae
FJ774079	Root;Basidiomycota;Agaricomycetes;Agaricales;Pluteaceae;Pluteus;Pluteus_leoninus
FJ903297	Root;Basidiomycota;Agaricomycetes;Polyporales;Sistotremataceae;Sistotrema;Sistotrema_brinkmannii
AY533548	Root;Ascomycota;Saccharomycetes;Saccharomycetales;Pichiaceae;Pichia;Pichia_fermentans
AY586560	Root;Ascomycota;Lecanoromycetes;Lecanorales;Parmeliaceae;Flavoparmelia;Flavoparmelia_baltimorensis
GQ981490	Root;Basidiomycota;Agaricomycetes;Boletales;Boletaceae;Afroboletus;Afroboletus_luteolus
GQ981514	Root;Ascomycota;Pezizomycetes;Pezizales;Pyronemataceae;Nothojafnea;Nothojafnea_cryptotricha
GQ981527	Root;Basidiomycota;Agaricomycetes;Agaricales;Amanitaceae;Amanita;Amanita_arenaria
FJ919809	Root;Ascomycota;Lecanoromycetes;Acarosporales;Acarosporaceae;Glypholecia;Glypholecia_scabra
U63476	Root;Basidiomycota;Agaricomycetes;Polyporales;Polyporaceae;Trichaptum;Trichaptum_biforme
GU062261	Root;Ascomycota;Sordariomycetes;Xylariales;Xylariaceae;Daldinia;Daldinia_petriniae
FJ411105	Root;Basidiomycota;Agaricomycetes;Polyporales;Polyporaceae;Pyrofomes;Pyrofomes_demidoffii
GQ852796	Root;Ascomycota;Dothideomycetes;Capnodiales;Teratosphaeriaceae;Teratosphaeria;Teratosphaeria_cryptica
AM882868	Root;Basidiomycota;Agaricomycetes;Agaricales;Cortinariaceae;Inocybe;Inocybe_posterula
AM882913	Root;Basidiomycota;Agaricomycetes;Agaricales;Cortinariaceae;Inocybe;Inocybe_nitidiuscula
AM882923	Root;Basidiomycota;Agaricomycetes;Agaricales;Cortinariaceae;Inocybe;Inocybe_acutella
FJ389922	Root;Ascomycota;Eurotiomycetes;Eurotiales;Trichocomaceae;Talaromyces;Talaromyces_emersonii
FJ860819	Root;Ascomycota;Sordariomycetes;Hypocreales;Hypocreaceae;Hypocrea;Hypocrea_psychrophila
FJ827715	Root;Chytridiomycota;Chytridiomycetes;Spizellomycetales;Spizellomycetaceae;Spizellomyces;Spizellomyces_pseudodichotomus
FJ827732	Root;Chytridiomycota;Chytridiomycetes;Spizellomycetales;Spizellomycetaceae;Kochiomyces;Kochiomyces_dichotomus
FJ748900	Root;Ascomycota;Pezizomycetes;Pezizales;Tuberaceae;Tuber;Tuber_brumale
GQ913372	Root;Basidiomycota;Agaricomycetes;Agaricales;Physalacriaceae;Hymenopellis_rubrobrunnescens;Hymenopellis_rubrobrunnescens
EU034670	Root;Ascomycota;Lecanoromycetes;Lecanorales;Ramalinaceae;Ramalina;Ramalina_pollinaria
AB084618	Root;Basidiomycota;Agaricomycetes;Polyporales;Meruliaceae;Phlebia;Phlebia_livida
GU138726	Root;Ascomycota;Leotiomycetes;Rhytismatales;Rhytismataceae;Coccomyces;Coccomyces_multangularis
GU138732	Root;Ascomycota;Leotiomycetes;Rhytismatales;Rhytismataceae;Coccomyces;Coccomyces_mucronatus
GU138749	Root;Ascomycota;Leotiomycetes;Rhytismatales;Rhytismataceae;Hypoderma;Hypoderma_rubi
AB077658	Root;Ascomycota;Leotiomycetes;Erysiphales;Erysiphaceae;Golovinomyces;Golovinomyces_sordidus
AM930233	Root;Basidiomycota;Agaricomycetes;Russulales;Russulaceae;Lactarius;Lactarius_chrysorrheus
AF352318	Root;Ascomycota;Lecanoromycetes;Teloschistales;Physciaceae;Diplotomma;Diplotomma_venustum
GU136168	Root;Basidiomycota;Agaricomycetes;Agaricales;Agaricaceae;Lepiota;Lepiota_flammeotincta
AY313293	Root;Basidiomycota;Agaricomycetes;Agaricales;Marasmiaceae;Rhodocollybia;Rhodocollybia_butyracea
FM878008	Root;Basidiomycota;Agaricomycetes;Agaricales;Psathyrellaceae;Coprinellus;Coprinellus_xanthothrix
FM993281	Root;Basidiomycota;Agaricomycetes;Agaricales;Cortinariaceae;Cortinarius;Cortinarius_alnetorum
EF026149	Root;Ascomycota;Sordariomycetes;Xylariales;Xylariaceae;Xylaria;Xylaria_venosula
GQ241286	Root;Ascomycota;Eurotiomycetes;Eurotiales;Trichocomaceae;Penicillium;Penicillium_janthinellum
AY188362	Root;Basidiomycota;Tremellomycetes;Filobasidiales;Filobasidiaceae;Cryptococcus;Cryptococcus_oeirensis
AF000970	Root;Ascomycota;Pezizomycetes;Pezizales;Morchellaceae;Morchella;Morchella_angusticeps
FJ845427	Root;Basidiomycota;Agaricomycetes;Russulales;Russulaceae;Russula;Russula_foetens
AY382330	Root;Basidiomycota;Tremellomycetes;Filobasidiales;Filobasidiaceae;Cryptococcus;Cryptococcus_albidus
FN550892	Root;Basidiomycota;Agaricomycetes;Agaricales;Cortinariaceae;Inocybe;Inocybe_praetervisa
EU519461	Root;Ascomycota;Pezizomycetes;Pezizales;Pezizaceae;Terfezia;Terfezia_claveryi
FJ845432	Root;Basidiomycota;Agaricomycetes;Russulales;Russulaceae;Russula;Russula_decolorans
AY862572	Root;Ascomycota;Sordariomycetes;Xylariales;Xylariaceae;Rosellinia;Rosellinia_mirabilis
AF137067	Root;Ascomycota;Sordariomycetes;Hypocreales;Clavicipitaceae;Metarhizium;Metarhizium_album
GQ254687	Root;Ascomycota;Dothideomycetes;Pleosporales;Pleosporaceae;Leptosphaerulina;Leptosphaerulina_chartarum
HM060317	Root;Basidiomycota;Agaricomycetes;Agaricales;Cortinariaceae;Cortinarius;Cortinarius_rotundisporus
GQ344614	Root;Ascomycota;Eurotiomycetes;Verrucariales;Verrucariaceae;Placidiopsis;Placidiopsis_cinerascens
GQ344599	Root;Ascomycota;Eurotiomycetes;Verrucariales;Verrucariaceae;Catapyrenium;Catapyrenium_cinereum
AY345000	Root;Basidiomycota;Ustilaginomycetes;Ustilaginales;Ustilaginaceae;Ustilago;Ustilago_cynodontis
HM016895	Root;Ascomycota;Pezizomycetes;Pezizales;Pyronemataceae;Pyronema;Pyronema_domesticum
GU068592	Root;Basidiomycota;Agaricomycetes;Hymenochaetales;Hymenochaetaceae;Inonotus;Inonotus_hispidus
DQ365633	Root;Basidiomycota;Agaricomycetes;Hysterangiales;Hysterangiaceae;Hysterangium;Hysterangium_crassirhachis
GU067663	Root;Ascomycota;Eurotiomycetes;Chaetothyriales;Herpotrichiellaceae;Racodium;Racodium_rupestre
HM489875	Root;Ascomycota;Dothideomycetes;Pleosporales;Pleosporaceae;Alternaria;Alternaria_helianthi
FJ160269	Root;Ascomycota;Eurotiomycetes;Eurotiales;Trichocomaceae;Penicillium;Penicillium_minioluteum
EU835166	Root;Ascomycota;Sordariomycetes;Xylariales;Diatrypaceae;Eutypa;Eutypa_lata
GQ409533	Root;Basidiomycota;Agaricomycetes;Polyporales;Hyphodermataceae;Hyphoderma;Peniophorella_praetermissa
FM205507	Root;Ascomycota;Pezizomycetes;Pezizales;Tuberaceae;Tuber;Tuber_oligospermum
AF516796	Root;Ascomycota;Pezizomycetes;Pezizales;Tuberaceae;Tuber;Tuber_mesentericum
EF639862	Root;Ascomycota;Sordariomycetes;Microascales;Microascaceae;Scedosporium;Scedosporium_prolificans
AJ419216	Root;Basidiomycota;Agaricomycetes;Boletales;Suillaceae;Suillus;Suillus_bellinii
GU992337	Root;Ascomycota;Lecanoromycetes;Lecanorales;Parmeliaceae;Karoowia;Karoowia_perspersa
AJ555513	Root;Basidiomycota;Agaricomycetes;Boletales;Melanogastraceae;Melanogaster;Melanogaster_ambiguus
GU371297	Root;Basidiomycota;Agaricomycetes;Russulales;Russulaceae;Russula;Russula_livescens
DQ534460	Root;Ascomycota;Lecanoromycetes;Lecanorales;Cladoniaceae;Cladonia;Cladonia_chlorophaea
FN435748	Root;Ascomycota;Sordariomycetes;Xylariales;Xylariaceae;Biscogniauxia;Biscogniauxia_nummularia
FN435815	Root;Ascomycota;Sordariomycetes;Xylariales;Xylariaceae;Annulohypoxylon;Annulohypoxylon_cohaerens
AY313297	Root;Basidiomycota;Agaricomycetes;Agaricales;Marasmiaceae;Rhodocollybia;Rhodocollybia_maculata
HM997129	Root;Ascomycota;Dothideomycetes;Pleosporales;Pleosporaceae;Edenia;Edenia_gomezpompae
AF015250	Root;Ascomycota;Saccharomycetes;Saccharomycetales;Dipodascaceae;Geotrichum;Geotrichum_klebahnii
HQ115653	Root;Basidiomycota;Ustilaginomycetes;Ustilaginales;Ustilaginaceae;Pseudozyma;Pseudozyma_flocculosa
HQ115660	Root;Ascomycota;Eurotiomycetes;Chaetothyriales;Herpotrichiellaceae;Phialophora;Phialophora_mustea
HQ406808	Root;Ascomycota;Sordariomycetes;Sordariales;Lasiosphaeriaceae;Fimetariella;Fimetariella_rabenhorstii
GQ267499	Root;Ascomycota;Pezizomycetes;Pezizales;Pyronemataceae;Wilcoxina;Wilcoxina_mikolae
AY083189	Root;Basidiomycota;Agaricomycetes;Agaricales;Cortinariaceae;Cortinarius;Cortinarius_saturninus
HM191746	Root;Basidiomycota;Agaricomycetes;Agaricales;Marasmiaceae;Clitocybula;Clitocybula_lacerata
AB488487	Root;Ascomycota;Dothideomycetes;Capnodiales;Mycosphaerellaceae;Ramichloridium;Ramichloridium_strelitziae
JQ711898	Root;Basidiomycota;Agaricomycetes;Thelephorales;Thelephoraceae;Tomentellopsis;Tomentellopsis_submollis
AJ272416	Root;Basidiomycota;Agaricomycetes;Boletales;Suillaceae;Suillus;Suillus_luteus
AY213675	Root;Ascomycota;Eurotiomycetes;Eurotiales;Trichocomaceae;Penicillium;Penicillium_ochrochloron
AF439625	Root;Ascomycota;Sordariomycetes;Diaporthales;Valsaceae;Phomopsis;Phomopsis_columnaris
HM562131	Root;Basidiomycota;Agaricomycetes;Agaricales;Pluteaceae;Pluteus;Pluteus_glaucotinctus
AF096215	Root;Ascomycota;Lecanoromycetes;Umbilicariales;Umbilicariaceae;Umbilicaria;Umbilicaria_crustulosa
GQ334386	Root;Ascomycota;Dothideomycetes;Capnodiales;Teratosphaeriaceae;Hortaea;Hortaea_werneckii
HQ234601	Root;Ascomycota;Lecanoromycetes;Teloschistales;Teloschistaceae;Caloplaca;Caloplaca_percrocata
AY139785	Root;Ascomycota;Saccharomycetes;Saccharomycetales;Saccharomycetaceae;Kluyveromyces;Kluyveromyces_marxianus
EU424285	Root;Basidiomycota;Agaricomycetes;Agaricales;Pleurotaceae;Pleurotus;Pleurotus_citrinopileatus
AF034461	Root;Ascomycota;Eurotiomycetes;Eurotiales;Trichocomaceae;Penicillium;Penicillium_spinulosum
GU973533	Root;Ascomycota;Sordariomycetes;Diaporthales;Pseudoplagiostoma_eucalypti;Pseudoplagiostoma_eucalypti;Pseudoplagiostoma_eucalypti
HQ287329	Root;Ascomycota;Lecanoromycetes;Ostropales;Stictidaceae;Schizoxylon;Schizoxylon_albescens
HQ604080	Root;Basidiomycota;Agaricomycetes;Agaricales;Cortinariaceae;Inocybe;Inocybe_fuscodisca
EU525947	Root;Basidiomycota;Agaricomycetes;Agaricales;Cortinariaceae;Inocybe;Inocybe_sororia
HQ604216	Root;Basidiomycota;Agaricomycetes;Agaricales;Cortinariaceae;Inocybe;Inocybe_glabrescens
EU837241	Root;Ascomycota;Pezizomycetes;Pezizales;Tuberaceae;Tuber;Tuber_pacificum
AY513227	Root;Basidiomycota;Agaricomycetes;Russulales;Auriscalpiaceae;Lentinellus;Lentinellus_cochleatus
HQ650728	Root;Basidiomycota;Agaricomycetes;Gomphales;Gomphaceae;Clavariadelphus;Clavariadelphus_truncatus
HQ605927	Root;Ascomycota;Lecanoromycetes;Lecideales;Lecideaceae;Lecidea;Lecidea_fuscoatra
HQ605931	Root;Ascomycota;Lecanoromycetes;Lecideales;Lecideaceae;Lecidea;Lecidea_fuscoatra_var_grisella
HQ605935	Root;Ascomycota;Lecanoromycetes;Lecanorales;Lecanoraceae;Lecidella;Lecidella_stigmatea
AB609598	Root;Ascomycota;Sordariomycetes;Xylariales;Xylariaceae;Rosellinia;Rosellinia_bunodes
U18357	Root;Ascomycota;Eurotiomycetes;Eurotiales;Trichocomaceae;Eurotium;Eurotium_rubrum
JN813394	Root;Ascomycota;Lecanoromycetes;Teloschistales;Teloschistaceae;Caloplaca;Caloplaca_marmorata
HQ888724	Root;Blastocladiomycota;Blastocladiomycetes;Blastocladiales;Blastocladiaceae;Allomyces;Allomyces_arbuscula
AY243589	Root;Basidiomycota;Agaricomycetes;Agaricales;Agaricaceae;Macrolepiota;Macrolepiota_procera
AY243611	Root;Basidiomycota;Agaricomycetes;Agaricales;Agaricaceae;Chlorophyllum;Chlorophyllum_hortense
HM748581	Root;Ascomycota;Eurotiomycetes;Chaetothyriales;Herpotrichiellaceae;Fonsecaea;Fonsecaea_pedrosoi
HM578955	Root;Ascomycota;Lecanoromycetes;Lecanorales;Parmeliaceae;Xanthoparmelia;Xanthoparmelia_mexicana
GU979031	Root;Ascomycota;Pezizomycetes;Pezizales;Tuberaceae;Tuber;Tuber_umbilicatum
HQ833354	Root;Ascomycota;Sordariomycetes;Hypocreales;Hypocreaceae;Trichoderma;Hypocrea_rufa
HQ833361	Root;Ascomycota;Sordariomycetes;Hypocreales;Hypocreaceae;Trichoderma;Trichoderma_koningiopsis
AJ891105	Root;Glomeromycota;Glomeromycetes;Diversisporales;Acaulosporaceae;Acaulospora;Acaulospora_alpina
JF340250	Root;Ascomycota;Sordariomycetes;Hypocreales;Ophiocordycipitaceae;Chaunopycnis;Chaunopycnis_pustulata
FR799312	Root;Ascomycota;Lecanoromycetes;Rhizocarpales;Catillariaceae;Catillaria;Catillaria_nigroclavata
HM577294	Root;Ascomycota;Lecanoromycetes;Lecanorales;Lecanoraceae;Rhizoplaca;Rhizoplaca_melanophthalma
HQ917069	Root;Ascomycota;Lecanoromycetes;Teloschistales;Teloschistaceae;Caloplaca;Caloplaca_trachyphylla
AB080531	Root;Ascomycota;Leotiomycetes;Erysiphales;Erysiphaceae;Phyllactinia;Phyllactinia_juglandis
JF440570	Root;Basidiomycota;Agaricomycetes;Boletales;Coniophoraceae;Coniophora;Coniophora_puteana
FJ627596	Root;Basidiomycota;Agaricomycetes;Russulales;Bondarzewiaceae;Heterobasidion;Heterobasidion_annosum
JF263484	Root;Basidiomycota;Pucciniomycetes;Pucciniales;Uropyxidaceae;Dasyspora;Dasyspora_nitidae
AF516568	Root;Basidiomycota;Agaricomycetes;Polyporales;Polyporaceae;Polyporus;Polyporus_melanopus
AY218420	Root;Basidiomycota;Agaricomycetes;Polyporales;Polyporaceae;Polyporus;Polyporus_tuberaster
JF908691	Root;Basidiomycota;Agaricomycetes;Russulales;Russulaceae;Russula;Russula_atropurpurea
HQ845064	Root;Basidiomycota;Agaricomycetes;Hymenochaetales;Hymenochaetaceae;Inonotus;Inonotus_baumii
DQ383646	Root;Ascomycota;Lecanoromycetes;Lecanorales;Ramalinaceae;Ramalina;Ramalina_sinensis
FN812727	Root;Basidiomycota;Agaricomycetes;Polyporales;Phanerochaetaceae;Phanerochaete;Phanerochaete_sordida
JN198424	Root;Ascomycota;Eurotiomycetes;Eurotiales;Trichocomaceae;Penicillium;Penicillium_daleae
JN194166	Root;Glomeromycota;Glomeromycetes;Diversisporales;Acaulosporaceae;Acaulospora;Acaulospora_laevis
JN194172	Root;Glomeromycota;Glomeromycetes;Diversisporales;Acaulosporaceae;Acaulospora;Acaulospora_paulinae
JN194176	Root;Glomeromycota;Glomeromycetes;Diversisporales;Gigasporaceae;Scutellospora;Scutellospora_calospora
JN194180	Root;Glomeromycota;Glomeromycetes;Diversisporales;Gigasporaceae;Gigaspora;Gigaspora_rosea
AY194519	Root;Basidiomycota;Agaricomycetes;Agaricales;Bolbitiaceae;Bolbitius;Bolbitius_vitellinus
AY194541	Root;Basidiomycota;Agaricomycetes;Agaricales;Bolbitiaceae;Conocybe;Conocybe_rickenii
JN086277	Root;Ascomycota;Lecanoromycetes;Lecanorales;Parmeliaceae;Usnea;Usnea_articulata
JF744951	Root;Ascomycota;Lecanoromycetes;Lecanorales;Mycoblastaceae;Mycoblastus;Mycoblastus_sanguinarius
HM635711	Root;Basidiomycota;Agaricomycetes;Hymenochaetales;Hymenochaetaceae;Phellinus;Phellinus_gabonensis
JN182863	Root;Basidiomycota;Agaricomycetes;Polyporales;Hapalopilaceae;Bjerkandera;Bjerkandera_adusta
DQ131632	Root;Basidiomycota;Agaricomycetes;Boletales;Boletaceae;Boletus;Xerocomus_subtomentosus
AY461833	Root;Basidiomycota;Agaricomycetes;Agaricales;Psathyrellaceae;Coprinopsis;Coprinopsis_cothurnata
AF389157	Root;Basidiomycota;Agaricomycetes;Agaricales;Cortinariaceae;Cortinarius;Cortinarius_duracinus
JF908007	Root;Basidiomycota;Agaricomycetes;Agaricales;Entolomataceae;Entoloma;Entoloma_undatum
EU784199	Root;Basidiomycota;Agaricomycetes;Agaricales;Entolomataceae;Entoloma;Entoloma_ameides
FJ168592	Root;Basidiomycota;Agaricomycetes;Agaricales;Bolbitiaceae;Hebeloma;Hebeloma_velutipes
JF908092	Root;Basidiomycota;Agaricomycetes;Agaricales;Cortinariaceae;Inocybe;Inocybe_dunensis
AF140254	Root;Basidiomycota;Agaricomycetes;Russulales;Russulaceae;Lactarius;Lactarius_subsericatus
JF908329	Root;Basidiomycota;Agaricomycetes;Agaricales;Lyophyllaceae;Lyophyllum;Lyophyllum_ochraceum
HM562135	Root;Basidiomycota;Agaricomycetes;Agaricales;Pluteaceae;Pluteus;Pluteus_cervinus
EU424294	Root;Basidiomycota;Agaricomycetes;Agaricales;Pleurotaceae;Pleurotus;Pleurotus_dryinus
JF908738	Root;Basidiomycota;Agaricomycetes;Agaricales;Tricholomataceae;Tricholoma;Tricholoma_sulphurescens
GQ140236	Root;Ascomycota;Pezizomycetes;Pezizales;Discinaceae;Hydnotrya;Hydnotrya_cerebriformis
FR692351	Root;Glomeromycota;Glomeromycetes;Diversisporales;Acaulosporaceae;Acaulospora;Acaulospora_scrobiculata
JF508429	Root;Ascomycota;Saccharomycetes;Saccharomycetales;Debaryomycetaceae;Meyerozyma;Meyerozyma_guilliermondii
AY303138	Root;Ascomycota;Lecanoromycetes;Teloschistales;Physciaceae;Phaeophyscia;Phaeophyscia_hispidula
GU214624	Root;Ascomycota;Dothideomycetes;Capnodiales;Mycosphaerellaceae;Brunneosphaerella;Brunneosphaerella_protearum
FR750193	Root;Glomeromycota;Glomeromycetes;Glomerales;Glomeraceae;Rhizophagus;Rhizophagus_irregularis
GQ337914	Root;Basidiomycota;Agaricomycetes;Polyporales;Polyporaceae;Neolentinus;Neolentinus_lepideus
U51958	Root;Ascomycota;Orbiliomycetes;Orbiliales;Orbiliaceae;Dactylellina;Dactylellina_lobata
AF038354	Root;Ascomycota;Eurotiomycetes;Onygenales;Ajellomycetaceae;Ajellomyces;Ajellomyces_capsulatus
JN943727	Root;Ascomycota;Lecanoromycetes;Lecanorales;Lecanoraceae;Lecanora;Lecanora_caesiorubella
JN942348	Root;Ascomycota;Dothideomycetes;Jahnulales;Aliquandostipitaceae;Jahnula;Jahnula_aquatica
AF383952	Root;Ascomycota;Dothideomycetes;Pleosporales;Lophiostomataceae;Lophiostoma;Lophiostoma_arundinis
EU255794	Root;Ascomycota;Sordariomycetes;Hypocreales;Nectriaceae;Gibberella;Fusarium_avenaceum
AY010275	Root;Basidiomycota;Agaricomycetes;Thelephorales;Thelephoraceae;Tomentella;Tomentella_subclavigera
JN230417	Root;Basidiomycota;Agaricomycetes;Hymenochaetales;Hymenochaetaceae;Hymenochaete;Hymenochaete_corrugata
AJ006675	Root;Basidiomycota;Agaricomycetes;Polyporales;Steccherinaceae;Antrodiella;Antrodiella_semisupina
JF440575	Root;Basidiomycota;Agaricomycetes;Polyporales;Meruliaceae;Phlebia;Phlebia_radiata
EU563390	Root;Ascomycota;Lecanoromycetes;Teloschistales;Teloschistaceae;Caloplaca;Caloplaca_flavocitrina
JN638261	Root;Ascomycota;Eurotiomycetes;Verrucariales;Verrucariaceae;Hydropunctaria;Hydropunctaria_maura
JN943384	Root;Ascomycota;Sordariomycetes;Microascales;Halosphaeriaceae;Corollospora;Corollospora_fusca
AJ006670	Root;Basidiomycota;Agaricomycetes;Polyporales;Hapalopilaceae;Spongipellis;Spongipellis_delectans
FJ441632	Root;Ascomycota;Sordariomycetes;Diaporthales;Valsaceae;Phomopsis;Phomopsis_phyllanthicola
JQ350873	Root;Basidiomycota;Agaricomycetes;Corticiales;Corticiaceae;Waitea;Waitea_circinata_var_circinata
JN392242	Root;Ascomycota;Pezizomycetes;Pezizales;Tuberaceae;Tuber;Tuber_borchii_var_sphaerospermum
HM622269	Root;Basidiomycota;Agaricomycetes;Agaricales;Tricholomataceae;Melanoleuca;Melanoleuca_melaleuca
FJ223228	Root;Basidiomycota;Agaricomycetes;Agaricales;Agaricaceae;Agaricus;Agaricus_bisporus
EF025415	Root;Ascomycota;Eurotiomycetes;Chaetothyriales;Herpotrichiellaceae;Exophiala;Exophiala_oligosperma
AY219348	Root;Basidiomycota;Agaricomycetes;Polyporales;Phanerochaetaceae;Phanerochaete;Phanerochaete_laevis
AY375447	Root;Ascomycota;Sordariomycetes;Hypocreales;Clavicipitaceae;Metarhizium;Metarhizium_flavoviride
AY425630	Root;Ascomycota;Lecanoromycetes;Lecanorales;Psoraceae;Protoblastenia;Protoblastenia_incrustans
AF059285	Root;Basidiomycota;Agaricomycetes;Agaricales;Agaricaceae;Podaxis;Podaxis_pistillaris
AF059597	Root;Basidiomycota;Agaricomycetes;Agaricales;Strophariaceae;Stropharia;Stropharia_rugosoannulata
AY509802	Root;Ascomycota;Lecanoromycetes;Lecanorales;Lecanoraceae;Rhizoplaca;Rhizoplaca_peltata
AF138833	Root;Ascomycota;Arthoniomycetes;Arthoniales;Arthoniaceae;Sagenidiopsis;Sagenidiopsis_undulata
FN185932	Root;Ascomycota;Lecanoromycetes;Umbilicariales;Umbilicariaceae;Umbilicaria;Umbilicaria_antarctica
AF071340	Root;Ascomycota;Dothideomycetes;Pleosporales;Pleosporaceae;Setosphaeria;Setosphaeria_monoceras
AY587932	Root;Ascomycota;Sordariomycetes;Sordariales;Lasiosphaeriaceae;Lasiosphaeria;Lasiosphaeria_rugulosa
AY558780	Root;Basidiomycota;Agaricomycetes;Russulales;Albatrellaceae;Leucogaster;Leucogaster_rubescens
AY245629	Root;Ascomycota;Sordariomycetes;Hypocreales;Ophiocordycipitaceae;Ophiocordyceps;Ophiocordyceps_dipterigena
AF079577	Root;Basidiomycota;Agaricomycetes;Agaricales;Marasmiaceae;Lentinula;Lentinula_boryana
EU692761	Root;Basidiomycota;Exobasidiomycetes;Exobasidiales;Exobasidiaceae;Exobasidium;Exobasidium_gracile
AB180367	Root;Basidiomycota;Exobasidiomycetes;Exobasidiales;Exobasidiaceae;Exobasidium;Exobasidium_pieridis_ovalifoliae
AY830857	Root;Ascomycota;Pezizomycetes;Pezizales;Pyronemataceae;Genea;Genea_gardneri
AF085489	Root;Basidiomycota;Agaricomycetes;Agaricales;Amanitaceae;Amanita;Amanita_citrina
DQ066706	Root;Ascomycota;Lecanoromycetes;Peltigerales;Nephromataceae;Nephroma;Nephroma_helveticum
AY965748	Root;Ascomycota;Orbiliomycetes;Orbiliales;Orbiliaceae;Dactylellina;Dactylellina_parvicollis
AF193379	Root;Basidiomycota;Agaricomycetes;Agaricales;Typhulaceae;Typhula;Typhula_incarnata
AF210827	Root;Basidiomycota;Agaricomycetes;Russulales;Peniophoraceae;Peniophora;Peniophora_aurantiaca
AH008981	Root;Basidiomycota;Agaricomycetes;Agaricales;Agaricaceae;Battarrea;Battarrea_stevenii
AY773454	Root;Ascomycota;Orbiliomycetes;Orbiliales;Orbiliaceae;Arthrobotrys;Arthrobotrys_vermicola
GU130298	Root;Ascomycota;Orbiliomycetes;Orbiliales;Orbiliaceae;Drechslerella;Drechslerella_dactyloides
FM206477	Root;Ascomycota;Pezizomycetes;Pezizales;Pyronemataceae;Trichophaea;Trichophaea_hybrida
EU819422	Root;Basidiomycota;Agaricomycetes;Russulales;Russulaceae;Russula;Russula_brevipes_var_acrior
AB378677	Root;Ascomycota;Sordariomycetes;Hypocreales;Ophiocordycipitaceae;Ophiocordyceps;Ophiocordyceps_prolifica
DQ191249	Root;Basidiomycota;Ustilaginomycetes;Ustilaginales;Ustilaginaceae;Tranzscheliella;Tranzscheliella_hypodytes
AY245636	Root;Ascomycota;Sordariomycetes;Hypocreales;Clavicipitaceae;Elaphocordyceps;Elaphocordyceps_ophioglossoides
DQ344510	Root;Basidiomycota;Pucciniomycetes;Pucciniales;Pucciniaceae;Puccinia;Puccinia_andropogonis
AF203472	Root;Ascomycota;Leotiomycetes;Rhytismatales;Rhytismataceae;Lirula;Lirula_macrospora
EU597077	Root;Basidiomycota;Agaricomycetes;Gomphales;Gomphaceae;Ramaria;Ramaria_cystidiophora
FJ157018	Root;Basidiomycota;Agaricomycetes;Agaricales;Cortinariaceae;Cortinarius;Cortinarius_caperatus
DQ407251	Root;Basidiomycota;Agaricomycetes;Boletales;Boletaceae;Boletus;Boletus_magnificus
AJ891110	Root;Glomeromycota;Glomeromycetes;Diversisporales;Acaulosporaceae;Acaulospora;Acaulospora_lacunosa
DQ459083	Root;Ascomycota;Dothideomycetes;Capnodiales;Mycosphaerellaceae;Mycosphaerella;Mycosphaerella_areola
AB048632	Root;Glomeromycota;Glomeromycetes;Archaeosporales;Ambisporaceae;Ambispora;Ambispora_leptoticha
AB245120	Root;Ascomycota;Lecanoromycetes;Peltigerales;Lobariaceae;Sticta;Sticta_nylanderiana
AB248964	Root;Ascomycota;Eurotiomycetes;Eurotiales;Trichocomaceae;Emericella;Emericella_aurantiobrunnea
AB291742	Root;Basidiomycota;Agaricomycetes;Russulales;Russulaceae;Russula;Russula_subnigricans
AB302832	Root;Ascomycota;Saccharomycetes;Saccharomycetales;Saccharomycetaceae;Zygosaccharomyces;Zygosaccharomyces_rouxii
AB435066	Root;Ascomycota;Dothideomycetes;Capnodiales;Mycosphaerellaceae;Mycosphaerella;Mycosphaerella_berkeleyi
AB453024	Root;Basidiomycota;Agaricomycetes;Cantharellales;Cantharellaceae;Cantharellus;Cantharellus_cibarius
AB453029	Root;Basidiomycota;Agaricomycetes;Boletales;Sclerodermataceae;Scleroderma;Scleroderma_citrinum
AB481257	Root;Ascomycota;Leotiomycetes;Helotiales;Hyaloscyphaceae;Lachnum;Lachnum_nudipes
AM295494	Root;Glomeromycota;Glomeromycetes;Paraglomerales;Paraglomeraceae;Paraglomus;Paraglomus_laccatum
AF052558	Root;Basidiomycota;Agaricomycetes;Atheliales;Atheliaceae;Tylospora;Tylospora_asterophora
AF065614	Root;Ascomycota;Sordariomycetes;Hypocreales;Clavicipitaceae;Balansia;Balansia_discoidea
AF096204	Root;Ascomycota;Lecanoromycetes;Umbilicariales;Umbilicariaceae;Umbilicaria;Umbilicaria_muehlenbergii
AF096982	Root;Basidiomycota;Agaricomycetes;Russulales;Russulaceae;Lactarius;Lactarius_quietus
AF131080	Root;Ascomycota;Dothideomycetes;Myriangiales;Elsinoaceae;Elsinoe;Elsinoe_leucospermi
AF186015	Root;Microsporidia;Microsporea;Microsporida;Enterocytozoonidae;Nucleospora;Nucleospora_salmonis
EF447409	Root;Ascomycota;Sordariomycetes;Diaporthales;Valsaceae;Valsa;Valsa_ceratosperma
AF229468	Root;Ascomycota;Dothideomycetes;Pleosporales;Pleosporaceae;Alternaria;Alternaria_dauci
AF296789	Root;Basidiomycota;Agaricomycetes;Agaricales;Coprinaceae;Coprinus;Coprinus_comatus
AF325655	Root;Basidiomycota;Agaricomycetes;Agaricales;Cortinariaceae;Descolea;Descolea_phlebophora
AF357025	Root;Basidiomycota;Agaricomycetes;Agaricales;Lyophyllaceae;Tephrocybe;Tephrocybe_rancida
EU851920	Root;Ascomycota;Dothideomycetes;Capnodiales;Mycosphaerellaceae;Pseudocercospora;Pseudocercospora_norchiensis
AF389135	Root;Basidiomycota;Agaricomycetes;Agaricales;Cortinariaceae;Cortinarius;Cortinarius_multiformis
AF418630	Root;Basidiomycota;Agaricomycetes;Russulales;Russulaceae;Russula;Russula_veternosa
AF433152	Root;Ascomycota;Leotiomycetes;Rhytismatales;Cudoniaceae;Spathularia;Spathularia_flavida
AF472626	Root;Basidiomycota;Tremellomycetes;Tremellales;Tremellaceae;Papiliotrema;Papiliotrema_bandonii
AY243616	Root;Basidiomycota;Agaricomycetes;Agaricales;Agaricaceae;Chlorophyllum;Chlorophyllum_agaricoides
AF490395	Root;Basidiomycota;Tremellomycetes;Tremellales;Exidiaceae;Sebacina;Sebacina_incrustans
AF506449	Root;Basidiomycota;Agaricomycetes;Russulales;Bondarzewiaceae;Gloiodon;Gloiodon_strigosus
AJ133431	Root;Ascomycota;Leotiomycetes;Thelebolales;Thelebolaceae;Antarctomyces;Antarctomyces_psychrotrophicus
AJ223015	Root;Ascomycota;Saccharomycetes;Saccharomycetales;Saccharomycetaceae;Kazachstania;Kazachstania_telluris
FJ545227	Root;Ascomycota;Sordariomycetes;Phyllachorales;Phyllachoraceae;Colletotrichum;Colletotrichum_coccodes
AJ419210	Root;Basidiomycota;Agaricomycetes;Boletales;Rhizopogonaceae;Rhizopogon;Rhizopogon_roseolus
AJ874118	Root;Ascomycota;Eurotiomycetes;Eurotiales;Trichocomaceae;Aspergillus;Aspergillus_cervinus
EF471307	Root;Basidiomycota;Agaricomycetes;Agaricales;Agaricaceae;Agaricus;Agaricus_blazei
AB378506	Root;Ascomycota;Sordariomycetes;Hypocreales;Cordycipitaceae;Lecanicillium;Lecanicillium_araneicola
AM882769	Root;Basidiomycota;Agaricomycetes;Agaricales;Cortinariaceae;Inocybe;Inocybe_obsoleta
AM882800	Root;Basidiomycota;Agaricomycetes;Agaricales;Cortinariaceae;Inocybe;Inocybe_ambigua
AM882938	Root;Basidiomycota;Agaricomycetes;Agaricales;Cortinariaceae;Inocybe;Inocybe_calamistrata
FN423699	Root;Glomeromycota;Glomeromycetes;Glomerales;Glomeraceae;Glomus;Glomus_caledonium
AY061698	Root;Basidiomycota;Agaricomycetes;Russulales;Russulaceae;Russula;Russula_odorata
AY089732	Root;Basidiomycota;Agaricomycetes;Gloeophyllales;Gloeophyllaceae;Gloeophyllum;Gloeophyllum_sepiarium
DQ066711	Root;Ascomycota;Lecanoromycetes;Peltigerales;Nephromataceae;Nephroma;Nephroma_tropicum
AY156967	Root;Ascomycota;Eurotiomycetes;Chaetothyriales;Herpotrichiellaceae;Exophiala;Exophiala_spinifera
AY335163	Root;Basidiomycota;Agaricomycetes;Polyporales;Ganodermataceae;Ganoderma;Ganoderma_neojaponicum
AY425646	Root;Ascomycota;Lecanoromycetes;Lecanorales;Psoraceae;Protoblastenia;Protoblastenia_calvella
AY487965	Root;Basidiomycota;Agaricomycetes;Geastrales;Geastraceae;Sphaerobolus;Sphaerobolus_ingoldii
AY513570	Root;Basidiomycota;Agaricomycetes;Gloeophyllales;Gloeophyllaceae;Mycobonia;Mycobonia_flava
AY854065	Root;Basidiomycota;Agaricomycetes;Agaricales;Pluteaceae;Pluteus;Pluteus_romellii
AY916459	Root;Ascomycota;Dothideomycetes;Pleosporales;Tubeufiaceae;Tubeufia;Tubeufia_helicomyces
DQ073396	Root;Microsporidia;Microsporea;Microsporida;Nosematidae;Nosema;Nosema_antheraeae
DQ249198	Root;Ascomycota;Saccharomycetes;Saccharomycetales;Pichiaceae;Pichia;Pichia_jadinii
FJ755216	Root;Basidiomycota;Agaricomycetes;Agaricales;Psathyrellaceae;Parasola;Parasola_conopila
EU008634	Root;Ascomycota;Lecanoromycetes;Lecanorales;Stereocaulaceae;Stereocaulon;Stereocaulon_tomentosum
DQ401564	Root;Ascomycota;Lecanoromycetes;Lecanorales;Hymeneliaceae;Aspicilia;Aspicilia_esculenta
FJ717582	Root;Basidiomycota;Agaricomycetes;Agaricales;Cortinariaceae;Cortinarius;Cortinarius_balaustinus
DQ533974	Root;Basidiomycota;Agaricomycetes;Boletales;Gomphidiaceae;Chroogomphus;Chroogomphus_vinicolor
DQ855274	Root;Ascomycota;Sordariomycetes;Diaporthales;Diaporthaceae;Diaporthe;Phomopsis_vexans
DQ865101	Root;Ascomycota;Dothideomycetes;Pleosporales;Pleosporaceae;Crivellia;Dendryphion_penicillatum
DQ974690	Root;Basidiomycota;Agaricomycetes;Agaricales;Amanitaceae;Amanita;Amanita_novinupta
UDB000396	Root;Basidiomycota;Agaricomycetes;Russulales;Russulaceae;Lactifluus;Lactarius_vellereus
EF093316	Root;Ascomycota;Saccharomycetes;Saccharomycetales;Pichiaceae;Pichia;Pichia_americana
EF093428	Root;Ascomycota;Saccharomycetes;Saccharomycetales;Pichiaceae;Pichia;Pichia_mexicana
EF190279	Root;Ascomycota;Sordariomycetes;Hypocreales;Clavicipitaceae;Aschersonia;Aschersonia_hypocreoidea
EU732726	Root;Ascomycota;Sordariomycetes;Phyllachorales;Phyllachoraceae;Colletotrichum;Colletotrichum_lini
EU035984	Root;Ascomycota;Sordariomycetes;Sordariales;Cephalothecaceae;Phialemonium;Phialemonium_curvatum
FJ039644	Root;Basidiomycota;Agaricomycetes;Agaricales;Cortinariaceae;Cortinarius;Cortinarius_aureofulvus
EU113280	Root;Ascomycota;Lecanoromycetes;Lecanorales;Cladoniaceae;Cladonia;Cladonia_homchantarae
EU186280	Root;Basidiomycota;Agaricomycetes;Agaricales;Tricholomataceae;Tricholoma;Tricholoma_lascivum
EU186410	Root;Ascomycota;Sordariomycetes;Hypocreales;Hypocreaceae;Trichoderma;Trichoderma_citrinoviride
EU784179	Root;Basidiomycota;Agaricomycetes;Boletales;Sclerodermataceae;Astraeus;Astraeus_hygrometricus
FJ441665	Root;Ascomycota;Dothideomycetes;Botryosphaeriales;Botryosphaeriaceae;Botryosphaeria;Botryosphaeria_berengeriana
EU551199	Root;Ascomycota;Eurotiomycetes;Eurotiales;Trichocomaceae;Neosartorya;Neosartorya_fischeri
EU563398	Root;Ascomycota;Lecanoromycetes;Teloschistales;Teloschistaceae;Caloplaca;Caloplaca_nigromarina
EU819497	Root;Basidiomycota;Agaricomycetes;Thelephorales;Thelephoraceae;Tomentella;Tomentella_ferruginea
EU669360	Root;Basidiomycota;Agaricomycetes;Agaricales;Cortinariaceae;Phaeocollybia;Phaeocollybia_radicata
EU669386	Root;Ascomycota;Pezizomycetes;Pezizales;Pyronemataceae;Pseudaleuria;Pseudaleuria_quinaultiana
EU670217	Root;Ascomycota;Lecanoromycetes;Teloschistales;Physciaceae;Dirinaria;Dirinaria_applanata
EU681306	Root;Ascomycota;Lecanoromycetes;Teloschistales;Teloschistaceae;Xanthoria;Xanthoria_streimannii
EU681317	Root;Ascomycota;Lecanoromycetes;Teloschistales;Teloschistaceae;Xanthoria;Xanthoria_inflata
GQ922916	Root;Ascomycota;Sordariomycetes;Hypocreales;Nectriaceae;Gibberella;Fusarium_acuminatum
EU784262	Root;Basidiomycota;Agaricomycetes;Russulales;Hericiaceae;Hericium;Hericium_coralloides
EU784316	Root;Basidiomycota;Agaricomycetes;Agaricales;Hygrophoraceae;Hygrocybe;Hygrocybe_ingrata
EU784333	Root;Basidiomycota;Agaricomycetes;Agaricales;Hygrophoraceae;Hygrocybe;Hygrocybe_nitrata
EU935521	Root;Basidiomycota;Agaricomycetes;Agaricales;Marasmiaceae;Marasmius;Marasmius_bambusiniformis
FJ010207	Root;Basidiomycota;Agaricomycetes;Polyporales;Meruliaceae;Flavodon;Flavodon_flavus
EF493247	Root;Basidiomycota;Agaricomycetes;Boletales;Boletaceae;Boletus;Xerocomus_communis
FJ431241	Root;Basidiomycota;Agaricomycetes;Agaricales;Marasmiaceae;Marasmius;Marasmius_gracilichorda
FJ501575	Root;Basidiomycota;Agaricomycetes;Agaricales;Tricholomataceae;Lepista;Lepista_sordida
FJ596853	Root;Basidiomycota;Agaricomycetes;Agaricales;Agaricaceae;Echinoderma;Lepiota_acutesquamosa
FJ624396	Root;Ascomycota;Sordariomycetes;Hypocreales;Hypocreaceae;Hypomyces;Hypomyces_chrysospermus
FM163215	Root;Basidiomycota;Agaricomycetes;Agaricales;Psathyrellaceae;Parasola;Parasola_plicatilis
FM205886	Root;Ascomycota;Lecanoromycetes;Lecanorales;Cladoniaceae;Cladonia;Cladonia_convoluta
FN185795	Root;Basidiomycota;Agaricomycetes;Thelephorales;Bankeraceae;Phellodon;Phellodon_melaleucus
FN396118	Root;Basidiomycota;Agaricomycetes;Agaricales;Psathyrellaceae;Coprinopsis;Coprinopsis_episcopalis
FN554897	Root;Basidiomycota;Agaricomycetes;Agaricales;Tricholomataceae;Tricholomopsis;Tricholomopsis_flammula
EF652495	Root;Ascomycota;Eurotiomycetes;Eurotiales;Trichocomaceae;Aspergillus;Aspergillus_asperescens
FJ610288	Root;Ascomycota;Sordariomycetes;Hypocreales;Hypocreaceae;Trichoderma;Trichoderma_brevicompactum
GQ411524	Root;Basidiomycota;Agaricomycetes;Hymenochaetales;Schizoporaceae;Hyphodontia;Hyphodontia_nothofagi
GQ925394	Root;Basidiomycota;Agaricomycetes;Agaricales;Amanitaceae;Amanita;Amanita_inculta
GQ981510	Root;Basidiomycota;Agaricomycetes;Hysterangiales;Mesophelliaceae;Mesophellia;Mesophellia_glauca
GU187533	Root;Basidiomycota;Agaricomycetes;Boletales;Coniophoraceae;Pseudomerulius;Pseudomerulius_curtisii
GU234015	Root;Basidiomycota;Agaricomycetes;Agaricales;Tricholomataceae;Clitocybe;Clitocybe_festiva
DQ494702	Root;Basidiomycota;Agaricomycetes;Agaricales;Mycenaceae;Xeromphalina;Xeromphalina_campanella
GU384881	Root;Ascomycota;Lecanoromycetes;Lecanorales;Parmeliaceae;Punctelia;Punctelia_caseana
GU474783	Root;Ascomycota;Pezizomycetes;Pezizales;Pezizaceae;Terfezia;Terfezia_boudieri
FJ774081	Root;Basidiomycota;Agaricomycetes;Agaricales;Pluteaceae;Pluteus;Pluteus_nanus
HM595594	Root;Ascomycota;Leotiomycetes;Helotiales;Dermateaceae;Cryptosporiopsis;Cryptosporiopsis_actinidiae
HQ222869	Root;Ascomycota;Leotiomycetes;Helotiales;Geoglossaceae;Geoglossum;Geoglossum_glutinosum
HQ711929	Root;Ascomycota;Orbiliomycetes;Orbiliales;Orbiliaceae;Drechslerella;Drechslerella_brochopaga
JF491203	Root;Ascomycota;Dothideomycetes;Pleosporales;Pleosporaceae;Alternaria;Alternaria_solani
EU853843	Root;Ascomycota;Sordariomycetes;Hypocreales;Nectriaceae;Fusarium;Fusarium_venenatum
JF907996	Root;Basidiomycota;Agaricomycetes;Agaricales;Entolomataceae;Entoloma;Entoloma_excentricum
JF908065	Root;Basidiomycota;Agaricomycetes;Agaricales;Hygrophoraceae;Hygrophorus;Hygrophorus_russula
JN032128	Root;Ascomycota;Pezizomycetes;Pezizales;Pezizaceae;Eremiomyces;Eremiomyces_magnisporus
JN942174	Root;Ascomycota;Sordariomycetes;Sordariales;Lasiosphaeriaceae;Lasiosphaeris;Lasiosphaeris_hispida
JN942774	Root;Ascomycota;Pezizomycetes;Pezizales;Pyronemataceae;Flavoscypha;Otidea_concinna
U82455	Root;Ascomycota;Saccharomycetes;Saccharomycetales;Lipomycetaceae;Lipomyces;Lipomyces_spencermartinsiae
M96663	Root;Ascomycota;Dothideomycetes;Pleosporales;Leptosphaeriaceae;Leptosphaeria;Leptosphaeria_maculans
UDB000583	Root;Basidiomycota;Agaricomycetes;Agaricales;Hygrophoraceae;Hygrophorus;Hygrophorus_erubescens
UDB000927	Root;Basidiomycota;Agaricomycetes;Agaricales;Entolomataceae;Entoloma;Entoloma
DQ534573	Root;Basidiomycota;Agaricomycetes;Boletales;Hygrophoropsidaceae;Tapinella;Tapinella_atrotomentosa
FJ596909	Root;Basidiomycota;Agaricomycetes;Agaricales;Tricholomataceae;Tricholoma;Tricholoma_columbetta
JF908704	Root;Basidiomycota;Agaricomycetes;Russulales;Russulaceae;Russula;Russula_torulosa
UDB011166	Root;Basidiomycota;Agaricomycetes;Russulales;Russulaceae;Russula;Russula_luteotacta
UDB011213	Root;Basidiomycota;Agaricomycetes;Russulales;Russulaceae;Russula;Russula_aquosa
Z48348	Root;Ascomycota;Saccharomycetes;Saccharomycetales;Saccharomycetaceae;Zygosaccharomyces;Zygotorulaspora_florentina