dataset	level	iteration	method	parameters	seq_id               	observed_taxonomy	expected_taxonomy	result	mismatch_level
F1-REF	4	0	rdp	0.1	AY997095	Root;Ascomycota;Sordariomycetes;Xylariales	Root;Chytridiomycota;Chytridiomycetes;Chytridiales;Synchytriaceae	misclassification	1
F1-REF	4	0	rdp	0.1	HQ455532	Root;Ascomycota;Lecanoromycetes;Umbilicariales;Umbilicariaceae;Umbilicaria;Umbilicaria_aprina	Root;Ascomycota;Lecanoromycetes;Umbilicariales;Ophioparmaceae	overclassification	4
F1-REF	4	0	rdp	0.1	JN009708	Root;Ascomycota;Lecanoromycetes;Lecanorales;Ramalinaceae;Tephromela;Tephromela_armeniaca	Root;Ascomycota;Lecanoromycetes;Lecanorales;Tephromelataceae	overclassification	4
F1-REF	4	0	rdp	0.1	EU846311	Root;Ascomycota;Eurotiomycetes;Eurotiales;Trichocomaceae;Aspergillus	Root;Ascomycota;Eurotiomycetes;Eurotiales;Elaphomycetaceae	overclassification	4
F1-REF	4	0	rdp	0.1	AF166504	Root;Basidiomycota;Agaricomycetes;Boletales;Rhizopogonaceae;Rhizopogon;Rhizopogon_anomalus	Root;Basidiomycota;Agaricomycetes;Boletales;Suillaceae	overclassification	4
F1-REF	4	0	rdp	0.1	JN053509	Root;Basidiomycota;Tremellomycetes;Filobasidiales;Filobasidiaceae;Cryptococcus;Cryptococcus_cylindricus	Root;Basidiomycota;Tremellomycetes;Tremellales;Syzygosporaceae	misclassification	3
F1-REF	4	0	rdp	0.1	JF951136	Root;Ascomycota;Dothideomycetes;Pleosporales;Didymosphaeriaceae;Didymosphaeria;Didymosphaeria_futilis	Root;Ascomycota;Dothideomycetes;Pleosporales;Funbolia_dimorpha	overclassification	4
F1-REF	4	0	rdp	0.1	AF384860	Root;Basidiomycota;Tremellomycetes;Tremellales;Exidiaceae;Tremellodendron;Tremellodendron_pallidum	Root;Basidiomycota;Agaricomycetes;Sebacinales;Sebacinaceae	misclassification	2
F1-REF	4	0	rdp	0.1	DQ497616	Root;Ascomycota;Taphrinomycetes;Taphrinales;Protomycetaceae;Protomyces;Protomyces_inouyei	Root;Ascomycota;Taphrinomycetes;Taphrinales;Taphrinaceae	overclassification	4
F1-REF	4	0	rdp	0.1	AB041243	Root;Ascomycota;Leotiomycetes;Leotiales;Bulgariaceae;Bulgaria;Bulgaria_inquinans	Root;Ascomycota;Leotiomycetes;Helotiales;Phacidiaceae	misclassification	3
F1-REF	4	0	rdp	0.1	AF138833	Root;Basidiomycota	Root;Ascomycota;Arthoniomycetes;Arthoniales;Arthoniaceae	misclassification	1
F1-REF	4	0	rdp	0.1	DQ482007	Root;Basidiomycota;Agaricomycetes;Agaricales;Cortinariaceae	Root;Basidiomycota;Agaricomycetes;Thelephorales;Thelephoraceae	misclassification	3
F1-REF	4	0	rdp	0.1	EU552127	Root;Ascomycota;Sordariomycetes;Sordariales;Chaetomiaceae;Thielavia	Root;Ascomycota;Sordariomycetes;Calosphaeriales;Calosphaeriaceae	misclassification	3
F1-REF	4	0	rdp	0.1	DQ911605	Root;Basidiomycota;Agaricomycetes;Polyporales;Ganodermataceae;Ganoderma;Ganoderma_tsugae	Root;Basidiomycota;Agaricomycetes;Russulales;Albatrellaceae	misclassification	3
F1-REF	4	0	rdp	0.1	EU551189	Root;Ascomycota;Sordariomycetes;Sordariales;Chaetomiaceae;Chaetomium;Chaetomium_jodhpurense	Root;Ascomycota;Sordariomycetes;Sordariales;Sordariaceae	overclassification	4
F1-REF	4	0	rdp	0.1	FJ426395	Root;Basidiomycota;Agaricomycetes;Auriculariales;Auriculariaceae;Auricularia;Auricularia_polytricha	Root;Basidiomycota;Agaricomycetes;Agaricales;Schizophyllaceae	misclassification	3
F1-REF	4	0	rdp	0.1	EU118639	Root;Basidiomycota;Agaricomycetes;Agaricales;Tricholomataceae;Omphalina;Omphalina_foliacea	Root;Basidiomycota;Agaricomycetes;Corticiales;Corticiaceae	misclassification	3
F1-REF	4	0	rdp	0.1	FJ603607	Root;Basidiomycota;Agaricomycetes;Agaricales	Root;Ascomycota;Sordariomycetes;Xylariales;Hyponectriaceae	misclassification	1
F1-REF	4	0	rdp	0.1	AJ390377	Root;Ascomycota;Eurotiomycetes;Onygenales;Ajellomycetaceae;Spiromastix;Spiromastix_tentaculatum	Root;Ascomycota;Eurotiomycetes;Onygenales;Gymnoascaceae	overclassification	4
F1-REF	4	0	rdp	0.1	EF530937	Root;Basidiomycota;Agaricomycetes;Agaricales;Cortinariaceae;Flammulaster;Flammulaster_muricatus	Root;Basidiomycota;Agaricomycetes;Agaricales;Entolomataceae	overclassification	4
F1-REF	4	0	rdp	0.1	EU041821	Root;Ascomycota;Dothideomycetes;Capnodiales;Teratosphaeriaceae;Teratosphaeria;Teratosphaeria_parkiiaffinis	Root;Ascomycota;Dothideomycetes;Capnodiales;Mycosphaerellaceae	overclassification	4
F1-REF	4	0	rdp	0.1	AF042422	Root;Basidiomycota;Tremellomycetes;Tremellales;Trichosporonaceae;Trichosporon	Root;Basidiomycota;Tremellomycetes;Tremellales;Sirobasidiaceae	overclassification	4
F1-REF	4	0	rdp	0.1	JN712486	Root;Ascomycota;Eurotiomycetes	Root;Ascomycota;Dothideomycetes;Pleosporales;Gordonomyces_mucovaginatus	misclassification	2
F1-REF	4	0	rdp	0.1	EF619542	Root;Ascomycota;Lecanoromycetes;Teloschistales;Teloschistaceae;Caloplaca	Root;Ascomycota;Lecanoromycetes;Lecanorales;Stereocaulaceae	misclassification	3
F1-REF	4	0	rdp	0.1	AF394529	Root;Ascomycota	Root;Microsporidia;Microsporea;Microsporida;Ordosporidae	misclassification	1
F1-REF	4	0	rdp	0.1	EU918698	Root;Basidiomycota;Agaricomycetes;Atheliales;Atheliaceae;Athelia;Athelia_decipiens	Root;Basidiomycota;Agaricomycetes;Russulales;Peniophoraceae	misclassification	3
F1-REF	4	0	rdp	0.1	DQ789093	Root;Ascomycota;Lecanoromycetes;Teloschistales	Root;Ascomycota;Lecanoromycetes;Teloschistales;Caliciaceae	match	4
F1-REF	4	0	rdp	0.1	DQ873647	Root;Basidiomycota;Agaricomycetes;Agaricales;Hygrophoraceae;Hygrophorus	Root;Basidiomycota;Agaricomycetes;Polyporales;Sistotremataceae	misclassification	3
F1-REF	4	0	rdp	0.1	HM244759	Root;Ascomycota;Dothideomycetes;Botryosphaeriales;Botryosphaeriaceae	Root;Ascomycota;Lecanoromycetes;Ostropales;Gyalectaceae	misclassification	2
F1-REF	4	0	rdp	0.1	HE586719	Root;Basidiomycota;Agaricomycetes;Cantharellales	Root;Ascomycota;Sordariomycetes;Microascales;Chadefaudiellaceae	misclassification	1
F1-REF	4	0	rdp	0.1	U82454	Root;Ascomycota;Dothideomycetes;Pleosporales;Tubeufiaceae	Root;Ascomycota;Saccharomycetes;Saccharomycetales;Lipomycetaceae	misclassification	2
F1-REF	4	0	rdp	0.1	EU520144	Root;Basidiomycota;Agaricomycetes;Agaricales;Psathyrellaceae;Psathyrella;Psathyrella_candolleana	Root;Basidiomycota;Agaricomycetes;Agaricales;Coprinaceae	overclassification	4
F1-REF	4	0	rdp	0.1	AJ421007	Root;Basidiomycota;Agaricomycetes;Agaricales;Tricholomataceae	Root;Basidiomycota;Agaricomycetes;Polyporales;Polyporaceae	misclassification	3
F1-REF	4	0	rdp	0.1	AF228650	Root;Basidiomycota;Agaricomycetes;Boletales;Calostomataceae;Calostoma;Calostoma_berkeleyi	Root;Basidiomycota;Agaricomycetes;Boletales;Sclerodermataceae	overclassification	4
F1-REF	4	0	rdp	0.1	EU118622	Root;Basidiomycota;Agaricomycetes;Agaricales;Tricholomataceae;Porpoloma;Porpoloma_spinulosum	Root;Basidiomycota;Agaricomycetes;Polyporales;Cystostereaceae	misclassification	3
F1-REF	4	0	rdp	0.1	GU222329	Root;Basidiomycota;Agaricomycetes;Boletales;Coniophoraceae;Leucogyrophana	Root;Basidiomycota;Agaricomycetes;Boletales;Serpulaceae	overclassification	4
F1-REF	4	0	rdp	0.1	GU187509	Root;Basidiomycota;Agaricomycetes;Agaricales;Psathyrellaceae;Psathyrella	Root;Basidiomycota;Agaricomycetes;Agaricales;Pterulaceae	overclassification	4
F1-REF	4	0	rdp	0.1	DQ066710	Root;Ascomycota;Lecanoromycetes;Teloschistales;Teloschistaceae;Teloschistes;Teloschistes_chrysophthalmus	Root;Ascomycota;Lecanoromycetes;Peltigerales;Nephromataceae	misclassification	3
F1-REF	4	0	rdp	0.1	AF394020	Root;Ascomycota;Dothideomycetes;Botryosphaeriales;Botryosphaeriaceae	Root;Ascomycota;Pezizomycetes;Pezizales;Sarcoscyphaceae	misclassification	2
F1-REF	4	0	rdp	0.1	EU266107	Root;Ascomycota;Eurotiomycetes;Eurotiales;Trichocomaceae;Penicillium;Penicillium_adametzioides	Root;Ascomycota;Lecanoromycetes;Peltigerales;Pannariaceae	misclassification	2
F1-REF	4	0	rdp	0.1	AM087246	Root;Basidiomycota;Agaricomycetes;Cantharellales	Root;Basidiomycota;Agaricomycetes;Cantharellales;Hydnaceae	match	4
F1-REF	4	0	rdp	0.1	JN882326	Root	Root;Chytridiomycota;Monoblepharidomycetes;Monoblepharidales;Gonapodyaceae	underclassification	1
F1-REF	4	0	rdp	0.1	EF192226	Root;Ascomycota;Saccharomycetes;Saccharomycetales;Pichiaceae;Pichia;Pichia_castillae	Root;Ascomycota;Saccharomycetes;Saccharomycetales;Saccharomycetaceae	overclassification	4
F1-REF	4	0	rdp	0.1	FJ786401	Root;Ascomycota;Dothideomycetes;Botryosphaeriales;Botryosphaeriaceae;Botryosphaeria;Botryosphaeria_viticola	Root;Ascomycota;Dothideomycetes;Pleosporales;Dothidotthiaceae	misclassification	3
F1-REF	4	0	rdp	0.1	AF444634	Root;Basidiomycota;Microbotryomycetes;Leucosporidiales;Leucosporidiaceae	Root;Basidiomycota;Agaricostilbomycetes;Agaricostilbales;Agaricostilbaceae	misclassification	2
F1-REF	4	0	rdp	0.1	AB439544	Root;Ascomycota	Root;Basidiomycota;Agaricomycetes;Russulales;Lachnocladiaceae	misclassification	1
F1-REF	4	0	rdp	0.1	EU427035	Root;Ascomycota;Sordariomycetes;Xylariales;Amphisphaeriaceae	Root;Basidiomycota;Agaricomycetes;Polyporales;Fomitopsidaceae	misclassification	1
F1-REF	4	0	rdp	0.1	GQ166887	Root;Basidiomycota	Root;Basidiomycota;Agaricomycetes;Boletales;Gyroporaceae	underclassification	2
F1-REF	4	0	rdp	0.1	DQ534567	Root;Basidiomycota;Agaricomycetes;Boletales;Boletinellaceae;Phlebopus;Phlebopus_marginatus	Root;Basidiomycota;Agaricomycetes;Boletales;Boletaceae	overclassification	4
F1-REF	4	0	rdp	0.1	DQ974799	Root;Basidiomycota;Pucciniomycetes;Pucciniales;Pucciniaceae;Puccinia	Root;Ascomycota;Pezizomycetes;Pezizales;Tuberaceae	misclassification	1
F1-REF	4	0	rdp	0.1	EF441995	Root;Ascomycota;Lecanoromycetes;Lecideales;Porpidiaceae;Mycobilimbia;Mycobilimbia_tetramera	Root;Ascomycota;Pezizomycetes;Pezizales;Rhizinaceae	misclassification	2
F1-REF	4	0	rdp	0.1	FJ903327	Root;Basidiomycota;Agaricomycetes;Hymenochaetales;Schizoporaceae;Oxyporus;Oxyporus_subpopulinus	Root;Basidiomycota;Agaricomycetes;Polyporales;Meripilaceae	misclassification	3
F1-REF	4	0	rdp	0.1	GQ981520	Root;Basidiomycota;Agaricomycetes;Phallales;Phallaceae;Clathrus;Clathrus_ruber	Root;Basidiomycota;Agaricomycetes;Hysterangiales;Phallogastraceae	misclassification	3
F1-REF	4	0	rdp	0.1	FJ903322	Root;Basidiomycota;Agaricomycetes;Russulales;Auriscalpiaceae;Auriscalpium;Auriscalpium_villipes	Root;Basidiomycota;Agaricomycetes;Russulales;Stereaceae	overclassification	4
F1-REF	4	0	rdp	0.1	AF383953	Root;Ascomycota;Dothideomycetes;Pleosporales	Root;Ascomycota;Dothideomycetes;Pleosporales;Lophiostomataceae	match	4
F1-REF	4	0	rdp	0.1	EF452729	Root;Ascomycota;Leotiomycetes;Rhytismatales;Rhytismataceae;Lophodermium;Lophodermium_pini_excelsae	Root;Ascomycota;Dothideomycetes;Pleosporales;Phaeosphaeriaceae	misclassification	2
F1-REF	4	0	rdp	0.1	U51435	Root;Ascomycota;Saccharomycetes;Saccharomycetales;Pichiaceae;Pichia;Pichia_hampshirensis	Root;Ascomycota;Saccharomycetes;Saccharomycetales;Eremotheciaceae	overclassification	4
F1-REF	4	0	rdp	0.1	AJ972459	Root;Ascomycota	Root;Glomeromycota;Glomeromycetes;Glomerales;Glomeraceae	misclassification	1
F1-REF	4	0	rdp	0.1	HE586734	Root;Basidiomycota;Agaricomycetes;Agaricales;Cortinariaceae	Root;Basidiomycota;Agaricomycetes;Polyporales;Podoscyphaceae	misclassification	3
F1-REF	4	0	rdp	0.1	AF310101	Root;Basidiomycota;Agaricomycetes;Polyporales;Hyphodermataceae;Hyphoderma;Hyphoderma_litschaueri	Root;Basidiomycota;Agaricomycetes;Russulales;Gloeocystidiellaceae	misclassification	3
F1-REF	4	0	rdp	0.1	EU982643	Root;Ascomycota;Eurotiomycetes;Verrucariales;Verrucariaceae;Hydropunctaria;Hydropunctaria_amphibia	Root;Ascomycota;Lecanoromycetes;Peltigerales;Collemataceae	misclassification	2
F1-REF	4	0	rdp	0.1	EU673370	Root;Ascomycota;Sordariomycetes;Hypocreales;Ophiocordycipitaceae;Ophiocordyceps;Ophiocordyceps_myrmecophila	Root;Ascomycota;Sordariomycetes;Hypocreales;Clavicipitaceae	overclassification	4
F1-REF	4	0	rdp	0.1	FJ501570	Root;Ascomycota;Sordariomycetes;Hypocreales;Cordycipitaceae;Phytocordyceps;Phytocordyceps_ninchukispora	Root;Basidiomycota;Agaricomycetes;Agaricales;Lepista_sordida/Armillaria_mellea_fusant	misclassification	1
F1-REF	4	0	rdp	0.1	U33070	Root;Basidiomycota;Agaricomycetes;Agaricales;Tricholomataceae;Tricholomataceae_aff_Rhodocollybia_TENN59896;Tricholomataceae_aff_Rhodocollybia_TENN59896	Root;Basidiomycota;Agaricomycetes;Agaricales;Marasmiaceae	overclassification	4
F1-REF	4	0	rdp	0.1	AB221419	Root;Basidiomycota;Pucciniomycetes;Pucciniales;Coleosporiaceae;Chrysomyxa;Chrysomyxa_rhododendri	Root;Basidiomycota;Pucciniomycetes;Pucciniales;Pucciniastraceae	overclassification	4
F1-REF	4	0	rdp	0.1	DQ322080	Root;Basidiomycota;Agaricomycetes	Root;Ascomycota;Sordariomycetes;Xylariales;Xylariaceae	misclassification	1
F1-REF	4	0	rdp	0.1	DQ826741	Root;Ascomycota;Eurotiomycetes;Verrucariales;Verrucariaceae	Root;Ascomycota;Eurotiomycetes;Pyrenulales;Pyrenulaceae	misclassification	3
F1-REF	4	0	rdp	0.1	AF126877	Root;Basidiomycota;Agaricomycetes;Polyporales;Hapalopilaceae;Spongipellis;Spongipellis_pachyodon	Root;Basidiomycota;Agaricomycetes;Polyporales;Steccherinaceae	overclassification	4
F1-REF	4	0	rdp	0.1	FJ357310	Root;Ascomycota;Sordariomycetes;Phyllachorales;Phyllachoraceae;Phyllachora;Marssonina_mali	Root;Ascomycota;Dothideomycetes;Pleosporales;Pleosporaceae	misclassification	2
F1-REF	4	0	rdp	0.1	AB015696	Root;Basidiomycota;Agaricomycetes;Agaricales;Agaricaceae	Root;Basidiomycota;Agaricomycetes;Agaricales;Amanitaceae	overclassification	4
F1-REF	4	0	rdp	0.1	DQ534479	Root;Ascomycota;Lecanoromycetes;Agyriales;Trapeliaceae;Orceolina;Orceolina_kerguelensis	Root;Ascomycota;Lecanoromycetes;Agyriales;Agyriaceae	overclassification	4
F1-REF	4	0	rdp	0.1	EF197068	Root;Ascomycota;Sordariomycetes;Sordariales;Chaetomiaceae	Root;Ascomycota;Sordariomycetes;Sordariales;Lasiosphaeriaceae	overclassification	4
F1-REF	4	0	rdp	0.1	GQ458022	Root;Basidiomycota;Pucciniomycetes;Pucciniales;Pucciniaceae;Puccinia	Root;Ascomycota;Saccharomycetes;Saccharomycetales;Dipodascaceae	misclassification	1
F1-REF	4	0	rdp	0.1	EU233809	Root;Basidiomycota;Exobasidiomycetes;Entylomatales;Tilletiopsis_washingtonensis;Tilletiopsis_washingtonensis;Tilletiopsis_washingtonensis	Root;Basidiomycota;Exobasidiomycetes;Entylomatales;Entylomataceae	overclassification	4
F1-REF	4	0	rdp	0.1	AF332122	Root;Ascomycota;Lecanoromycetes;Lecanorales;Hymeneliaceae;Aspicilia;Aspicilia_aschabadensis	Root;Ascomycota;Lecanoromycetes;Pertusariales;Megasporaceae	misclassification	3
F1-REF	4	0	rdp	0.1	DQ875355	Root;Basidiomycota;Ustilaginomycetes;Urocystidales;Floromycetaceae;Antherospora;Antherospora_vaillantii	Root;Basidiomycota;Ustilaginomycetes;Urocystidales;Urocystidaceae	overclassification	4
F1-REF	4	0	rdp	0.1	AF260814	Root;Ascomycota;Leotiomycetes;Helotiales;Rutstroemiaceae	Root;Ascomycota;Leotiomycetes;Helotiales;Hemiphacidiaceae	overclassification	4
F1-REF	4	0	rdp	0.1	HQ650640	Root;Ascomycota;Eurotiomycetes;Chaetothyriales;Herpotrichiellaceae;Phaeomoniella	Root;Ascomycota;Lecanoromycetes;Lecanorales;Loxosporaceae	misclassification	2
F1-REF	4	0	rdp	0.1	AF322654	Root;Basidiomycota;Agaricomycetes;Agaricales	Root;Microsporidia;Microsporea;Microsporida;Glugeidae	misclassification	1
F1-REF	4	0	rdp	0.1	DQ534463	Root;Ascomycota;Lecanoromycetes;Lecanorales;Parmeliaceae	Root;Ascomycota;Lecanoromycetes;Lecanorales;Cladoniaceae	overclassification	4
F1-REF	4	0	rdp	0.1	AM292667	Root;Ascomycota;Lecanoromycetes;Lecanorales;Ramalinaceae;Biatora;Biatora_subduplex	Root;Ascomycota;Lecanoromycetes;Lecideales;Lecideaceae	misclassification	3
F1-REF	4	0	rdp	0.1	AY781267	Root;Basidiomycota;Agaricomycetes	Root;Basidiomycota;Agaricomycetes;Polyporales;Xenasmataceae	underclassification	3
F1-REF	4	0	rdp	0.1	EU557359	Root;Ascomycota;Dothideomycetes;Meliolales;Meliolaceae;Endomeliola;Endomeliola_dingleyae	Root;Ascomycota;Sordariomycetes;Microascales;Halosphaeriaceae	misclassification	2
F1-REF	4	0	rdp	0.1	EF212837	Root;Ascomycota;Sordariomycetes;Diaporthales;Sydowiellaceae;Chapeckia;Chapeckia_nigrospora	Root;Ascomycota;Sordariomycetes;Diaporthales;Gnomoniaceae	overclassification	4
F1-REF	4	0	rdp	0.1	AF483616	Root;Ascomycota;Lecanoromycetes;Lecanorales;Ramalinaceae;Toninia;Toninia_talparum	Root;Ascomycota;Lecanoromycetes;Rhizocarpales;Rhizocarpaceae	misclassification	3
F1-REF	4	0	rdp	0.1	EF029224	Root;Ascomycota;Sordariomycetes;Chaetosphaeriales;Chaetosphaeriaceae;Chloridium;Chloridium_paucisporum	Root;Ascomycota;Leotiomycetes;Helotiales;Hyaloscyphaceae	misclassification	2
F1-REF	4	0	rdp	0.1	AF009808	Root;Ascomycota;Sordariomycetes;Hypocreales;Nectriaceae;Fusarium	Root;Ascomycota;Sordariomycetes;Xylariales;Clypeosphaeriaceae	misclassification	3
F1-REF	4	0	rdp	0.1	EF088656	Root;Basidiomycota;Agaricomycetes;Agaricales	Root;Basidiomycota;Agaricomycetes;Hymenochaetales;Hymenochaetaceae	misclassification	3
F1-REF	4	0	rdp	0.1	AF009807	Root;Ascomycota;Sordariomycetes;Xylariales;Amphisphaeriaceae;Phlogicylindrium;Phlogicylindrium_eucalyptorum	Root;Ascomycota;Sordariomycetes;Xylariales;Cainiaceae	overclassification	4
F1-REF	4	0	rdp	0.1	DQ190735	Root;Basidiomycota;Pucciniomycetes;Pucciniales;Coleosporiaceae;Chrysomyxa;Chrysomyxa_rhododendri	Root;Basidiomycota;Pucciniomycetes;Pucciniales;Cronartiaceae	overclassification	4
F1-REF	4	0	rdp	0.1	AF364843	Root;Basidiomycota;Agaricomycetes;Polyporales;Ganodermataceae;Ganoderma;Ganoderma_tuberculosum	Root;Ascomycota;Pezizomycetes;Pezizales;Discinaceae	misclassification	1
F1-REF	4	0	rdp	0.1	AB454319	Root;Ascomycota;Dothideomycetes;Botryosphaeriales;Botryosphaeriaceae;Phyllosticta;Phyllosticta_cryptomeriae	Root;Ascomycota;Sordariomycetes;Hypocreales;Niessliaceae	misclassification	2
F1-REF	4	0	rdp	0.1	EF409766	Root;Basidiomycota;Agaricomycetes;Agaricales;Tricholomataceae;Pseudoarmillariella;Pseudoarmillariella_ectypoides	Root;Basidiomycota;Agaricomycetes;Agaricales;Pleurotaceae	overclassification	4
F1-REF	4	0	rdp	0.1	FR750021	Root;Glomeromycota;Glomeromycetes;Diversisporales;Entrophosporaceae;Entrophospora;Entrophospora_schenckii	Root;Glomeromycota;Glomeromycetes;Archaeosporales;Archaeosporaceae	misclassification	3
F1-REF	4	0	rdp	0.1	GQ850202	Root;Basidiomycota;Tremellomycetes;Tremellales;Trichosporonaceae;Cryptotrichosporon;Cryptotrichosporon_anacardii	Root;Basidiomycota;Tremellomycetes;Tremellales;Tremellaceae	overclassification	4
F1-REF	4	0	rdp	0.1	HQ888720	Root;Basidiomycota;Agaricomycetes	Root;Blastocladiomycota;Blastocladiomycetes;Blastocladiales;Blastocladiaceae	misclassification	1
F1-REF	4	0	rdp	0.1	EU598203	Root;Basidiomycota;Agaricomycetes;Agaricales;Tricholomataceae	Root;Basidiomycota;Agaricomycetes;Agaricales;Physalacriaceae	overclassification	4
F1-REF	4	0	rdp	0.1	DQ789981	Root;Basidiomycota;Exobasidiomycetes	Root;Basidiomycota;Ustilaginomycetes;Ustilaginales;Melanotaeniaceae	misclassification	2
F1-REF	4	0	rdp	0.1	FJ462759	Root;Ascomycota;Dothideomycetes;Botryosphaeriales;Botryosphaeriaceae;Phyllosticta;Phyllosticta_papayae	Root;Ascomycota;Sordariomycetes;Diaporthales;Valsaceae	misclassification	2
F1-REF	4	0	rdp	0.1	EU821481	Root;Ascomycota;Dothideomycetes;Botryosphaeriales;Botryosphaeriaceae;Phyllosticta;Phyllosticta_papayae	Root;Ascomycota;Sordariomycetes;Diaporthales;Diaporthaceae	misclassification	2
F1-REF	4	0	rdp	0.1	FN423704	Root;Glomeromycota;Glomeromycetes;Diversisporales;Acaulosporaceae;Acaulospora;Acaulospora_brasiliensis	Root;Glomeromycota;Glomeromycetes;Diversisporales;Gigasporaceae	overclassification	4
F1-REF	4	0	rdp	0.1	EU819412	Root;Ascomycota;Leotiomycetes;Helotiales;Geoglossaceae;Microglossum;Microglossum_rufum	Root;Ascomycota;Leotiomycetes;Leotiales;Leotiaceae	misclassification	3
F1-REF	4	0	rdp	0.1	EU019265	Root;Ascomycota;Eurotiomycetes;Chaetothyriales;Herpotrichiellaceae;Phialophora;Phialophora_olivacea	Root;Ascomycota;Eurotiomycetes;Chaetothyriales;Coccodiniaceae	overclassification	4
F1-REF	4	0	rdp	0.1	GQ981492	Root;Basidiomycota;Agaricomycetes;Geastrales;Geastraceae	Root;Basidiomycota;Agaricomycetes;Hysterangiales;Gallaceaceae	misclassification	3
F1-REF	4	0	rdp	0.1	DQ491504	Root;Ascomycota;Pezizomycetes;Pezizales;Pyronemataceae;Trichophaea;Trichophaea_abundans	Root;Ascomycota;Pezizomycetes;Pezizales;Ascobolaceae	overclassification	4
F1-REF	4	0	rdp	0.1	AF506430	Root;Basidiomycota;Agaricomycetes;Russulales;Bondarzewiaceae;Wrightoporia;Wrightoporia_avellanea	Root;Basidiomycota;Agaricomycetes;Russulales;Echinodontiaceae	overclassification	4
F1-REF	4	0	rdp	0.1	AB623036	Root;Ascomycota;Dothideomycetes;Pleosporales;Tubeufiaceae	Root;Microsporidia;Microsporea;Microsporida;Pleistophoridae	misclassification	1
F1-REF	4	0	rdp	0.1	EF585663	Root;Basidiomycota;Agaricomycetes;Agaricales;Agaricaceae;Leucoagaricus;Leucoagaricus_gongylophorus	Root;Chytridiomycota;Chytridiomycetes;Rhizophydiales;Aquamycetaceae	misclassification	1
F1-REF	4	0	rdp	0.1	AF335455	Root;Ascomycota;Eurotiomycetes	Root;Ascomycota;Pezizomycetes;Pezizales;Helvellaceae	misclassification	2
F1-REF	4	0	rdp	0.1	FJ884179	Root;Ascomycota;Eurotiomycetes;Eurotiales;Trichocomaceae;Penicillium;Penicillium_spinulosum	Root;Ascomycota;Sordariomycetes;Hypocreales;Hypocreaceae	misclassification	2
F1-REF	4	0	rdp	0.1	GQ328758	Root;Basidiomycota;Pucciniomycetes;Pucciniales;Pucciniaceae;Puccinia	Root;Basidiomycota;Pucciniomycetes;Pucciniales;Melampsoraceae	overclassification	4
F1-REF	4	0	rdp	0.1	DQ836786	Root;Ascomycota;Orbiliomycetes;Orbiliales;Orbiliaceae	Root;Ascomycota;Dothideomycetes;Pleosporales;Leptosphaeriaceae	misclassification	2