dataset	level	iteration	method	parameters	seq_id               	observed_taxonomy	expected_taxonomy	result	mismatch_level
F1-REF	4	0	rdp	0.6	AY997095	Root	Root;Chytridiomycota;Chytridiomycetes;Chytridiales;Synchytriaceae	underclassification	1
F1-REF	4	0	rdp	0.6	HQ455532	Root;Ascomycota;Lecanoromycetes	Root;Ascomycota;Lecanoromycetes;Umbilicariales;Ophioparmaceae	underclassification	3
F1-REF	4	0	rdp	0.6	JN009708	Root;Ascomycota;Lecanoromycetes;Lecanorales;Ramalinaceae;Tephromela;Tephromela_armeniaca	Root;Ascomycota;Lecanoromycetes;Lecanorales;Tephromelataceae	overclassification	4
F1-REF	4	0	rdp	0.6	EU846311	Root;Ascomycota;Eurotiomycetes;Eurotiales;Trichocomaceae	Root;Ascomycota;Eurotiomycetes;Eurotiales;Elaphomycetaceae	overclassification	4
F1-REF	4	0	rdp	0.6	AF166504	Root;Basidiomycota;Agaricomycetes;Boletales;Rhizopogonaceae;Rhizopogon	Root;Basidiomycota;Agaricomycetes;Boletales;Suillaceae	overclassification	4
F1-REF	4	0	rdp	0.6	JN053509	Root;Basidiomycota;Tremellomycetes;Filobasidiales;Filobasidiaceae;Cryptococcus	Root;Basidiomycota;Tremellomycetes;Tremellales;Syzygosporaceae	misclassification	3
F1-REF	4	0	rdp	0.6	JF951136	Root;Ascomycota	Root;Ascomycota;Dothideomycetes;Pleosporales;Funbolia_dimorpha	underclassification	2
F1-REF	4	0	rdp	0.6	AF384860	Root;Basidiomycota;Tremellomycetes;Tremellales;Exidiaceae	Root;Basidiomycota;Agaricomycetes;Sebacinales;Sebacinaceae	misclassification	2
F1-REF	4	0	rdp	0.6	DQ497616	Root;Ascomycota	Root;Ascomycota;Taphrinomycetes;Taphrinales;Taphrinaceae	underclassification	2
F1-REF	4	0	rdp	0.6	AB041243	Root;Ascomycota;Leotiomycetes	Root;Ascomycota;Leotiomycetes;Helotiales;Phacidiaceae	underclassification	3
F1-REF	4	0	rdp	0.6	AF138833	Root	Root;Ascomycota;Arthoniomycetes;Arthoniales;Arthoniaceae	underclassification	1
F1-REF	4	0	rdp	0.6	DQ482007	Root;Basidiomycota;Agaricomycetes	Root;Basidiomycota;Agaricomycetes;Thelephorales;Thelephoraceae	underclassification	3
F1-REF	4	0	rdp	0.6	EU552127	Root;Ascomycota;Sordariomycetes	Root;Ascomycota;Sordariomycetes;Calosphaeriales;Calosphaeriaceae	underclassification	3
F1-REF	4	0	rdp	0.6	DQ911605	Root;Basidiomycota;Agaricomycetes	Root;Basidiomycota;Agaricomycetes;Russulales;Albatrellaceae	underclassification	3
F1-REF	4	0	rdp	0.6	EU551189	Root;Ascomycota;Sordariomycetes;Sordariales;Chaetomiaceae	Root;Ascomycota;Sordariomycetes;Sordariales;Sordariaceae	overclassification	4
F1-REF	4	0	rdp	0.6	FJ426395	Root;Basidiomycota;Agaricomycetes;Auriculariales;Auriculariaceae;Auricularia;Auricularia_polytricha	Root;Basidiomycota;Agaricomycetes;Agaricales;Schizophyllaceae	misclassification	3
F1-REF	4	0	rdp	0.6	EU118639	Root;Basidiomycota;Agaricomycetes;Agaricales;Tricholomataceae;Omphalina;Omphalina_foliacea	Root;Basidiomycota;Agaricomycetes;Corticiales;Corticiaceae	misclassification	3
F1-REF	4	0	rdp	0.6	FJ603607	Root	Root;Ascomycota;Sordariomycetes;Xylariales;Hyponectriaceae	underclassification	1
F1-REF	4	0	rdp	0.6	AJ390377	Root;Ascomycota	Root;Ascomycota;Eurotiomycetes;Onygenales;Gymnoascaceae	underclassification	2
F1-REF	4	0	rdp	0.6	EF530937	Root;Basidiomycota;Agaricomycetes;Agaricales	Root;Basidiomycota;Agaricomycetes;Agaricales;Entolomataceae	match	4
F1-REF	4	0	rdp	0.6	EU041821	Root;Ascomycota;Dothideomycetes	Root;Ascomycota;Dothideomycetes;Capnodiales;Mycosphaerellaceae	underclassification	3
F1-REF	4	0	rdp	0.6	AF042422	Root;Basidiomycota;Tremellomycetes	Root;Basidiomycota;Tremellomycetes;Tremellales;Sirobasidiaceae	underclassification	3
F1-REF	4	0	rdp	0.6	JN712486	Root;Ascomycota	Root;Ascomycota;Dothideomycetes;Pleosporales;Gordonomyces_mucovaginatus	underclassification	2
F1-REF	4	0	rdp	0.6	EF619542	Root;Ascomycota;Lecanoromycetes	Root;Ascomycota;Lecanoromycetes;Lecanorales;Stereocaulaceae	underclassification	3
F1-REF	4	0	rdp	0.6	AF394529	Root	Root;Microsporidia;Microsporea;Microsporida;Ordosporidae	underclassification	1
F1-REF	4	0	rdp	0.6	EU918698	Root;Basidiomycota;Agaricomycetes	Root;Basidiomycota;Agaricomycetes;Russulales;Peniophoraceae	underclassification	3
F1-REF	4	0	rdp	0.6	DQ789093	Root;Ascomycota;Lecanoromycetes	Root;Ascomycota;Lecanoromycetes;Teloschistales;Caliciaceae	underclassification	3
F1-REF	4	0	rdp	0.6	DQ873647	Root;Basidiomycota;Agaricomycetes	Root;Basidiomycota;Agaricomycetes;Polyporales;Sistotremataceae	underclassification	3
F1-REF	4	0	rdp	0.6	HM244759	Root;Ascomycota	Root;Ascomycota;Lecanoromycetes;Ostropales;Gyalectaceae	underclassification	2
F1-REF	4	0	rdp	0.6	HE586719	Root	Root;Ascomycota;Sordariomycetes;Microascales;Chadefaudiellaceae	underclassification	1
F1-REF	4	0	rdp	0.6	U82454	Root	Root;Ascomycota;Saccharomycetes;Saccharomycetales;Lipomycetaceae	underclassification	1
F1-REF	4	0	rdp	0.6	EU520144	Root;Basidiomycota;Agaricomycetes;Agaricales;Psathyrellaceae;Psathyrella	Root;Basidiomycota;Agaricomycetes;Agaricales;Coprinaceae	overclassification	4
F1-REF	4	0	rdp	0.6	AJ421007	Root;Basidiomycota;Agaricomycetes;Agaricales	Root;Basidiomycota;Agaricomycetes;Polyporales;Polyporaceae	misclassification	3
F1-REF	4	0	rdp	0.6	AF228650	Root;Basidiomycota;Agaricomycetes	Root;Basidiomycota;Agaricomycetes;Boletales;Sclerodermataceae	underclassification	3
F1-REF	4	0	rdp	0.6	EU118622	Root;Basidiomycota;Agaricomycetes;Agaricales	Root;Basidiomycota;Agaricomycetes;Polyporales;Cystostereaceae	misclassification	3
F1-REF	4	0	rdp	0.6	GU222329	Root;Basidiomycota;Agaricomycetes	Root;Basidiomycota;Agaricomycetes;Boletales;Serpulaceae	underclassification	3
F1-REF	4	0	rdp	0.6	GU187509	Root;Basidiomycota;Agaricomycetes;Agaricales	Root;Basidiomycota;Agaricomycetes;Agaricales;Pterulaceae	match	4
F1-REF	4	0	rdp	0.6	DQ066710	Root;Ascomycota	Root;Ascomycota;Lecanoromycetes;Peltigerales;Nephromataceae	underclassification	2
F1-REF	4	0	rdp	0.6	AF394020	Root;Ascomycota	Root;Ascomycota;Pezizomycetes;Pezizales;Sarcoscyphaceae	underclassification	2
F1-REF	4	0	rdp	0.6	EU266107	Root;Ascomycota	Root;Ascomycota;Lecanoromycetes;Peltigerales;Pannariaceae	underclassification	2
F1-REF	4	0	rdp	0.6	AM087246	Root;Basidiomycota;Agaricomycetes	Root;Basidiomycota;Agaricomycetes;Cantharellales;Hydnaceae	underclassification	3
F1-REF	4	0	rdp	0.6	JN882326	Root	Root;Chytridiomycota;Monoblepharidomycetes;Monoblepharidales;Gonapodyaceae	underclassification	1
F1-REF	4	0	rdp	0.6	EF192226	Root;Ascomycota;Saccharomycetes;Saccharomycetales;Pichiaceae;Pichia	Root;Ascomycota;Saccharomycetes;Saccharomycetales;Saccharomycetaceae	overclassification	4
F1-REF	4	0	rdp	0.6	FJ786401	Root;Ascomycota;Dothideomycetes;Botryosphaeriales;Botryosphaeriaceae;Botryosphaeria;Botryosphaeria_viticola	Root;Ascomycota;Dothideomycetes;Pleosporales;Dothidotthiaceae	misclassification	3
F1-REF	4	0	rdp	0.6	AF444634	Root;Basidiomycota	Root;Basidiomycota;Agaricostilbomycetes;Agaricostilbales;Agaricostilbaceae	underclassification	2
F1-REF	4	0	rdp	0.6	AB439544	Root	Root;Basidiomycota;Agaricomycetes;Russulales;Lachnocladiaceae	underclassification	1
F1-REF	4	0	rdp	0.6	EU427035	Root;Ascomycota;Sordariomycetes;Xylariales	Root;Basidiomycota;Agaricomycetes;Polyporales;Fomitopsidaceae	misclassification	1
F1-REF	4	0	rdp	0.6	GQ166887	Root;Basidiomycota	Root;Basidiomycota;Agaricomycetes;Boletales;Gyroporaceae	underclassification	2
F1-REF	4	0	rdp	0.6	DQ534567	Root;Basidiomycota;Agaricomycetes	Root;Basidiomycota;Agaricomycetes;Boletales;Boletaceae	underclassification	3
F1-REF	4	0	rdp	0.6	DQ974799	Root	Root;Ascomycota;Pezizomycetes;Pezizales;Tuberaceae	underclassification	1
F1-REF	4	0	rdp	0.6	EF441995	Root;Ascomycota	Root;Ascomycota;Pezizomycetes;Pezizales;Rhizinaceae	underclassification	2
F1-REF	4	0	rdp	0.6	FJ903327	Root;Basidiomycota;Agaricomycetes	Root;Basidiomycota;Agaricomycetes;Polyporales;Meripilaceae	underclassification	3
F1-REF	4	0	rdp	0.6	GQ981520	Root;Basidiomycota;Agaricomycetes;Phallales;Phallaceae;Clathrus;Clathrus_ruber	Root;Basidiomycota;Agaricomycetes;Hysterangiales;Phallogastraceae	misclassification	3
F1-REF	4	0	rdp	0.6	FJ903322	Root;Basidiomycota;Agaricomycetes	Root;Basidiomycota;Agaricomycetes;Russulales;Stereaceae	underclassification	3
F1-REF	4	0	rdp	0.6	AF383953	Root;Ascomycota	Root;Ascomycota;Dothideomycetes;Pleosporales;Lophiostomataceae	underclassification	2
F1-REF	4	0	rdp	0.6	EF452729	Root;Ascomycota;Leotiomycetes;Rhytismatales;Rhytismataceae;Lophodermium;Lophodermium_pini_excelsae	Root;Ascomycota;Dothideomycetes;Pleosporales;Phaeosphaeriaceae	misclassification	2
F1-REF	4	0	rdp	0.6	U51435	Root;Ascomycota;Saccharomycetes;Saccharomycetales	Root;Ascomycota;Saccharomycetes;Saccharomycetales;Eremotheciaceae	match	4
F1-REF	4	0	rdp	0.6	AJ972459	Root	Root;Glomeromycota;Glomeromycetes;Glomerales;Glomeraceae	underclassification	1
F1-REF	4	0	rdp	0.6	HE586734	Root;Basidiomycota;Agaricomycetes	Root;Basidiomycota;Agaricomycetes;Polyporales;Podoscyphaceae	underclassification	3
F1-REF	4	0	rdp	0.6	AF310101	Root;Basidiomycota;Agaricomycetes	Root;Basidiomycota;Agaricomycetes;Russulales;Gloeocystidiellaceae	underclassification	3
F1-REF	4	0	rdp	0.6	EU982643	Root;Ascomycota	Root;Ascomycota;Lecanoromycetes;Peltigerales;Collemataceae	underclassification	2
F1-REF	4	0	rdp	0.6	EU673370	Root;Ascomycota;Sordariomycetes;Hypocreales;Ophiocordycipitaceae;Ophiocordyceps;Ophiocordyceps_myrmecophila	Root;Ascomycota;Sordariomycetes;Hypocreales;Clavicipitaceae	overclassification	4
F1-REF	4	0	rdp	0.6	FJ501570	Root;Ascomycota;Sordariomycetes;Hypocreales;Cordycipitaceae;Phytocordyceps;Phytocordyceps_ninchukispora	Root;Basidiomycota;Agaricomycetes;Agaricales;Lepista_sordida/Armillaria_mellea_fusant	misclassification	1
F1-REF	4	0	rdp	0.6	U33070	Root;Basidiomycota;Agaricomycetes;Agaricales	Root;Basidiomycota;Agaricomycetes;Agaricales;Marasmiaceae	match	4
F1-REF	4	0	rdp	0.6	AB221419	Root;Basidiomycota;Pucciniomycetes;Pucciniales;Coleosporiaceae;Chrysomyxa;Chrysomyxa_rhododendri	Root;Basidiomycota;Pucciniomycetes;Pucciniales;Pucciniastraceae	overclassification	4
F1-REF	4	0	rdp	0.6	DQ322080	Root	Root;Ascomycota;Sordariomycetes;Xylariales;Xylariaceae	underclassification	1
F1-REF	4	0	rdp	0.6	DQ826741	Root;Ascomycota	Root;Ascomycota;Eurotiomycetes;Pyrenulales;Pyrenulaceae	underclassification	2
F1-REF	4	0	rdp	0.6	AF126877	Root;Basidiomycota;Agaricomycetes	Root;Basidiomycota;Agaricomycetes;Polyporales;Steccherinaceae	underclassification	3
F1-REF	4	0	rdp	0.6	FJ357310	Root;Ascomycota;Sordariomycetes;Phyllachorales;Phyllachoraceae;Phyllachora;Marssonina_mali	Root;Ascomycota;Dothideomycetes;Pleosporales;Pleosporaceae	misclassification	2
F1-REF	4	0	rdp	0.6	AB015696	Root;Basidiomycota;Agaricomycetes;Agaricales	Root;Basidiomycota;Agaricomycetes;Agaricales;Amanitaceae	match	4
F1-REF	4	0	rdp	0.6	DQ534479	Root;Ascomycota;Lecanoromycetes;Agyriales;Trapeliaceae;Orceolina;Orceolina_kerguelensis	Root;Ascomycota;Lecanoromycetes;Agyriales;Agyriaceae	overclassification	4
F1-REF	4	0	rdp	0.6	EF197068	Root;Ascomycota;Sordariomycetes	Root;Ascomycota;Sordariomycetes;Sordariales;Lasiosphaeriaceae	underclassification	3
F1-REF	4	0	rdp	0.6	GQ458022	Root;Basidiomycota	Root;Ascomycota;Saccharomycetes;Saccharomycetales;Dipodascaceae	misclassification	1
F1-REF	4	0	rdp	0.6	EU233809	Root;Basidiomycota;Exobasidiomycetes;Entylomatales;Tilletiopsis_washingtonensis;Tilletiopsis_washingtonensis;Tilletiopsis_washingtonensis	Root;Basidiomycota;Exobasidiomycetes;Entylomatales;Entylomataceae	overclassification	4
F1-REF	4	0	rdp	0.6	AF332122	Root;Ascomycota	Root;Ascomycota;Lecanoromycetes;Pertusariales;Megasporaceae	underclassification	2
F1-REF	4	0	rdp	0.6	DQ875355	Root;Basidiomycota;Ustilaginomycetes;Urocystidales;Floromycetaceae;Antherospora	Root;Basidiomycota;Ustilaginomycetes;Urocystidales;Urocystidaceae	overclassification	4
F1-REF	4	0	rdp	0.6	AF260814	Root;Ascomycota;Leotiomycetes;Helotiales	Root;Ascomycota;Leotiomycetes;Helotiales;Hemiphacidiaceae	match	4
F1-REF	4	0	rdp	0.6	HQ650640	Root;Ascomycota	Root;Ascomycota;Lecanoromycetes;Lecanorales;Loxosporaceae	underclassification	2
F1-REF	4	0	rdp	0.6	AF322654	Root	Root;Microsporidia;Microsporea;Microsporida;Glugeidae	underclassification	1
F1-REF	4	0	rdp	0.6	DQ534463	Root;Ascomycota	Root;Ascomycota;Lecanoromycetes;Lecanorales;Cladoniaceae	underclassification	2
F1-REF	4	0	rdp	0.6	AM292667	Root;Ascomycota;Lecanoromycetes;Lecanorales;Ramalinaceae;Biatora	Root;Ascomycota;Lecanoromycetes;Lecideales;Lecideaceae	misclassification	3
F1-REF	4	0	rdp	0.6	AY781267	Root;Basidiomycota;Agaricomycetes	Root;Basidiomycota;Agaricomycetes;Polyporales;Xenasmataceae	underclassification	3
F1-REF	4	0	rdp	0.6	EU557359	Root;Ascomycota	Root;Ascomycota;Sordariomycetes;Microascales;Halosphaeriaceae	underclassification	2
F1-REF	4	0	rdp	0.6	EF212837	Root;Ascomycota;Sordariomycetes;Diaporthales;Sydowiellaceae;Chapeckia;Chapeckia_nigrospora	Root;Ascomycota;Sordariomycetes;Diaporthales;Gnomoniaceae	overclassification	4
F1-REF	4	0	rdp	0.6	AF483616	Root;Ascomycota	Root;Ascomycota;Lecanoromycetes;Rhizocarpales;Rhizocarpaceae	underclassification	2
F1-REF	4	0	rdp	0.6	EF029224	Root;Ascomycota;Sordariomycetes;Chaetosphaeriales;Chaetosphaeriaceae;Chloridium;Chloridium_paucisporum	Root;Ascomycota;Leotiomycetes;Helotiales;Hyaloscyphaceae	misclassification	2
F1-REF	4	0	rdp	0.6	AF009808	Root;Ascomycota;Sordariomycetes	Root;Ascomycota;Sordariomycetes;Xylariales;Clypeosphaeriaceae	underclassification	3
F1-REF	4	0	rdp	0.6	EF088656	Root	Root;Basidiomycota;Agaricomycetes;Hymenochaetales;Hymenochaetaceae	underclassification	1
F1-REF	4	0	rdp	0.6	AF009807	Root;Ascomycota;Sordariomycetes	Root;Ascomycota;Sordariomycetes;Xylariales;Cainiaceae	underclassification	3
F1-REF	4	0	rdp	0.6	DQ190735	Root;Basidiomycota;Pucciniomycetes;Pucciniales;Coleosporiaceae;Chrysomyxa;Chrysomyxa_rhododendri	Root;Basidiomycota;Pucciniomycetes;Pucciniales;Cronartiaceae	overclassification	4
F1-REF	4	0	rdp	0.6	AF364843	Root;Basidiomycota;Agaricomycetes	Root;Ascomycota;Pezizomycetes;Pezizales;Discinaceae	misclassification	1
F1-REF	4	0	rdp	0.6	AB454319	Root;Ascomycota;Dothideomycetes;Botryosphaeriales;Botryosphaeriaceae;Phyllosticta;Phyllosticta_cryptomeriae	Root;Ascomycota;Sordariomycetes;Hypocreales;Niessliaceae	misclassification	2
F1-REF	4	0	rdp	0.6	EF409766	Root;Basidiomycota;Agaricomycetes;Agaricales	Root;Basidiomycota;Agaricomycetes;Agaricales;Pleurotaceae	match	4
F1-REF	4	0	rdp	0.6	FR750021	Root;Glomeromycota;Glomeromycetes;Diversisporales;Entrophosporaceae;Entrophospora;Entrophospora_schenckii	Root;Glomeromycota;Glomeromycetes;Archaeosporales;Archaeosporaceae	misclassification	3
F1-REF	4	0	rdp	0.6	GQ850202	Root;Basidiomycota;Tremellomycetes	Root;Basidiomycota;Tremellomycetes;Tremellales;Tremellaceae	underclassification	3
F1-REF	4	0	rdp	0.6	HQ888720	Root	Root;Blastocladiomycota;Blastocladiomycetes;Blastocladiales;Blastocladiaceae	underclassification	1
F1-REF	4	0	rdp	0.6	EU598203	Root;Basidiomycota;Agaricomycetes;Agaricales	Root;Basidiomycota;Agaricomycetes;Agaricales;Physalacriaceae	match	4
F1-REF	4	0	rdp	0.6	DQ789981	Root;Basidiomycota	Root;Basidiomycota;Ustilaginomycetes;Ustilaginales;Melanotaeniaceae	underclassification	2
F1-REF	4	0	rdp	0.6	FJ462759	Root;Ascomycota;Dothideomycetes;Botryosphaeriales;Botryosphaeriaceae;Phyllosticta;Phyllosticta_papayae	Root;Ascomycota;Sordariomycetes;Diaporthales;Valsaceae	misclassification	2
F1-REF	4	0	rdp	0.6	EU821481	Root;Ascomycota;Dothideomycetes;Botryosphaeriales;Botryosphaeriaceae;Phyllosticta;Phyllosticta_papayae	Root;Ascomycota;Sordariomycetes;Diaporthales;Diaporthaceae	misclassification	2
F1-REF	4	0	rdp	0.6	FN423704	Root;Glomeromycota;Glomeromycetes;Diversisporales;Acaulosporaceae;Acaulospora;Acaulospora_brasiliensis	Root;Glomeromycota;Glomeromycetes;Diversisporales;Gigasporaceae	overclassification	4
F1-REF	4	0	rdp	0.6	EU819412	Root;Ascomycota	Root;Ascomycota;Leotiomycetes;Leotiales;Leotiaceae	underclassification	2
F1-REF	4	0	rdp	0.6	EU019265	Root;Ascomycota;Eurotiomycetes;Chaetothyriales	Root;Ascomycota;Eurotiomycetes;Chaetothyriales;Coccodiniaceae	match	4
F1-REF	4	0	rdp	0.6	GQ981492	Root;Basidiomycota;Agaricomycetes	Root;Basidiomycota;Agaricomycetes;Hysterangiales;Gallaceaceae	underclassification	3
F1-REF	4	0	rdp	0.6	DQ491504	Root;Ascomycota	Root;Ascomycota;Pezizomycetes;Pezizales;Ascobolaceae	underclassification	2
F1-REF	4	0	rdp	0.6	AF506430	Root;Basidiomycota;Agaricomycetes;Russulales;Bondarzewiaceae;Wrightoporia;Wrightoporia_avellanea	Root;Basidiomycota;Agaricomycetes;Russulales;Echinodontiaceae	overclassification	4
F1-REF	4	0	rdp	0.6	AB623036	Root;Ascomycota	Root;Microsporidia;Microsporea;Microsporida;Pleistophoridae	misclassification	1
F1-REF	4	0	rdp	0.6	EF585663	Root;Basidiomycota	Root;Chytridiomycota;Chytridiomycetes;Rhizophydiales;Aquamycetaceae	misclassification	1
F1-REF	4	0	rdp	0.6	AF335455	Root;Ascomycota	Root;Ascomycota;Pezizomycetes;Pezizales;Helvellaceae	underclassification	2
F1-REF	4	0	rdp	0.6	FJ884179	Root;Ascomycota;Eurotiomycetes;Eurotiales;Trichocomaceae;Penicillium;Penicillium_spinulosum	Root;Ascomycota;Sordariomycetes;Hypocreales;Hypocreaceae	misclassification	2
F1-REF	4	0	rdp	0.6	GQ328758	Root;Basidiomycota	Root;Basidiomycota;Pucciniomycetes;Pucciniales;Melampsoraceae	underclassification	2
F1-REF	4	0	rdp	0.6	DQ836786	Root;Ascomycota	Root;Ascomycota;Dothideomycetes;Pleosporales;Leptosphaeriaceae	underclassification	2