dataset	level	iteration	method	parameters	seq_id               	observed_taxonomy	expected_taxonomy	result	mismatch_level
F1-REF	4	2	rdp	0.0	DQ521585	Root;Basidiomycota;Pucciniomycetes;Pucciniales;Uropyxidaceae;Leucotelium;Leucotelium_pruni_persicae	Root;Basidiomycota;Pucciniomycetes;Pucciniales;Pucciniaceae	overclassification	4
F1-REF	4	2	rdp	0.0	EU784433	Root;Basidiomycota;Agaricomycetes;Agaricales;Agaricaceae;Lepiota;Lepiota_echinacea	Root;Basidiomycota;Agaricomycetes;Agaricales;Tulostomataceae	overclassification	4
F1-REF	4	2	rdp	0.0	DQ323922	Root;Basidiomycota;Agaricomycetes;Geastrales;Geastraceae;Geastrum;Geastrum_triplex	Root;Basidiomycota;Pucciniomycetes;Pucciniales;Pileolariaceae	misclassification	2
F1-REF	4	2	rdp	0.0	DQ530224	Root;Ascomycota;Dothideomycetes;Capnodiales;Mycosphaerellaceae;Mycosphaerella;Mycosphaerella_cryptica	Root;Ascomycota;Dothideomycetes;Capnodiales;Teratosphaeriaceae	overclassification	4
F1-REF	4	2	rdp	0.0	AB190871	Root;Ascomycota;Sordariomycetes;Diaporthales;Togniniaceae;Phaeoacremonium;Phaeoacremonium_inflatipes	Root;Ascomycota;Sordariomycetes;Calosphaeriales;Pleurostomataceae	misclassification	3
F1-REF	4	2	rdp	0.0	DQ517417	Root;Basidiomycota;Agaricomycetes;Polyporales;Steccherinaceae;Antrodiella;Antrodiella_americana	Root;Basidiomycota;Agaricomycetes;Agaricales;Hygrophoraceae	misclassification	3
F1-REF	4	2	rdp	0.0	DQ974688	Root;Basidiomycota;Agaricomycetes;Agaricales;Mycenaceae;Panellus;Panellus_mitis	Root;Basidiomycota;Agaricomycetes;Cantharellales;Cantharellaceae	misclassification	3
F1-REF	4	2	rdp	0.0	AY212990	Root;Basidiomycota;Microbotryomycetes;Microbotryales;Microbotryaceae;Microbotryum;Microbotryum_tragopogonis_pratensis	Root;Basidiomycota;Microbotryomycetes;Microbotryales;Ustilentylomataceae	overclassification	4
F1-REF	4	2	rdp	0.0	EF081003	Root;Ascomycota;Eurotiomycetes;Coryneliales;Coryneliaceae;Corynelia;Corynelia_uberata	Root;Ascomycota;Pezizomycetes;Pezizales;Morchellaceae	misclassification	2
F1-REF	4	2	rdp	0.0	AJ005367	Root;Ascomycota;Eurotiomycetes;Onygenales;Arthrodermataceae;Ctenomyces;Ctenomyces_serratus	Root;Ascomycota;Eurotiomycetes;Onygenales;Onygenaceae	overclassification	4
F1-REF	4	2	rdp	0.0	EU784265	Root;Basidiomycota;Agaricomycetes;Russulales;Stereaceae;Laxitextum;Laxitextum_bicolor	Root;Basidiomycota;Agaricomycetes;Russulales;Hericiaceae	overclassification	4
F1-REF	4	2	rdp	0.0	EU589152	Root;Ascomycota;Sordariomycetes;Hypocreales;Ophiocordycipitaceae;Ophiocordyceps;Ophiocordyceps_sobolifera	Root;Ascomycota;Sordariomycetes;Hypocreales;Bionectriaceae	overclassification	4
F1-REF	4	2	rdp	0.0	EF605270	Root;Ascomycota;Lecanoromycetes;Lecanorales;Parmeliaceae;Tuckermannopsis;Tuckermannopsis_orbata	Root;Ascomycota;Lecanoromycetes;Peltigerales;Lobariaceae	misclassification	3
F1-REF	4	2	rdp	0.0	EF457901	Root;Basidiomycota;Agaricomycetes;Thelephorales;Thelephoraceae;Tomentella;Tomentella_italica	Root;Basidiomycota;Agaricomycetes;Thelephorales;Bankeraceae	overclassification	4
F1-REF	4	2	rdp	0.0	FJ627527	Root;Basidiomycota;Agaricomycetes;Russulales;Stereaceae;Aleurodiscus;Aleurodiscus_aurantius	Root;Basidiomycota;Agaricomycetes;Russulales;Bondarzewiaceae	overclassification	4
F1-REF	4	2	rdp	0.0	DQ534469	Root;Ascomycota;Lecanoromycetes;Lecanorales;Parmeliaceae;Kaernefeltia;Kaernefeltia_merrillii	Root;Ascomycota;Lecanoromycetes;Lecanorales;Lecanoraceae	overclassification	4
F1-REF	4	2	rdp	0.0	EU069498	Root;Basidiomycota;Exobasidiomycetes;Entylomatales;Tilletiopsis_washingtonensis;Tilletiopsis_washingtonensis;Tilletiopsis_washingtonensis	Root;Basidiomycota;Exobasidiomycetes;Microstromatales;Microstromataceae	misclassification	3
F1-REF	4	2	rdp	0.0	EF191235	Root;Ascomycota;Sordariomycetes;Chaetosphaeriales;Chaetosphaeriaceae;Chloridium;Chloridium_paucisporum	Root;Ascomycota;Leotiomycetes;Rhytismatales;Rhytismataceae	misclassification	2
F1-REF	4	2	rdp	0.0	EU525946	Root;Basidiomycota;Agaricomycetes;Agaricales;Bolbitiaceae;Hebeloma;Hebeloma_bruchetii	Root;Basidiomycota;Agaricomycetes;Agaricales;Cortinariaceae	overclassification	4
F1-REF	4	2	rdp	0.0	FJ805250	Root;Basidiomycota;Agaricomycetes;Polyporales;Polyporaceae;Perenniporia;Perenniporia_truncatospora	Root;Basidiomycota;Agaricomycetes;Polyporales;Ganodermataceae	overclassification	4
F1-REF	4	2	rdp	0.0	FJ167356	Root;Basidiomycota;Ustilaginomycetes;Ustilaginales;Melanopsichiaceae;Melanopsichium;Melanopsichium_pennsylvanicum	Root;Basidiomycota;Ustilaginomycetes;Ustilaginales;Ustilaginaceae	overclassification	4
F1-REF	4	2	rdp	0.0	DQ826538	Root;Basidiomycota;Tremellomycetes;Tremellales;Trichosporonaceae;Asterotremella;Asterotremella_pseudolonga	Root;Basidiomycota;Agaricomycetes;Polyporales;Meruliaceae	misclassification	2
F1-REF	4	2	rdp	0.0	U10409	Root;Ascomycota;Saccharomycetes;Saccharomycetales;Saccharomycodaceae;Saccharomycodes;Saccharomycodes_ludwigii	Root;Ascomycota;Saccharomycetes;Saccharomycetales;Saccharomycopsidaceae	overclassification	4
F1-REF	4	2	rdp	0.0	FM876831	Root;Basidiomycota;Pucciniomycetes;Pucciniales;Uropyxidaceae;Dasyspora;Dasyspora_ferrugineae	Root;Glomeromycota;Glomeromycetes;Diversisporales;Pacisporaceae	misclassification	1
F1-REF	4	2	rdp	0.0	EU718109	Root;Basidiomycota;Agaricomycetes;Boletales;Boletaceae;Boletinellus;Boletinellus_rompelii	Root;Basidiomycota;Agaricomycetes;Boletales;Boletinellaceae	overclassification	4
F1-REF	4	2	rdp	0.0	AJ716159	Root;Ascomycota;Dothideomycetes;Pleosporales;Pleosporaceae;Drechslera;Drechslera_poae	Root;Basidiomycota;Agaricomycetes;Agaricales;Inocybaceae	misclassification	1
F1-REF	4	2	rdp	0.0	EF026116	Root;Ascomycota;Sordariomycetes;Diaporthales;Schizoparmaceae;Pilidiella;Pilidiella_diplodiella	Root;Ascomycota;Sordariomycetes;Diaporthales;Cryphonectriaceae	overclassification	4
F1-REF	4	2	rdp	0.0	GU058015	Root;Basidiomycota;Homobasidiomycetes;Corticiales;Corticiaceae;Gloeopeniophorella;Gloeopeniophorella_convolvens	Root;Basidiomycota;Pucciniomycetes;Pucciniales;Phragmidiaceae	misclassification	2
F1-REF	4	2	rdp	0.0	AB257586	Root;Basidiomycota;Agaricomycetes;Agaricales;Bolbitiaceae;Naucoria;Hebeloma_funariophilum	Root;Basidiomycota;Agaricomycetes;Agaricales;Strophariaceae	overclassification	4
F1-REF	4	2	rdp	0.0	DQ018098	Root;Ascomycota;Dothideomycetes;Pleosporales;Lophiostomataceae;Massarina;Massarina_eburnea	Root;Ascomycota;Dothideomycetes;Pleosporales;Massarinaceae	overclassification	4
F1-REF	4	2	rdp	0.0	JN882327	Root;Ascomycota;Orbiliomycetes;Orbiliales;Orbiliaceae;Arthrobotrys;Arthrobotrys_scaphoides	Root;Chytridiomycota;Monoblepharidomycetes;Monoblepharidales;Monoblepharidaceae	misclassification	1
F1-REF	4	2	rdp	0.0	EU118629	Root;Ascomycota;Sordariomycetes;Xylariales;Xylariaceae;Xylaria;Xylaria_ochraceostroma	Root;Basidiomycota;Agaricomycetes;Cantharellales;Botryobasidiaceae	misclassification	1
F1-REF	4	2	rdp	0.0	EF010926	Root;Ascomycota;Dothideomycetes;Pleosporales;Lophiostomataceae;Massarina;Massarina_eburnea	Root;Ascomycota;Dothideomycetes;Pleosporales;Tubeufiaceae	overclassification	4
F1-REF	4	2	rdp	0.0	FJ839617	Root;Ascomycota;Eurotiomycetes;Verrucariales;Verrucariaceae;Staurothele;Staurothele_areolata	Root;Ascomycota;Eurotiomycetes;Chaetothyriales;Chaetothyriaceae	misclassification	3
F1-REF	4	2	rdp	0.0	HQ232968	Root;Ascomycota;Sordariomycetes;Xylariales;Liberomyces_saliciphilus;Liberomyces_saliciphilus;Liberomyces_saliciphilus	Root;Ascomycota;Sordariomycetes;Xylariales;Liberomyces_macrosporus	overclassification	4
F1-REF	4	2	rdp	0.0	EU295634	Root;Ascomycota;Dothideomycetes;Pleosporales;Leptosphaeriaceae;Leptosphaeria;Coniothyrium_fuckelii	Root;Ascomycota;Dothideomycetes;Pleosporales;Montagnulaceae	overclassification	4
F1-REF	4	2	rdp	0.0	EU784366	Root;Basidiomycota;Agaricomycetes;Gomphales;Gomphaceae;Ramaria;Ramaria_rainierensis	Root;Basidiomycota;Agaricomycetes;Hysterangiales;Hysterangiaceae	misclassification	3
F1-REF	4	2	rdp	0.0	EU784364	Root;Basidiomycota;Agaricomycetes;Agaricales;Bolbitiaceae;Hebeloma;Hebeloma_crustuliniforme	Root;Basidiomycota;Agaricomycetes;Boletales;Hymenogasteraceae	misclassification	3
F1-REF	4	2	rdp	0.0	AF444320	Root;Basidiomycota;Tremellomycetes;Filobasidiales;Filobasidiaceae;Cryptococcus;Cryptococcus_haglerorum	Root;Basidiomycota;Tremellomycetes;Tremellales;Cuniculitremaceae	misclassification	3
F1-REF	4	2	rdp	0.0	DQ534485	Root;Ascomycota;Lecanoromycetes;Lecanorales;Ramalinaceae;Japewia;Japewia_subaurifera	Root;Ascomycota;Lecanoromycetes;Lecanorales;Sphaerophoraceae	overclassification	4
F1-REF	4	2	rdp	0.0	GQ981528	Root;Basidiomycota;Agaricomycetes;Boletales;Sclerodermataceae;Scleroderma;Scleroderma_columnare	Root;Basidiomycota;Tremellomycetes;Tremellales;Tremellodendropsidaceae	misclassification	2
F1-REF	4	2	rdp	0.0	DQ323918	Root;Ascomycota;Dothideomycetes;Capnodiales;Mycosphaerellaceae;Sphaerulina;Sphaerulina_myriadea	Root;Basidiomycota;Pucciniomycetes;Pucciniales;Raveneliaceae	misclassification	1
F1-REF	4	2	rdp	0.0	DQ873601	Root;Basidiomycota;Agaricomycetes;Hymenochaetales;Hymenochaetaceae;Phellinidium;Phellinidium_weirii	Root;Basidiomycota;Agaricomycetes;Hymenochaetales;Schizoporaceae	overclassification	4
F1-REF	4	2	rdp	0.0	DQ849302	Root;Ascomycota;Lecanoromycetes;Lecideales;Lecideaceae;Lecidea;Lecidea_atrobrunnea_subsp_saxosa	Root;Ascomycota;Lecanoromycetes;Teloschistales;Physciaceae	misclassification	3
F1-REF	4	2	rdp	0.0	AF332117	Root;Ascomycota;Lecanoromycetes;Lecideales;Lecideaceae;Lecidea;Lecidea_confluens	Root;Ascomycota;Lecanoromycetes;Lecideales;Porpidiaceae	overclassification	4
F1-REF	4	2	rdp	0.0	FJ501572	Root;Basidiomycota;Agaricomycetes;Agaricales;Marasmiaceae;Flammulina;Flammulina_velutipes	Root;Basidiomycota;Agaricomycetes;Agaricales;Flammulina_velutipes/Pleurotus_ostreatus_fusant	overclassification	4
F1-REF	4	2	rdp	0.0	AJ508681	Root;Ascomycota;Lecanoromycetes;Lecanorales;Loxosporaceae;Loxospora;Loxospora_ochrophaea	Root;Ascomycota;Lecanoromycetes;Ostropales;Thelotremataceae	misclassification	3
F1-REF	4	2	rdp	0.0	AY997038	Root;Basidiomycota;Agaricomycetes;Agaricales;Psathyrellaceae;Coprinopsis;Coprinopsis_filamentifera	Root;Blastocladiomycota;Blastocladiomycetes;Blastocladiales;Coelomomycetaceae	misclassification	1
F1-REF	4	2	rdp	0.0	DQ365668	Root;Basidiomycota;Agaricomycetes;Boletales;Boletaceae;Leccinum;Leccinum_crocipodium	Root;Basidiomycota;Agaricomycetes;Atheliales;Atheliaceae	misclassification	3
F1-REF	4	2	rdp	0.0	DQ873595	Root;Basidiomycota;Agaricomycetes;Polyporales;Hyphodermataceae;Hyphoderma;Hyphoderma_puberum	Root;Basidiomycota;Agaricomycetes;Agaricales;Cyphellaceae	misclassification	3
F1-REF	4	2	rdp	0.0	AY078151	Root;Ascomycota;Leotiomycetes;Helotiales;Dermateaceae;Dermea;Dermea_viburni	Root;Ascomycota;Leotiomycetes;Helotiales;Vibrisseaceae	overclassification	4
F1-REF	4	2	rdp	0.0	AB025690	Root;Basidiomycota;Exobasidiomycetes;Entylomatales;Tilletiopsis_washingtonensis;Tilletiopsis_washingtonensis;Tilletiopsis_washingtonensis	Root;Basidiomycota;Exobasidiomycetes;Entylomatales;Tilletiopsis_cremea	overclassification	4
F1-REF	4	2	rdp	0.0	DQ885585	Root;Basidiomycota;Pucciniomycetes;Pucciniales;Uropyxidaceae;Leucotelium;Leucotelium_pruni_persicae	Root;Microsporidia;Microsporea;Microsporida;Enterocytozoonidae	misclassification	1
F1-REF	4	2	rdp	0.0	EF685093	Root;Basidiomycota;Agaricomycetes;Agaricales;Agaricaceae;Echinoderma;Lepiota_acutesquamosa	Root;Basidiomycota;Agaricomycetes;Russulales;Russulaceae	misclassification	3
F1-REF	4	2	rdp	0.0	DQ497617	Root;Ascomycota;Taphrinomycetes;Taphrinales;Taphrinaceae;Taphrina;Taphrina_sadebeckii	Root;Ascomycota;Taphrinomycetes;Taphrinales;Protomycetaceae	overclassification	4
F1-REF	4	2	rdp	0.0	AJ842332	Root;Ascomycota;Sordariomycetes;Hypocreales;Ophiocordycipitaceae;Hirsutella;Hirsutella_minnesotensis	Root;Ascomycota;Sordariomycetes;Microascales;Microascaceae	misclassification	3
F1-REF	4	2	rdp	0.0	EF200014	Root;Basidiomycota;Ustilaginomycetes;Urocystidales;Urocystidaceae;Urocystis;Urocystis_agropyri	Root;Basidiomycota;Ustilaginomycetes;Urocystidales;Glomosporiaceae	overclassification	4
F1-REF	4	2	rdp	0.0	GQ249887	Root;Basidiomycota;Agaricomycetes;Agaricales;Agaricaceae;Lepiota;Lepiota_cristatoides	Root;Basidiomycota;Agaricomycetes;Agaricales;Phelloriniaceae	overclassification	4
F1-REF	4	2	rdp	0.0	AF178417	Root;Ascomycota;Sordariomycetes;Hypocreales;Ophiocordycipitaceae;Chaunopycnis;Chaunopycnis_alba	Root;Ascomycota;Sordariomycetes;Hypocreales;Nectriaceae	overclassification	4
F1-REF	4	2	rdp	0.0	AF373978	Root;Ascomycota;Dothideomycetes;Myriangiales;Elsinoaceae;Elsinoe;Elsinoe_eucalyptorum	Root;Ascomycota;Eurotiomycetes;Pyrenulales;Xanthopyreniaceae	misclassification	2
F1-REF	4	2	rdp	0.0	DQ534465	Root;Ascomycota;Lecanoromycetes;Lecanorales;Parmeliaceae;Bryoria;Bryoria_trichodes	Root;Ascomycota;Lecanoromycetes;Lecanorales;Haematommataceae	overclassification	4
F1-REF	4	2	rdp	0.0	AY353257	Root;Basidiomycota;Agaricomycetes;Agaricales;Marasmiaceae;Marasmius;Marasmius_cohaerens	Root;Chytridiomycota;Chytridiomycetes;Chytridiales;Cladochytriaceae	misclassification	1
F1-REF	4	2	rdp	0.0	FJ548834	Root;Ascomycota;Eurotiomycetes;Eurotiales;Trichocomaceae;Aspergillus;Aspergillus_arenarius	Root;Ascomycota;Eurotiomycetes;Eurotiales;Thermoascaceae	overclassification	4
F1-REF	4	2	rdp	0.0	GQ981505	Root;Basidiomycota;Agaricomycetes;Gomphales;Gomphaceae;Lentaria;Lentaria_byssiseda	Root;Basidiomycota;Agaricomycetes;Phallales;Ramariaceae	misclassification	3
F1-REF	4	2	rdp	0.0	HM046875	Root;Basidiomycota;Agaricomycetes;Corticiales;Corticiaceae;Vuilleminia;Vuilleminia_coryli	Root;Basidiomycota;Agaricomycetes;Corticiales;Australovuilleminia_coccinea	overclassification	4
F1-REF	4	2	rdp	0.0	FJ624258	Root;Ascomycota;Dothideomycetes;Pleosporales;Lophiostomataceae;Vaginatispora;Vaginatispora_aquatica	Root;Ascomycota;Dothideomycetes;Pleosporales;Sporormiaceae	overclassification	4
F1-REF	4	2	rdp	0.0	AB036894	Root;Basidiomycota;Agaricomycetes;Agaricales;Lyophyllaceae;Asterophora;Asterophora_parasitica	Root;Basidiomycota;Agaricomycetes;Agaricales;Tricholomataceae	overclassification	4
F1-REF	4	2	rdp	0.0	DQ873655	Root;Basidiomycota;Agaricomycetes;Hymenochaetales;Hymenochaetaceae;Phellinus;Phellinus_calcitratus	Root;Basidiomycota;Agaricomycetes;Polyporales;Tubulicrinaceae	misclassification	3
F1-REF	4	2	rdp	0.0	AJ748260	Root;Ascomycota;Leotiomycetes;Helotiales;Hyaloscyphaceae;Discocistella;Cistella_grevillei	Root;Ascomycota;Dothideomycetes;Capnodiales;Antennulariellaceae	misclassification	2
F1-REF	4	2	rdp	0.0	AY756492	Root;Ascomycota;Dothideomycetes;Botryosphaeriales;Botryosphaeriaceae;Lasiodiplodia;Lasiodiplodia_pseudotheobromae	Root;Ascomycota;Lecanoromycetes;Lecanorales;Micareaceae	misclassification	2
F1-REF	4	2	rdp	0.0	DQ873660	Root;Basidiomycota;Tremellomycetes;Tremellales;Tremellaceae;Tremella;Tremella_flava	Root;Basidiomycota;Tremellomycetes;Tremellales;Exidiaceae	overclassification	4
F1-REF	4	2	rdp	0.0	EU552117	Root;Ascomycota;Dothideomycetes;Pleosporales;Leptosphaeriaceae;Leptosphaeria;Leptosphaeria_maculans_brassicae_group	Root;Ascomycota;Dothideomycetes;Pleosporales;Cucurbitariaceae	overclassification	4
F1-REF	4	2	rdp	0.0	EU784186	Root;Basidiomycota;Agaricomycetes;Gomphales;Gomphaceae;Ramariopsis;Ramariopsis_kunzei	Root;Basidiomycota;Agaricomycetes;Agaricales;Clavariaceae	misclassification	3
F1-REF	4	2	rdp	0.0	EU652349	Root;Ascomycota;Eurotiomycetes;Chaetothyriales;Herpotrichiellaceae;Phaeomoniella;Phaeomoniella_capensis	Root;Ascomycota;Leotiomycetes;Helotiales;Helotiaceae	misclassification	2
F1-REF	4	2	rdp	0.0	AY961602	Root;Ascomycota;Lecanoromycetes;Lecideales;Lecideaceae;Lecidea;Lecidea_nylanderi	Root;Ascomycota;Lecanoromycetes;Pertusariales;Icmadophilaceae	misclassification	3
F1-REF	4	2	rdp	0.0	EU837210	Root;Ascomycota;Dothideomycetes;Pleosporales;Venturiaceae;Venturia;Spilocaea_pomi	Root;Ascomycota;Pezizomycetes;Pezizales;Sarcosomataceae	misclassification	2
F1-REF	4	2	rdp	0.0	AJ419224	Root;Basidiomycota;Agaricomycetes;Corticiales;Corticiaceae;Lindtneria;Lindtneria_trachyspora	Root;Basidiomycota;Agaricomycetes;Agaricales;Stephanosporaceae	misclassification	3
F1-REF	4	2	rdp	0.0	AF444494	Root;Basidiomycota;Agaricostilbomycetes;Agaricostilbales;Agaricostilbaceae;Bensingtonia;Bensingtonia_sakaguchii	Root;Basidiomycota;Agaricostilbomycetes;Agaricostilbales;Chionosphaeraceae	overclassification	4
F1-REF	4	2	rdp	0.0	JF419904	Root;Basidiomycota;Exobasidiomycetes;Tilletiales;Tilletiaceae;Tilletia;Tilletia_opaca	Root;Ascomycota;Dothideomycetes;Pleosporales;Lindgomycetaceae	misclassification	1
F1-REF	4	2	rdp	0.0	AB278192	Root;Ascomycota;Sordariomycetes;Ophiostomatales;Ophiostomataceae;Ophiostoma;Ophiostoma_nigrocarpum	Root;Ascomycota;Sordariomycetes;Sordariales;Cephalothecaceae	misclassification	3
F1-REF	4	2	rdp	0.0	AY344968	Root;Basidiomycota;Ustilaginomycetes;Ustilaginales;Anthracoideaceae;Heterotolyposporium;Heterotolyposporium_piluliforme	Root;Basidiomycota;Ustilaginomycetes;Ustilaginales;Farysiaceae	overclassification	4
F1-REF	4	2	rdp	0.0	AF027763	Root;Ascomycota;Dothideomycetes;Dothideales;Dothioraceae;Kabatina;Kabatina_juniperi	Root;Ascomycota;Dothideomycetes;Dothideales;Dothideaceae	overclassification	4
F1-REF	4	2	rdp	0.0	EF174448	Root;Basidiomycota;Agaricomycetes;Agaricales;Marasmiaceae;Oudemansiella;Oudemansiella_canarii	Root;Basidiomycota;Agaricomycetes;Polyporales;Phanerochaetaceae	misclassification	3
F1-REF	4	2	rdp	0.0	AY212813	Root;Ascomycota;Lecanoromycetes;Agyriales;Agyriaceae;Placopsis;Placopsis_macrophthalma	Root;Ascomycota;Lecanoromycetes;Agyriales;Trapeliaceae	overclassification	4
F1-REF	4	2	rdp	0.0	AB524804	Root;Ascomycota;Dothideomycetes;Pleosporales;Pleomassariaceae;Prosthemium;Prosthemium_stellare	Root;Ascomycota;Dothideomycetes;Pleosporales;Tetraplosphaeriaceae	overclassification	4
F1-REF	4	2	rdp	0.0	AM743189	Root;Glomeromycota;Glomeromycetes;Archaeosporales;Archaeosporaceae;Archaeospora;Archaeospora_trappei	Root;Glomeromycota;Glomeromycetes;Diversisporales;Entrophosporaceae	misclassification	3
F1-REF	4	2	rdp	0.0	DQ104734	Root;Ascomycota;Saccharomycetes;Saccharomycetales;Saccharomycetaceae;Saccharomyces;Saccharomyces_transvaalensis	Root;Ascomycota;Saccharomycetes;Saccharomycetales;Pichiaceae	overclassification	4
F1-REF	4	2	rdp	0.0	AF019636	Root;Basidiomycota;Agaricomycetes;Polyporales;Meripilaceae;Rigidoporus;Rigidoporus_ulmarius	Root;Basidiomycota;Agaricomycetes;Sebacinales;Serendipitaceae	misclassification	3
F1-REF	4	2	rdp	0.0	GQ389623	Root;Basidiomycota;Agaricomycetes;Boletales;Melanogastraceae;Melanogaster;Melanogaster_intermedius	Root;Basidiomycota;Agaricomycetes;Boletales;Paxillaceae	overclassification	4
F1-REF	4	2	rdp	0.0	DQ780453	Root;Ascomycota;Dothideomycetes;Pleosporales;Lophiostomataceae;Lophiostoma;Lophiostoma_sagittiforme	Root;Ascomycota;Dothideomycetes;Pleosporales;Corynesporascaceae	overclassification	4
F1-REF	4	2	rdp	0.0	EF155483	Root;Ascomycota;Sordariomycetes;Xylariales;Xylariaceae;Xylaria;Xylaria_apiculata	Root;Ascomycota;Sordariomycetes;Xylariales;Diatrypaceae	overclassification	4
F1-REF	4	2	rdp	0.0	AY854067	Root;Basidiomycota;Agaricomycetes;Boletales;Boletaceae;Xerocomus;Xerocomus_ichnusanus	Root;Basidiomycota;Agaricomycetes;Boletales;Hygrophoropsidaceae	overclassification	4
F1-REF	4	2	rdp	0.0	DQ149848	Root;Basidiomycota;Agaricomycetes;Agaricales;Agaricaceae;Lepiota;Lepiota_alopochroa	Root;Basidiomycota;Agaricomycetes;Agaricales;Hydnangiaceae	overclassification	4