JF715197	p__Ascomycota;c__Saccharomycetes;o__Saccharomycetales;f__Pichiaceae;g__Pichia;s__Pichia_kudriavzevii	1.00	1
New.CleanUp.ReferenceOTU34	Unassigned	1.00	1
New.CleanUp.ReferenceOTU185	p__Ascomycota;c__Dothideomycetes;o__unidentified;f__unidentified;g__unidentified;s__Dothideomycetes_sp_11351	1.00	1
New.CleanUp.ReferenceOTU184	p__Ascomycota;c__Saccharomycetes;o__Saccharomycetales;f__Dipodascaceae;g__Galactomyces;s__Galactomyces_geotrichum	1.00	1
New.CleanUp.ReferenceOTU180	p__Ascomycota;c__Saccharomycetes;o__Saccharomycetales;f__Dipodascaceae;g__Galactomyces;s__Galactomyces_geotrichum	1.00	1
New.CleanUp.ReferenceOTU78	p__Ascomycota;c__Saccharomycetes;o__Saccharomycetales;f__Dipodascaceae;g__Galactomyces;s__Galactomyces_geotrichum	1.00	1
New.CleanUp.ReferenceOTU136	p__Ascomycota;c__Saccharomycetes;o__Saccharomycetales;f__Dipodascaceae;g__Dipodascus;s__Dipodascus_australiensis	1.00	1
New.CleanUp.ReferenceOTU138	p__Ascomycota;c__Saccharomycetes;o__Saccharomycetales;f__Incertae_sedis;g__Candida;s__Candida_catenulata	1.00	1
New.ReferenceOTU1	p__Ascomycota;c__Saccharomycetes;o__Saccharomycetales;f__Dipodascaceae;g__Galactomyces;s__Galactomyces_geotrichum	1.00	1
New.ReferenceOTU2	p__Ascomycota;c__Saccharomycetes;o__Saccharomycetales;f__Dipodascaceae;g__Galactomyces;s__Galactomyces_geotrichum	1.00	1
New.ReferenceOTU3	p__Ascomycota;c__Saccharomycetes;o__Saccharomycetales;f__Saccharomycetaceae;g__Zygosaccharomyces;s__Zygosaccharomyces_pseudorouxii	1.00	1
New.ReferenceOTU4	p__Ascomycota;c__Saccharomycetes;o__Saccharomycetales;f__Dipodascaceae;g__Galactomyces;s__Galactomyces_geotrichum	1.00	1
New.ReferenceOTU5	p__Ascomycota;c__Saccharomycetes;o__Saccharomycetales;f__Dipodascaceae;g__Galactomyces;s__Galactomyces_geotrichum	1.00	1
New.ReferenceOTU6	p__Ascomycota;c__Saccharomycetes;o__Saccharomycetales;f__Saccharomycetaceae;g__Zygosaccharomyces;s__Zygosaccharomyces_pseudorouxii	1.00	1
New.ReferenceOTU7	p__Ascomycota;c__Saccharomycetes;o__Saccharomycetales;f__Dipodascaceae;g__Galactomyces;s__Galactomyces_geotrichum	1.00	1
GU370744	p__unidentified;c__unidentified;o__unidentified;f__unidentified;g__unidentified;s__unculturedfungus	1.00	1
New.CleanUp.ReferenceOTU25	p__Ascomycota;c__Saccharomycetes;o__Saccharomycetales;f__Dipodascaceae;g__Galactomyces;s__Galactomyces_geotrichum	1.00	1
JF439501	p__unidentified;c__unidentified;o__unidentified;f__unidentified;g__unidentified;s__unculturedfungus	1.00	1
New.CleanUp.ReferenceOTU191	p__Ascomycota;c__Saccharomycetes;o__Saccharomycetales;f__Dipodascaceae;g__Galactomyces;s__Galactomyces_geotrichum	1.00	1
New.CleanUp.ReferenceOTU105	p__Ascomycota;c__Saccharomycetes;o__Saccharomycetales;f__Dipodascaceae;g__Galactomyces;s__Galactomyces_geotrichum	1.00	1
New.CleanUp.ReferenceOTU104	p__unidentified;c__unidentified;o__unidentified;f__unidentified;g__unidentified;s__unculturedfungus	1.00	1
New.CleanUp.ReferenceOTU107	p__unidentified;c__unidentified;o__unidentified;f__unidentified;g__unidentified;s__unculturedfungus	1.00	1
New.CleanUp.ReferenceOTU106	p__unidentified;c__unidentified;o__unidentified;f__unidentified;g__unidentified;s__unculturedsoil_fungus	1.00	1
JF449887	p__Ascomycota;c__unidentified;o__unidentified;f__unidentified;g__unidentified;s__unculturedAscomycota	1.00	1
New.CleanUp.ReferenceOTU109	p__Ascomycota;c__Saccharomycetes;o__Saccharomycetales;f__Pichiaceae;g__Pichia;s__Pichia_kudriavzevii	1.00	1
New.CleanUp.ReferenceOTU95	Unassigned	1.00	1
FJ466715	p__unidentified;c__unidentified;o__unidentified;f__unidentified;g__unidentified;s__unculturedfungus	1.00	1
JN905480	p__unidentified;c__unidentified;o__unidentified;f__unidentified;g__unidentified;s__unculturedfungus	1.00	1
GQ229082	p__Ascomycota;c__Eurotiomycetes;o__Eurotiales;f__Trichocomaceae;g__Aspergillus;s__Aspergillus_versicolor	1.00	1
New.CleanUp.ReferenceOTU15	p__Ascomycota;c__Saccharomycetes;o__Saccharomycetales;f__Dipodascaceae;g__Galactomyces;s__Galactomyces_geotrichum	1.00	1
New.CleanUp.ReferenceOTU16	p__Ascomycota;c__unidentified;o__unidentified;f__unidentified;g__unidentified;s__Pezizomycotina_sp_11290	1.00	1
AB236002	p__Ascomycota;c__Saccharomycetes;o__Saccharomycetales;f__Pichiaceae;g__Pichia;s__Pichia_burtonii	1.00	1
HQ589260	p__Ascomycota;c__Saccharomycetes;o__Saccharomycetales;f__Dipodascaceae;g__Galactomyces;s__Galactomyces_geotrichum	1.00	1
JF907594	p__Ascomycota;c__Saccharomycetes;o__Saccharomycetales;f__Dipodascaceae;g__Galactomyces;s__Galactomyces_geotrichum	1.00	1
DQ681335	p__Ascomycota;c__Eurotiomycetes;o__Eurotiales;f__Trichocomaceae;g__Penicillium;s__Penicillium_commune	1.00	1
New.CleanUp.ReferenceOTU142	p__Ascomycota;c__Saccharomycetes;o__Saccharomycetales;f__Dipodascaceae;g__Galactomyces;s__Galactomyces_geotrichum	1.00	1
New.CleanUp.ReferenceOTU90	p__unidentified;c__unidentified;o__unidentified;f__unidentified;g__unidentified;s__unculturedfungus	1.00	1
EF199746	p__Ascomycota;c__Saccharomycetes;o__Saccharomycetales;f__Incertae_sedis;g__Candida;s__Candida_catenulata	1.00	1
New.CleanUp.ReferenceOTU110	p__Ascomycota;c__Saccharomycetes;o__Saccharomycetales;f__Saccharomycetaceae;g__Debaryomyces;s__Debaryomyces_hansenii	1.00	1
New.CleanUp.ReferenceOTU111	p__Ascomycota;c__Saccharomycetes;o__Saccharomycetales;f__Dipodascaceae;g__Galactomyces;s__Galactomyces_geotrichum	1.00	1
New.CleanUp.ReferenceOTU94	Unassigned	1.00	1
New.CleanUp.ReferenceOTU117	p__Ascomycota;c__Saccharomycetes;o__Saccharomycetales;f__Dipodascaceae;g__Galactomyces;s__Galactomyces_geotrichum	1.00	1
EU490021	p__Ascomycota;c__unidentified;o__unidentified;f__unidentified;g__unidentified;s__ascomycete_sp_VTT_D_041022	1.00	1
FJ196614	p__unidentified;c__unidentified;o__unidentified;f__unidentified;g__unidentified;s__unculturedfungus	1.00	1
FR799498	p__Ascomycota;c__Eurotiomycetes;o__Eurotiales;f__Trichocomaceae;g__Penicillium;s__Penicillium_brevicompactum	1.00	1
HM037662	p__unidentified;c__unidentified;o__unidentified;f__unidentified;g__unidentified;s__unculturedsoil_fungus	1.00	1
New.CleanUp.ReferenceOTU44	p__Ascomycota;c__Dothideomycetes;o__unidentified;f__unidentified;g__unidentified;s__Dothideomycetes_sp_11351	1.00	1
FM875842	p__Ascomycota;c__Saccharomycetes;o__Saccharomycetales;f__Incertae_sedis;g__Candida;s__Candida_quercitrusa	1.00	1
New.CleanUp.ReferenceOTU169	p__unidentified;c__unidentified;o__unidentified;f__unidentified;g__unidentified;s__unculturedsoil_fungus	1.00	1
New.CleanUp.ReferenceOTU83	p__unidentified;c__unidentified;o__unidentified;f__unidentified;g__unidentified;s__unculturedcompost_fungus	1.00	1
New.CleanUp.ReferenceOTU162	p__Ascomycota;c__Dothideomycetes;o__unidentified;f__unidentified;g__unidentified;s__Dothideomycetes_sp_11351	1.00	1
New.CleanUp.ReferenceOTU81	Unassigned	1.00	1
EU551202	p__Ascomycota;c__Eurotiomycetes;o__Eurotiales;f__Trichocomaceae;g__Penicillium;s__Penicillium_concentricum	1.00	1
New.CleanUp.ReferenceOTU6	p__Ascomycota;c__Saccharomycetes;o__Saccharomycetales;f__Dipodascaceae;g__Galactomyces;s__Galactomyces_geotrichum	1.00	1
GU934594	p__Ascomycota;c__Eurotiomycetes;o__Eurotiales;f__Trichocomaceae;g__Penicillium;s__Penicillium_brevicompactum	1.00	1
New.CleanUp.ReferenceOTU5	p__Ascomycota;c__Dothideomycetes;o__unidentified;f__unidentified;g__unidentified;s__Dothideomycetes_sp_11351	1.00	1
New.CleanUp.ReferenceOTU2	p__unidentified;c__unidentified;o__unidentified;f__unidentified;g__unidentified;s__unculturedfungus	1.00	1
EF397557	p__Ascomycota;c__Sordariomycetes;o__Hypocreales;f__Nectriaceae;g__Fusarium;s__Fusarium_sp_LL_X4	1.00	1
HQ827787	p__unidentified;c__unidentified;o__unidentified;f__unidentified;g__unidentified;s__unculturedfungus	1.00	1
New.CleanUp.ReferenceOTU9	Unassigned	1.00	1
AM410602	p__unidentified;c__unidentified;o__unidentified;f__unidentified;g__unidentified;s__unculturedsoil_fungus	1.00	1
New.CleanUp.ReferenceOTU72	Unassigned	1.00	1
GQ458026	p__Ascomycota;c__Eurotiomycetes;o__Eurotiales;f__Trichocomaceae;g__Penicillium;s__Penicillium_sp_0210LASC26Y_1	1.00	1
New.CleanUp.ReferenceOTU71	p__unidentified;c__unidentified;o__unidentified;f__unidentified;g__unidentified;s__unculturedfungus	1.00	1
New.CleanUp.ReferenceOTU179	p__Ascomycota;c__Saccharomycetes;o__Saccharomycetales;f__Dipodascaceae;g__Galactomyces;s__Galactomyces_geotrichum	1.00	1
New.CleanUp.ReferenceOTU174	p__Ascomycota;c__Saccharomycetes;o__Saccharomycetales;f__Dipodascaceae;g__Galactomyces;s__Galactomyces_geotrichum	1.00	1
New.CleanUp.ReferenceOTU175	p__Ascomycota;c__Saccharomycetes;o__Saccharomycetales;f__Pichiaceae;g__Pichia;s__Pichia_kudriavzevii	1.00	1
New.CleanUp.ReferenceOTU176	Unassigned	1.00	1
New.CleanUp.ReferenceOTU170	Unassigned	1.00	1
DQ683114	p__Ascomycota;c__Saccharomycetes;o__Saccharomycetales;f__Dipodascaceae;g__Galactomyces;s__Galactomyces_geotrichum	1.00	1
GU566244	p__Ascomycota;c__Eurotiomycetes;o__Eurotiales;f__Trichocomaceae;g__Penicillium;s__Penicillium_corylophilum	1.00	1
JF720033	p__Ascomycota;c__Saccharomycetes;o__Saccharomycetales;f__Saccharomycetaceae;g__Debaryomyces;s__Debaryomyces_hansenii	1.00	1
New.CleanUp.ReferenceOTU61	p__unidentified;c__unidentified;o__unidentified;f__unidentified;g__unidentified;s__unculturedfungus	1.00	1
New.CleanUp.ReferenceOTU60	p__Ascomycota;c__Saccharomycetes;o__Saccharomycetales;f__Incertae_sedis;g__Candida;s__Candida_catenulata	1.00	1
New.CleanUp.ReferenceOTU62	p__Ascomycota;c__Saccharomycetes;o__Saccharomycetales;f__Incertae_sedis;g__Candida;s__Candida_catenulata	1.00	1
New.CleanUp.ReferenceOTU145	p__Ascomycota;c__Saccharomycetes;o__Saccharomycetales;f__Dipodascaceae;g__Galactomyces;s__Galactomyces_geotrichum	1.00	1
FM177661	p__unidentified;c__unidentified;o__unidentified;f__unidentified;g__unidentified;s__unculturedcompost_fungus	1.00	1
GQ999201	p__Ascomycota;c__Eurotiomycetes;o__Eurotiales;f__Trichocomaceae;g__Penicillium;s__Penicillium_brevicompactum	1.00	1
New.CleanUp.ReferenceOTU54	p__Ascomycota;c__Saccharomycetes;o__Saccharomycetales;f__Dipodascaceae;g__Galactomyces;s__Galactomyces_geotrichum	1.00	1
GQ376077	p__Ascomycota;c__Saccharomycetes;o__Saccharomycetales;f__Saccharomycetaceae;g__Kluyveromyces;s__Kluyveromyces_lactis	1.00	1
New.CleanUp.ReferenceOTU51	p__Ascomycota;c__Saccharomycetes;o__Saccharomycetales;f__Pichiaceae;g__Pichia;s__Pichia_kudriavzevii	1.00	1
New.CleanUp.ReferenceOTU150	Unassigned	1.00	1
HM069364	p__unidentified;c__unidentified;o__unidentified;f__unidentified;g__unidentified;s__unculturedfungus	1.00	1
JN905595	p__unidentified;c__unidentified;o__unidentified;f__unidentified;g__unidentified;s__unculturedfungus	1.00	1
New.CleanUp.ReferenceOTU58	p__Ascomycota;c__Saccharomycetes;o__Saccharomycetales;f__Incertae_sedis;g__Candida;s__Candida_catenulata	1.00	1
New.CleanUp.ReferenceOTU48	p__Ascomycota;c__Saccharomycetes;o__Saccharomycetales;f__Incertae_sedis;g__Candida;s__Candida_catenulata	1.00	1
New.CleanUp.ReferenceOTU43	Unassigned	1.00	1
New.CleanUp.ReferenceOTU40	p__unidentified;c__unidentified;o__unidentified;f__unidentified;g__unidentified;s__unculturedfungus	1.00	1
GU054037	p__unidentified;c__unidentified;o__unidentified;f__unidentified;g__unidentified;s__unculturedfungus	1.00	1
HQ115737	p__Ascomycota;c__Saccharomycetes;o__Saccharomycetales;f__Dipodascaceae;g__Dipodascus;s__Dipodascus_australiensis	1.00	1
New.CleanUp.ReferenceOTU123	p__Ascomycota;c__Saccharomycetes;o__Saccharomycetales;f__Incertae_sedis;g__Candida;s__Candida_catenulata	1.00	1
New.CleanUp.ReferenceOTU124	p__unidentified;c__unidentified;o__unidentified;f__unidentified;g__unidentified;s__unculturedfungus	1.00	1
New.CleanUp.ReferenceOTU82	Unassigned	1.00	1
FJ777353	p__unidentified;c__unidentified;o__unidentified;f__unidentified;g__unidentified;s__unculturedfungus	1.00	1
