dataset	level	iteration	method	parameters	seq_id               	observed_taxonomy	expected_taxonomy	result	mismatch_level
F1-REF	4	1	rdp	0.2	HM535599	Root;Ascomycota;Dothideomycetes;Capnodiales;Antennulariellaceae;Heteroconium;Heteroconium_kleinziense	Root;Ascomycota;Dothideomycetes;Capnodiales;Asterinaceae	overclassification	4
F1-REF	4	1	rdp	0.2	GQ241289	Root;Ascomycota;Sordariomycetes;Calosphaeriales;Pleurostomataceae;Pleurostomophora;Pleurostomophora_repens	Root;Ascomycota;Sordariomycetes;Diaporthales;Togniniaceae	misclassification	3
F1-REF	4	1	rdp	0.2	AJ716305	Root;Basidiomycota;Agaricomycetes;Corticiales;Corticiaceae;Rhizoctonia;Rhizoctonia_fragariae	Root;Ascomycota;Leotiomycetes;Helotiales;Sclerotiniaceae	misclassification	1
F1-REF	4	1	rdp	0.2	EF653987	Root;Basidiomycota;Ustilaginomycetes;Urocystidales;Urocystidaceae;Urocystis;Urocystis_eranthidis	Root;Basidiomycota;Ustilaginomycetes;Urocystidales;Floromycetaceae	overclassification	4
F1-REF	4	1	rdp	0.2	AY312503	Root;Ascomycota	Root;Microsporidia;Microsporea;Microsporida;Thelohaniidae	misclassification	1
F1-REF	4	1	rdp	0.2	AF205647	Root;Basidiomycota;Agaricomycetes;Boletales;Suillaceae;Truncocolumella;Truncocolumella_citrina	Root;Basidiomycota;Agaricomycetes;Boletales;Gomphidiaceae	overclassification	4
F1-REF	4	1	rdp	0.2	EU272483	Root;Ascomycota;Dothideomycetes;Capnodiales;Mycosphaerellaceae;Selenophoma;Selenophoma_australiensis	Root;Ascomycota;Dothideomycetes;Dothideales;Dothioraceae	misclassification	3
F1-REF	4	1	rdp	0.2	AF433147	Root;Ascomycota;Leotiomycetes;Rhytismatales;Rhytismataceae;Lophodermium	Root;Ascomycota;Leotiomycetes;Rhytismatales;Cudoniaceae	overclassification	4
F1-REF	4	1	rdp	0.2	EF530926	Root;Basidiomycota;Agaricomycetes;Agaricales;Tricholomataceae	Root;Basidiomycota;Agaricomycetes;Agaricales;Pluteaceae	overclassification	4
F1-REF	4	1	rdp	0.2	GU973533	Root;Ascomycota;Sordariomycetes;Diaporthales;Valsaceae;Phomopsis	Root;Ascomycota;Sordariomycetes;Diaporthales;Pseudoplagiostoma_eucalypti	overclassification	4
F1-REF	4	1	rdp	0.2	AF284447	Root;Ascomycota;Lecanoromycetes;Acarosporales;Acarosporaceae;Acarospora	Root;Ascomycota;Lecanoromycetes;Umbilicariales;Umbilicariaceae	misclassification	3
F1-REF	4	1	rdp	0.2	AJ581995	Root;Microsporidia;Microsporea;Microsporida;Glugeidae;Glugoides;Glugoides_intestinalis	Root;Microsporidia;Microsporea;Microsporida;Mrazekiidae	overclassification	4
F1-REF	4	1	rdp	0.2	EU057897	Root;Ascomycota;Lecanoromycetes	Root;Ascomycota;Lecanoromycetes;Lecanorales;Hymeneliaceae	underclassification	3
F1-REF	4	1	rdp	0.2	GU214649	Root;Ascomycota;Dothideomycetes;Capnodiales;Antennulariellaceae;Antennariella;Antennariella_placitae	Root;Ascomycota;Dothideomycetes;Capnodiales;Capnodiaceae	overclassification	4
F1-REF	4	1	rdp	0.2	EU552123	Root;Ascomycota;Dothideomycetes;Pleosporales	Root;Ascomycota;Dothideomycetes;Pleosporales;Didymosphaeriaceae	match	4
F1-REF	4	1	rdp	0.2	FR865444	Root;Glomeromycota;Glomeromycetes;Glomerales;Glomeraceae;Glomus;Glomus_versiforme	Root;Glomeromycota;Glomeromycetes;Diversisporales;Diversisporaceae	misclassification	3
F1-REF	4	1	rdp	0.2	AF038321	Root;Ascomycota;Eurotiomycetes	Root;Ascomycota;Eurotiomycetes;Onygenales;Ajellomycetaceae	underclassification	3
F1-REF	4	1	rdp	0.2	EF989122	Root;Ascomycota	Root;Basidiomycota;Agaricomycetes;Hysterangiales;Mesophelliaceae	misclassification	1
F1-REF	4	1	rdp	0.2	AY839755	Root;Ascomycota;Sordariomycetes	Root;Ascomycota;Dothideomycetes;Capnodiales;Piedraiaceae	misclassification	2
F1-REF	4	1	rdp	0.2	DQ846890	Root;Basidiomycota;Ustilaginomycetes;Ustilaginales;Ustilaginaceae	Root;Basidiomycota;Ustilaginomycetes;Ustilaginales;Cintractiaceae	overclassification	4
F1-REF	4	1	rdp	0.2	AF274090	Root;Ascomycota;Lecanoromycetes;Lecanorales	Root;Ascomycota;Lecanoromycetes;Agyriales;Schaereriaceae	misclassification	3
F1-REF	4	1	rdp	0.2	U35307	Root;Ascomycota;Sordariomycetes;Hypocreales;Clavicipitaceae;Elaphocordyceps;Elaphocordyceps_paradoxa	Root;Ascomycota;Sordariomycetes;Hypocreales;Ophiocordycipitaceae	overclassification	4
F1-REF	4	1	rdp	0.2	FJ869184	Root;Basidiomycota;Agaricomycetes;Agaricales;Tricholomataceae	Root;Basidiomycota;Agaricomycetes;Agaricales;Bolbitiaceae	overclassification	4
F1-REF	4	1	rdp	0.2	AY456376	Root;Basidiomycota;Agaricomycetes;Agaricales	Root;Basidiomycota;Agaricomycetes;Cantharellales;Clavulinaceae	misclassification	3
F1-REF	4	1	rdp	0.2	FJ493249	Root;Ascomycota;Leotiomycetes	Root;Ascomycota;Leotiomycetes;Helotiales;Dermateaceae	underclassification	3
F1-REF	4	1	rdp	0.2	EU423189	Root;Basidiomycota;Agaricomycetes	Root;Basidiomycota;Agaricomycetes;Agaricales;Fistulinaceae	underclassification	3
F1-REF	4	1	rdp	0.2	AF116177	Root;Ascomycota;Lecanoromycetes;Lecanorales;Lecanoraceae;Lecanora;Lecanora_epibryon	Root;Ascomycota;Lecanoromycetes;Lecanorales;Parmeliaceae	overclassification	4
F1-REF	4	1	rdp	0.2	DQ517384	Root;Basidiomycota;Agaricomycetes;Boletales;Suillaceae;Truncocolumella;Truncocolumella_citrina	Root;Basidiomycota;Agaricomycetes;Boletales;Rhizopogonaceae	overclassification	4
F1-REF	4	1	rdp	0.2	GQ340430	Root;Ascomycota;Saccharomycetes;Saccharomycetales;Pichiaceae;Pichia;Pichia_guilliermondii	Root;Ascomycota;Saccharomycetes;Saccharomycetales;Debaryomycetaceae	overclassification	4
F1-REF	4	1	rdp	0.2	DQ534457	Root;Ascomycota;Lecanoromycetes	Root;Ascomycota;Lecanoromycetes;Rhizocarpales;Catillariaceae	underclassification	3
F1-REF	4	1	rdp	0.2	FJ588711	Root;Ascomycota;Lecanoromycetes;Teloschistales;Physciaceae	Root;Ascomycota;Lecanoromycetes;Ostropales;Stictidaceae	misclassification	3
F1-REF	4	1	rdp	0.2	AB097450	Root;Basidiomycota;Pucciniomycetes;Pucciniales;Pucciniaceae;Puccinia;Puccinia_psidii	Root;Basidiomycota;Pucciniomycetes;Pucciniales;Uropyxidaceae	overclassification	4
F1-REF	4	1	rdp	0.2	GQ981504	Root;Basidiomycota;Agaricomycetes	Root;Basidiomycota;Agaricomycetes;Boletales;Gastrosporiaceae	underclassification	3
F1-REF	4	1	rdp	0.2	AF514292	Root;Ascomycota;Saccharomycetes;Saccharomycetales	Root;Ascomycota;Saccharomycetes;Saccharomycetales;Metschnikowiaceae	match	4
F1-REF	4	1	rdp	0.2	FJ481033	Root;Basidiomycota;Agaricomycetes;Agaricales;Coprinaceae;Coprinus;Coprinus_sterquilinus	Root;Basidiomycota;Agaricomycetes;Agaricales;Lycoperdaceae	overclassification	4
F1-REF	4	1	rdp	0.2	EU343817	Root;Basidiomycota;Agaricomycetes	Root;Ascomycota;Saccharomycetes;Saccharomycetales;Trichomonascaceae	misclassification	1
F1-REF	4	1	rdp	0.2	EU639582	Root;Ascomycota;Dothideomycetes;Capnodiales	Root;Ascomycota;Lecanoromycetes;Lecanorales;Psoraceae	misclassification	2
F1-REF	4	1	rdp	0.2	FJ481038	Root;Basidiomycota;Agaricomycetes;Agaricales	Root;Basidiomycota;Agaricomycetes;Agaricales;Mycenaceae	match	4
F1-REF	4	1	rdp	0.2	DQ812914	Root;Ascomycota;Sordariomycetes;Phyllachorales;Phyllachoraceae;Plectosphaera;Plectosphaera_eucalypti	Root;Ascomycota;Sordariomycetes;Xylariales;Amphisphaeriaceae	misclassification	3
F1-REF	4	1	rdp	0.2	DQ485612	Root;Ascomycota	Root;Chytridiomycota;Chytridiomycetes;Rhizophydiales;Rhizophydiaceae	misclassification	1
F1-REF	4	1	rdp	0.2	UDB004285	Root;Basidiomycota;Agaricomycetes	Root;Basidiomycota;Agaricomycetes;Atheliales;Atheliales	underclassification	3
F1-REF	4	1	rdp	0.2	AY789345	Root;Ascomycota;Leotiomycetes;Helotiales;Phacidiaceae;Allantophomopsis;Allantophomopsis_lycopodina	Root;Ascomycota;Leotiomycetes;Leotiales;Bulgariaceae	misclassification	3
F1-REF	4	1	rdp	0.2	AY218427	Root;Basidiomycota;Agaricomycetes;Polyporales	Root;Basidiomycota;Agaricomycetes;Polyporales;Sparassidaceae	match	4
F1-REF	4	1	rdp	0.2	EU833666	Root;Basidiomycota;Agaricomycetes;Agaricales;Coprinaceae;Coprinus;Coprinus_sterquilinus	Root;Basidiomycota;Agaricomycetes;Agaricales;Mycenastraceae	overclassification	4
F1-REF	4	1	rdp	0.2	EU551211	Root;Basidiomycota;Tremellomycetes;Filobasidiales;Filobasidiaceae;Cryptococcus	Root;Basidiomycota;Tremellomycetes;Tremellales;Trichosporonaceae	misclassification	3
F1-REF	4	1	rdp	0.2	HQ650626	Root;Ascomycota;Lecanoromycetes	Root;Ascomycota;Lecanoromycetes;Peltigerales;Placynthiaceae	underclassification	3
F1-REF	4	1	rdp	0.2	DQ681328	Root;Ascomycota;Sordariomycetes;Hypocreales;Clavicipitaceae;Nomuraea;Nomuraea_anemonoides	Root;Ascomycota;Eurotiomycetes;Eurotiales;Trichocomaceae	misclassification	2
F1-REF	4	1	rdp	0.2	HQ232963	Root;Ascomycota;Sordariomycetes;Xylariales;Liberomyces_macrosporus;Liberomyces_macrosporus;Liberomyces_macrosporus	Root;Ascomycota;Sordariomycetes;Xylariales;Liberomyces_saliciphilus	overclassification	4
F1-REF	4	1	rdp	0.2	EF080868	Root;Basidiomycota;Agaricomycetes;Agaricales;Hydnangiaceae;Laccaria;Laccaria_vinaceoavellanea	Root;Basidiomycota;Agaricomycetes;Agaricales;Agaricaceae	overclassification	4
F1-REF	4	1	rdp	0.2	JF681957	Root;Ascomycota;Sordariomycetes;Diaporthales;Gnomoniaceae;Gnomonia;Gnomonia_fragariae	Root;Ascomycota;Sordariomycetes;Diaporthales;Sydowiellaceae	overclassification	4
F1-REF	4	1	rdp	0.2	DQ679503	Root;Basidiomycota;Agaricomycetes;Agaricales	Root;Basidiomycota;Agaricostilbomycetes;Agaricostilbales;Kondoaceae	misclassification	2
F1-REF	4	1	rdp	0.2	DQ681201	Root;Basidiomycota;Agaricomycetes;Polyporales;Steccherinaceae;Steccherinum;Steccherinum_robustius	Root;Basidiomycota;Agaricomycetes;Polyporales;Hyphodermataceae	overclassification	4
F1-REF	4	1	rdp	0.2	HQ414538	Root;Basidiomycota;Agaricomycetes	Root;Basidiomycota;Agaricomycetes;Phallales;Phallaceae	underclassification	3
F1-REF	4	1	rdp	0.2	AB369939	Root;Basidiomycota;Agaricomycetes	Root;Basidiomycota;Agaricomycetes;Cantharellales;Tulasnellaceae	underclassification	3
F1-REF	4	1	rdp	0.2	AB259844	Root;Basidiomycota	Root;Glomeromycota;Glomeromycetes;Archaeosporales;Ambisporaceae	misclassification	1
F1-REF	4	1	rdp	0.2	JF744951	Root;Ascomycota;Lecanoromycetes;Lecideales;Lecideaceae;Lecidea	Root;Ascomycota;Lecanoromycetes;Lecanorales;Mycoblastaceae	misclassification	3
F1-REF	4	1	rdp	0.2	FJ903316	Root;Ascomycota;Sordariomycetes;Chaetosphaeriales;Chaetosphaeriaceae;Kylindria;Kylindria_ellisii	Root;Ascomycota;Sordariomycetes;Sordariales;Helminthosphaeriaceae	misclassification	3
F1-REF	4	1	rdp	0.2	DQ875344	Root;Basidiomycota;Ustilaginomycetes;Urocystidales;Glomosporiaceae;Thecaphora;Thecaphora_amaranthi	Root;Basidiomycota;Ustilaginomycetes;Urocystidales;Doassansiopsidaceae	overclassification	4
F1-REF	4	1	rdp	0.2	DQ875343	Root;Basidiomycota;Ustilaginomycetes;Ustilaginales;Ustilaginaceae;Schizonella;Schizonella_isolepidis	Root;Basidiomycota;Ustilaginomycetes;Ustilaginales;Anthracoideaceae	overclassification	4
F1-REF	4	1	rdp	0.2	FM878021	Root;Basidiomycota;Agaricomycetes;Agaricales;Coprinaceae;Coprinus;Coprinus_patouillardi	Root;Basidiomycota;Agaricomycetes;Agaricales;Psathyrellaceae	overclassification	4
F1-REF	4	1	rdp	0.2	AF272836	Root;Microsporidia;Microsporea;Microsporida;Ordosporidae;Ordospora;Ordospora_colligata	Root;Microsporidia;Microsporea;Microsporida;Encephalitozoonidae	overclassification	4
F1-REF	4	1	rdp	0.2	EU784370	Root;Basidiomycota;Agaricomycetes;Boletales;Paxillaceae;Paxillus;Paxillus_ammoniavirescens	Root;Basidiomycota;Agaricomycetes;Boletales;Melanogastraceae	overclassification	4
F1-REF	4	1	rdp	0.2	HQ599379	Root	Root;Ascomycota;Eurotiomycetes;Pyrenulales;Massariaceae	underclassification	1
F1-REF	4	1	rdp	0.2	EU718127	Root;Basidiomycota;Agaricomycetes;Boletales;Boletaceae;Boletus	Root;Basidiomycota;Agaricomycetes;Boletales;Diplocystidiaceae	overclassification	4
F1-REF	4	1	rdp	0.2	DQ534474	Root;Ascomycota;Lecanoromycetes;Baeomycetales;Baeomycetaceae;Baeomyces;Baeomyces_rufus	Root;Ascomycota;Lecanoromycetes;Pertusariales;Pertusariaceae	misclassification	3
F1-REF	4	1	rdp	0.2	FM876789	Root	Root;Glomeromycota;Glomeromycetes;Diversisporales;Acaulosporaceae	underclassification	1
F1-REF	4	1	rdp	0.2	AJ419913	Root;Basidiomycota;Agaricomycetes;Boletales;Boletaceae;Boletus	Root;Basidiomycota;Agaricomycetes;Boletales;Coniophoraceae	overclassification	4
F1-REF	4	1	rdp	0.2	EF081374	Root;Ascomycota	Root;Ascomycota;Arthoniomycetes;Arthoniales;Roccellaceae	underclassification	2
F1-REF	4	1	rdp	0.2	DQ872370	Root;Ascomycota;Sordariomycetes;Hypocreales;Clavicipitaceae	Root;Ascomycota;Sordariomycetes;Hypocreales;Cordycipitaceae	overclassification	4
F1-REF	4	1	rdp	0.2	AY740040	Root;Basidiomycota;Ustilaginomycetes;Ustilaginales;Ustilaginaceae;Ustilago;Ustilago_schmidtiae	Root;Basidiomycota;Ustilaginomycetes;Ustilaginales;Melanopsichiaceae	overclassification	4
F1-REF	4	1	rdp	0.2	AF289074	Root;Ascomycota	Root;Ascomycota;Pezizomycetes;Pezizales;Pyronemataceae	underclassification	2
F1-REF	4	1	rdp	0.2	FJ231440	Root;Ascomycota;Saccharomycetes;Saccharomycetales;Saccharomycetaceae	Root;Ascomycota;Saccharomycetes;Saccharomycetales;Saccharomycodaceae	overclassification	4
F1-REF	4	1	rdp	0.2	AJ271578	Root;Ascomycota;Sordariomycetes;Sordariales;Lasiosphaeriaceae;Cladorrhinum;Cladorrhinum_brunnescens	Root;Ascomycota;Sordariomycetes;Sordariales;Chaetomiaceae	overclassification	4
F1-REF	4	1	rdp	0.2	EU718092	Root;Basidiomycota;Agaricomycetes;Boletales;Boletaceae	Root;Basidiomycota;Agaricomycetes;Boletales;Calostomataceae	overclassification	4
F1-REF	4	1	rdp	0.2	EU930087	Root;Basidiomycota;Pucciniomycetes;Pucciniales;Pucciniaceae;Puccinia	Root;Basidiomycota;Pucciniomycetes;Pucciniales;Phakopsoraceae	overclassification	4
F1-REF	4	1	rdp	0.2	DQ534467	Root;Ascomycota;Lecanoromycetes;Lecideales;Lecideaceae;Lecidea	Root;Ascomycota;Lecanoromycetes;Lecanorales;Ramalinaceae	misclassification	3
F1-REF	4	1	rdp	0.2	EU402583	Root;Basidiomycota;Agaricomycetes;Polyporales;Phanerochaetaceae;Phanerochaete	Root;Basidiomycota;Agaricomycetes;Polyporales;Hapalopilaceae	overclassification	4
F1-REF	4	1	rdp	0.2	FJ598616	Root;Ascomycota;Sordariomycetes;Diaporthales;Gnomoniaceae	Root;Ascomycota;Sordariomycetes;Diaporthales;Melanconidaceae	overclassification	4
F1-REF	4	1	rdp	0.2	HQ020412	Root;Basidiomycota;Agaricomycetes;Agaricales;Cortinariaceae	Root;Basidiomycota;Agaricomycetes;Agaricales;Gigaspermaceae	overclassification	4
F1-REF	4	1	rdp	0.2	FJ624259	Root;Ascomycota;Sordariomycetes;Diaporthales;Cryphonectriaceae;Amphilogia;Amphilogia_gyrosa	Root;Ascomycota;Sordariomycetes;Diaporthales;Schizoparmaceae	overclassification	4
F1-REF	4	1	rdp	0.2	GU966521	Root;Ascomycota;Sordariomycetes;Sordariales;Lasiosphaeriaceae;Strattonia	Root;Ascomycota;Dothideomycetes;Pleosporales;Mytilinidiaceae	misclassification	2
F1-REF	4	1	rdp	0.2	AF396864	Root;Ascomycota	Root;Ascomycota;Pezizomycetes;Pezizales;Pezizaceae	underclassification	2
F1-REF	4	1	rdp	0.2	DQ435529	Root;Ascomycota;Dothideomycetes;Botryosphaeriales;Botryosphaeriaceae;Microdiplodia;Microdiplodia_miyakei	Root;Ascomycota;Dothideomycetes;Pleosporales;Dacampiaceae	misclassification	3
F1-REF	4	1	rdp	0.2	JF908711	Root;Ascomycota;Leotiomycetes;Helotiales;Hyaloscyphaceae;Lachnum;Lachnum_clandestinum	Root;Ascomycota;Leotiomycetes;Helotiales;Rutstroemiaceae	overclassification	4
F1-REF	4	1	rdp	0.2	AF193379	Root;Basidiomycota;Agaricomycetes	Root;Basidiomycota;Agaricomycetes;Agaricales;Typhulaceae	underclassification	3
F1-REF	4	1	rdp	0.2	JN194161	Root;Ascomycota	Root;Glomeromycota;Glomeromycetes;Glomerales;Claroideoglomeraceae	misclassification	1
F1-REF	4	1	rdp	0.2	JN043312	Root;Ascomycota;Lecanoromycetes	Root;Ascomycota;Pezizomycetes;Pezizales;Caloscyphaceae	misclassification	2
F1-REF	4	1	rdp	0.2	EU784188	Root;Basidiomycota;Agaricomycetes;Agaricales;Tricholomataceae;Melanoleuca	Root;Basidiomycota;Agaricomycetes;Agaricales;Nidulariaceae	overclassification	4
F1-REF	4	1	rdp	0.2	AF484690	Root;Basidiomycota;Pucciniomycetes;Pucciniales;Pucciniaceae;Puccinia;Puccinia_pimpinellae	Root;Microsporidia;Microsporea;Microsporida;Pseudonosematidae	misclassification	1
F1-REF	4	1	rdp	0.2	FJ708934	Root;Ascomycota;Dothideomycetes	Root;Ascomycota;Lecanoromycetes;Peltigerales;Peltigeraceae	misclassification	2
F1-REF	4	1	rdp	0.2	EU784254	Root;Ascomycota;Lecanoromycetes	Root;Ascomycota;Leotiomycetes;Helotiales;Geoglossaceae	misclassification	2
F1-REF	4	1	rdp	0.2	DQ534455	Root;Ascomycota;Lecanoromycetes	Root;Ascomycota;Lecanoromycetes;Teloschistales;Teloschistaceae	underclassification	3
F1-REF	4	1	rdp	0.2	EF561640	Root;Basidiomycota;Pucciniomycetes;Pucciniales;Pucciniaceae	Root;Basidiomycota;Pucciniomycetes;Pucciniales;Coleosporiaceae	overclassification	4
F1-REF	4	1	rdp	0.2	EF444842	Root;Basidiomycota;Exobasidiomycetes;Microstromatales;Microstromataceae;Microstroma;Microstroma_juglandis	Root;Basidiomycota;Exobasidiomycetes;Microstromatales;Quambalariaceae	overclassification	4
F1-REF	4	1	rdp	0.2	U19954	Root;Basidiomycota;Agaricomycetes;Corticiales;Corticiaceae;Rhizoctonia;Rhizoctonia_bataticola	Root;Basidiomycota;Agaricomycetes;Cantharellales;Ceratobasidiaceae	misclassification	3
F1-REF	4	1	rdp	0.2	DQ917653	Root;Basidiomycota;Agaricomycetes;Agaricales;Tricholomataceae	Root;Basidiomycota;Agaricomycetes;Agaricales;Lyophyllaceae	overclassification	4
F1-REF	4	1	rdp	0.2	DQ025483	Root;Basidiomycota;Exobasidiomycetes;Entylomatales;Tilletiopsis_cremea;Tilletiopsis_cremea;Tilletiopsis_cremea	Root;Basidiomycota;Exobasidiomycetes;Entylomatales;Tilletiopsis_washingtonensis	overclassification	4
F1-REF	4	1	rdp	0.2	EF621920	Root;Basidiomycota;Microbotryomycetes;Microbotryales;Ustilentylomataceae;Bauerago;Bauerago_abstrusa	Root;Basidiomycota;Microbotryomycetes;Microbotryales;Microbotryaceae	overclassification	4
F1-REF	4	1	rdp	0.2	AJ877221	Root;Ascomycota;Eurotiomycetes;Onygenales;Onygenaceae;Chrysosporium;Chrysosporium_vespertilium	Root;Ascomycota;Eurotiomycetes;Onygenales;Arthrodermataceae	overclassification	4
F1-REF	4	1	rdp	0.2	AB551948	Root;Ascomycota;Dothideomycetes	Root;Ascomycota;Dothideomycetes;Pleosporales;Pleomassariaceae	underclassification	3
F1-REF	4	1	rdp	0.2	AF336150	Root;Basidiomycota;Agaricomycetes	Root;Basidiomycota;Agaricomycetes;Russulales;Auriscalpiaceae	underclassification	3
F1-REF	4	1	rdp	0.2	AF395684	Root;Ascomycota;Sordariomycetes	Root;Ascomycota;Sordariomycetes;Microascales;Ceratocystidaceae	underclassification	3
F1-REF	4	1	rdp	0.2	DQ536501	Root;Basidiomycota;Agaricomycetes;Agaricales	Root;Chytridiomycota;Chytridiomycetes;Chytridiales;Chytridiaceae	misclassification	1
F1-REF	4	1	rdp	0.2	EF025406	Root;Ascomycota;Sordariomycetes	Root;Ascomycota;Eurotiomycetes;Chaetothyriales;Herpotrichiellaceae	misclassification	2
F1-REF	4	1	rdp	0.2	AY364089	Root;Basidiomycota;Agaricomycetes;Agaricales	Root;Microsporidia;Microsporea;Microsporida;Nosematidae	misclassification	1
F1-REF	4	1	rdp	0.2	EU142931	Root;Ascomycota;Sordariomycetes	Root;Ascomycota;Lecanoromycetes;Peltigerales;Coccocarpiaceae	misclassification	2
F1-REF	4	1	rdp	0.2	HQ888732	Root	Root;Blastocladiomycota;Blastocladiomycetes;Blastocladiales;Catenariaceae	underclassification	1
F1-REF	4	1	rdp	0.2	DQ887774	Root;Ascomycota;Orbiliomycetes;Orbiliales;Orbiliaceae;Helicoon_fuscosporum;Helicoon_fuscosporum	Root;Ascomycota;Dothideomycetes;Pleosporales;Venturiaceae	misclassification	2
F1-REF	4	1	rdp	0.2	EU118619	Root;Basidiomycota;Agaricomycetes;Gloeophyllales;Gloeophyllaceae;Gloeophyllum;Gloeophyllum_carbonarium	Root;Basidiomycota;Agaricomycetes;Polyporales;Boreostereaceae	misclassification	3
F1-REF	4	1	rdp	0.2	AY307935	Root;Ascomycota;Pezizomycetes;Pezizales;Sarcosomataceae;Conoplea;Conoplea_aff_elegantula_Kurogi_sn	Root;Ascomycota;Pezizomycetes;Pezizales;Chorioactidaceae	overclassification	4