dataset	level	iteration	method	parameters	seq_id               	observed_taxonomy	expected_taxonomy	result	mismatch_level
F1-REF	4	2	rdp	0.2	AB369939	Root;Basidiomycota;Agaricomycetes;Agaricales	Root;Basidiomycota;Agaricomycetes;Cantharellales;Tulasnellaceae	misclassification	3
F1-REF	4	2	rdp	0.2	GQ241289	Root;Ascomycota;Sordariomycetes;Xylariales;Xylariaceae	Root;Ascomycota;Sordariomycetes;Diaporthales;Togniniaceae	misclassification	3
F1-REF	4	2	rdp	0.2	AJ716305	Root;Basidiomycota;Agaricomycetes;Corticiales;Corticiaceae;Rhizoctonia;Rhizoctonia_fragariae	Root;Ascomycota;Leotiomycetes;Helotiales;Sclerotiniaceae	misclassification	1
F1-REF	4	2	rdp	0.2	JN009708	Root;Ascomycota;Lecanoromycetes;Teloschistales;Teloschistaceae;Caloplaca	Root;Ascomycota;Lecanoromycetes;Lecanorales;Tephromelataceae	misclassification	3
F1-REF	4	2	rdp	0.2	U19954	Root;Basidiomycota;Agaricomycetes;Corticiales;Corticiaceae;Rhizoctonia;Rhizoctonia_bataticola	Root;Basidiomycota;Agaricomycetes;Cantharellales;Ceratobasidiaceae	misclassification	3
F1-REF	4	2	rdp	0.2	AY312503	Root;Ascomycota	Root;Microsporidia;Microsporea;Microsporida;Thelohaniidae	misclassification	1
F1-REF	4	2	rdp	0.2	DQ521585	Root;Basidiomycota;Pucciniomycetes;Pucciniales;Uropyxidaceae;Leucotelium;Leucotelium_pruni_persicae	Root;Basidiomycota;Pucciniomycetes;Pucciniales;Pucciniaceae	overclassification	4
F1-REF	4	2	rdp	0.2	JN053509	Root;Basidiomycota;Tremellomycetes;Filobasidiales;Filobasidiaceae;Cryptococcus;Cryptococcus_cylindricus	Root;Basidiomycota;Tremellomycetes;Tremellales;Syzygosporaceae	misclassification	3
F1-REF	4	2	rdp	0.2	AF205647	Root;Basidiomycota;Agaricomycetes;Boletales;Rhizopogonaceae;Rhizopogon	Root;Basidiomycota;Agaricomycetes;Boletales;Gomphidiaceae	overclassification	4
F1-REF	4	2	rdp	0.2	EF530926	Root;Basidiomycota;Agaricomycetes;Agaricales	Root;Basidiomycota;Agaricomycetes;Agaricales;Pluteaceae	match	4
F1-REF	4	2	rdp	0.2	AF284447	Root;Ascomycota;Lecanoromycetes;Acarosporales;Acarosporaceae;Acarospora	Root;Ascomycota;Lecanoromycetes;Umbilicariales;Umbilicariaceae	misclassification	3
F1-REF	4	2	rdp	0.2	EU057897	Root;Ascomycota;Pezizomycetes;Pezizales	Root;Ascomycota;Lecanoromycetes;Lecanorales;Hymeneliaceae	misclassification	2
F1-REF	4	2	rdp	0.2	AF384860	Root;Basidiomycota;Agaricomycetes;Agaricales	Root;Basidiomycota;Agaricomycetes;Sebacinales;Sebacinaceae	misclassification	3
F1-REF	4	2	rdp	0.2	AB190871	Root;Ascomycota;Sordariomycetes	Root;Ascomycota;Sordariomycetes;Calosphaeriales;Pleurostomataceae	underclassification	3
F1-REF	4	2	rdp	0.2	AY212990	Root;Basidiomycota;Microbotryomycetes;Microbotryales;Microbotryaceae;Microbotryum	Root;Basidiomycota;Microbotryomycetes;Microbotryales;Ustilentylomataceae	overclassification	4
F1-REF	4	2	rdp	0.2	AF038321	Root;Ascomycota;Eurotiomycetes	Root;Ascomycota;Eurotiomycetes;Onygenales;Ajellomycetaceae	underclassification	3
F1-REF	4	2	rdp	0.2	EU551189	Root;Ascomycota;Sordariomycetes;Sordariales;Chaetomiaceae;Chaetomium	Root;Ascomycota;Sordariomycetes;Sordariales;Sordariaceae	overclassification	4
F1-REF	4	2	rdp	0.2	EF989122	Root;Ascomycota	Root;Basidiomycota;Agaricomycetes;Hysterangiales;Mesophelliaceae	misclassification	1
F1-REF	4	2	rdp	0.2	AM292667	Root;Ascomycota;Dothideomycetes	Root;Ascomycota;Lecanoromycetes;Lecideales;Lecideaceae	misclassification	2
F1-REF	4	2	rdp	0.2	EF530937	Root;Basidiomycota;Agaricomycetes;Agaricales;Cortinariaceae;Flammulaster;Flammulaster_muricatus	Root;Basidiomycota;Agaricomycetes;Agaricales;Entolomataceae	overclassification	4
F1-REF	4	2	rdp	0.2	U35307	Root;Ascomycota;Sordariomycetes;Hypocreales;Nectriaceae;Cosmospora	Root;Ascomycota;Sordariomycetes;Hypocreales;Ophiocordycipitaceae	overclassification	4
F1-REF	4	2	rdp	0.2	DQ846890	Root;Basidiomycota;Ustilaginomycetes;Ustilaginales;Anthracoideaceae;Leucocintractia;Leucocintractia_leucodermoides	Root;Basidiomycota;Ustilaginomycetes;Ustilaginales;Cintractiaceae	overclassification	4
F1-REF	4	2	rdp	0.2	DQ534465	Root;Ascomycota;Lecanoromycetes;Lecanorales;Lecanoraceae;Lecanora;Lecanora_epibryon	Root;Ascomycota;Lecanoromycetes;Lecanorales;Haematommataceae	overclassification	4
F1-REF	4	2	rdp	0.2	AF042422	Root;Basidiomycota;Tremellomycetes;Tremellales;Trichosporonaceae;Trichosporon	Root;Basidiomycota;Tremellomycetes;Tremellales;Sirobasidiaceae	overclassification	4
F1-REF	4	2	rdp	0.2	JN712486	Root;Ascomycota	Root;Ascomycota;Dothideomycetes;Pleosporales;Gordonomyces_mucovaginatus	underclassification	2
F1-REF	4	2	rdp	0.2	EF457901	Root;Basidiomycota;Agaricomycetes;Thelephorales;Thelephoraceae;Tomentella;Tomentella_italica	Root;Basidiomycota;Agaricomycetes;Thelephorales;Bankeraceae	overclassification	4
F1-REF	4	2	rdp	0.2	AF394529	Root;Ascomycota	Root;Microsporidia;Microsporea;Microsporida;Ordosporidae	misclassification	1
F1-REF	4	2	rdp	0.2	AF116177	Root;Ascomycota;Lecanoromycetes;Lecanorales;Lecanoraceae;Lecanora;Lecanora_epibryon	Root;Ascomycota;Lecanoromycetes;Lecanorales;Parmeliaceae	overclassification	4
F1-REF	4	2	rdp	0.2	HM244759	Root;Ascomycota;Dothideomycetes;Botryosphaeriales;Botryosphaeriaceae	Root;Ascomycota;Lecanoromycetes;Ostropales;Gyalectaceae	misclassification	2
F1-REF	4	2	rdp	0.2	EU069498	Root;Basidiomycota;Exobasidiomycetes;Entylomatales	Root;Basidiomycota;Exobasidiomycetes;Microstromatales;Microstromataceae	misclassification	3
F1-REF	4	2	rdp	0.2	HE586719	Root;Basidiomycota;Agaricomycetes	Root;Ascomycota;Sordariomycetes;Microascales;Chadefaudiellaceae	misclassification	1
F1-REF	4	2	rdp	0.2	GQ249887	Root;Basidiomycota;Agaricomycetes;Agaricales;Tulostomataceae;Tulostoma	Root;Basidiomycota;Agaricomycetes;Agaricales;Phelloriniaceae	overclassification	4
F1-REF	4	2	rdp	0.2	AF514292	Root;Ascomycota;Saccharomycetes;Saccharomycetales;Pichiaceae	Root;Ascomycota;Saccharomycetes;Saccharomycetales;Metschnikowiaceae	overclassification	4
F1-REF	4	2	rdp	0.2	FJ481033	Root;Basidiomycota;Agaricomycetes;Agaricales;Agaricaceae;Holocotylon;Holocotylon_brandegeeanum	Root;Basidiomycota;Agaricomycetes;Agaricales;Lycoperdaceae	overclassification	4
F1-REF	4	2	rdp	0.2	U10409	Root;Ascomycota;Saccharomycetes;Saccharomycetales	Root;Ascomycota;Saccharomycetes;Saccharomycetales;Saccharomycopsidaceae	match	4
F1-REF	4	2	rdp	0.2	FM876831	Root;Basidiomycota;Agaricomycetes	Root;Glomeromycota;Glomeromycetes;Diversisporales;Pacisporaceae	misclassification	1
F1-REF	4	2	rdp	0.2	FJ481038	Root;Basidiomycota;Agaricomycetes;Agaricales;Agaricaceae	Root;Basidiomycota;Agaricomycetes;Agaricales;Mycenaceae	overclassification	4
F1-REF	4	2	rdp	0.2	DQ812914	Root;Ascomycota;Sordariomycetes;Phyllachorales;Phyllachoraceae;Plectosphaera;Plectosphaera_eucalypti	Root;Ascomycota;Sordariomycetes;Xylariales;Amphisphaeriaceae	misclassification	3
F1-REF	4	2	rdp	0.2	GU187509	Root;Basidiomycota;Agaricomycetes;Agaricales;Psathyrellaceae;Psathyrella	Root;Basidiomycota;Agaricomycetes;Agaricales;Pterulaceae	overclassification	4
F1-REF	4	2	rdp	0.2	AJ716159	Root;Ascomycota	Root;Basidiomycota;Agaricomycetes;Agaricales;Inocybaceae	misclassification	1
F1-REF	4	2	rdp	0.2	DQ530224	Root;Ascomycota;Dothideomycetes;Capnodiales;Mycosphaerellaceae;Mycosphaerella;Mycosphaerella_cryptica	Root;Ascomycota;Dothideomycetes;Capnodiales;Teratosphaeriaceae	overclassification	4
F1-REF	4	2	rdp	0.2	AY789345	Root;Ascomycota;Leotiomycetes;Helotiales;Phacidiaceae;Allantophomopsis;Allantophomopsis_lycopodina	Root;Ascomycota;Leotiomycetes;Leotiales;Bulgariaceae	misclassification	3
F1-REF	4	2	rdp	0.2	EU266107	Root;Ascomycota;Lecanoromycetes;Peltigerales;Lobariaceae	Root;Ascomycota;Lecanoromycetes;Peltigerales;Pannariaceae	overclassification	4
F1-REF	4	2	rdp	0.2	AJ877221	Root;Ascomycota;Eurotiomycetes;Onygenales;Onygenaceae;Chrysosporium;Chrysosporium_vespertilium	Root;Ascomycota;Eurotiomycetes;Onygenales;Arthrodermataceae	overclassification	4
F1-REF	4	2	rdp	0.2	EF192226	Root;Ascomycota;Saccharomycetes;Saccharomycetales;Pichiaceae;Pichia;Pichia_castillae	Root;Ascomycota;Saccharomycetes;Saccharomycetales;Saccharomycetaceae	overclassification	4
F1-REF	4	2	rdp	0.2	DQ681328	Root;Ascomycota;Eurotiomycetes;Onygenales;Onygenaceae	Root;Ascomycota;Eurotiomycetes;Eurotiales;Trichocomaceae	misclassification	3
F1-REF	4	2	rdp	0.2	HQ232963	Root;Ascomycota;Sordariomycetes;Xylariales;Liberomyces_macrosporus;Liberomyces_macrosporus;Liberomyces_macrosporus	Root;Ascomycota;Sordariomycetes;Xylariales;Liberomyces_saliciphilus	overclassification	4
F1-REF	4	2	rdp	0.2	DQ323918	Root;Ascomycota	Root;Basidiomycota;Pucciniomycetes;Pucciniales;Raveneliaceae	misclassification	1
F1-REF	4	2	rdp	0.2	GQ166887	Root;Basidiomycota;Agaricomycetes;Boletales;Sclerodermataceae	Root;Basidiomycota;Agaricomycetes;Boletales;Gyroporaceae	overclassification	4
F1-REF	4	2	rdp	0.2	JF681957	Root;Ascomycota;Sordariomycetes;Diaporthales;Gnomoniaceae;Gnomonia;Gnomonia_fragariae	Root;Ascomycota;Sordariomycetes;Diaporthales;Sydowiellaceae	overclassification	4
F1-REF	4	2	rdp	0.2	AF444320	Root;Basidiomycota;Tremellomycetes;Filobasidiales;Filobasidiaceae;Cryptococcus;Cryptococcus_haglerorum	Root;Basidiomycota;Tremellomycetes;Tremellales;Cuniculitremaceae	misclassification	3
F1-REF	4	2	rdp	0.2	DQ681201	Root;Basidiomycota;Agaricomycetes;Polyporales;Hapalopilaceae;Ceriporiopsis;Ceriporiopsis_gilvescens	Root;Basidiomycota;Agaricomycetes;Polyporales;Hyphodermataceae	overclassification	4
F1-REF	4	2	rdp	0.2	EU019265	Root;Ascomycota;Eurotiomycetes;Chaetothyriales;Herpotrichiellaceae;Phialophora;Phialophora_olivacea	Root;Ascomycota;Eurotiomycetes;Chaetothyriales;Coccodiniaceae	overclassification	4
F1-REF	4	2	rdp	0.2	DQ974799	Root;Ascomycota	Root;Ascomycota;Pezizomycetes;Pezizales;Tuberaceae	underclassification	2
F1-REF	4	2	rdp	0.2	EF585663	Root;Basidiomycota;Agaricomycetes;Agaricales;Agaricaceae;Leucoagaricus;Leucoagaricus_gongylophorus	Root;Chytridiomycota;Chytridiomycetes;Rhizophydiales;Aquamycetaceae	misclassification	1
F1-REF	4	2	rdp	0.2	DQ873601	Root;Basidiomycota;Agaricomycetes;Hymenochaetales;Hymenochaetaceae;Phellinidium	Root;Basidiomycota;Agaricomycetes;Hymenochaetales;Schizoporaceae	overclassification	4
F1-REF	4	2	rdp	0.2	EU982643	Root;Ascomycota	Root;Ascomycota;Lecanoromycetes;Peltigerales;Collemataceae	underclassification	2
F1-REF	4	2	rdp	0.2	DQ849302	Root;Ascomycota	Root;Ascomycota;Lecanoromycetes;Teloschistales;Physciaceae	underclassification	2
F1-REF	4	2	rdp	0.2	FM876789	Root	Root;Glomeromycota;Glomeromycetes;Diversisporales;Acaulosporaceae	underclassification	1
F1-REF	4	2	rdp	0.2	FJ501572	Root;Basidiomycota;Agaricomycetes;Agaricales;Marasmiaceae;Flammulina;Flammulina_velutipes	Root;Basidiomycota;Agaricomycetes;Agaricales;Flammulina_velutipes/Pleurotus_ostreatus_fusant	overclassification	4
F1-REF	4	2	rdp	0.2	AF274090	Root;Ascomycota;Lecanoromycetes;Lecanorales	Root;Ascomycota;Lecanoromycetes;Agyriales;Schaereriaceae	misclassification	3
F1-REF	4	2	rdp	0.2	AY997038	Root;Basidiomycota;Agaricomycetes;Agaricales	Root;Blastocladiomycota;Blastocladiomycetes;Blastocladiales;Coelomomycetaceae	misclassification	1
F1-REF	4	2	rdp	0.2	DQ365668	Root;Basidiomycota;Agaricomycetes;Boletales;Boletaceae	Root;Basidiomycota;Agaricomycetes;Atheliales;Atheliaceae	misclassification	3
F1-REF	4	2	rdp	0.2	HQ599379	Root	Root;Ascomycota;Eurotiomycetes;Pyrenulales;Massariaceae	underclassification	1
F1-REF	4	2	rdp	0.2	FJ357310	Root;Ascomycota;Sordariomycetes;Phyllachorales;Phyllachoraceae;Phyllachora;Marssonina_mali	Root;Ascomycota;Dothideomycetes;Pleosporales;Pleosporaceae	misclassification	2
F1-REF	4	2	rdp	0.2	DQ873595	Root;Basidiomycota;Agaricomycetes;Cantharellales;Botryobasidiaceae;Botryobasidium;Botryobasidium_vagum	Root;Basidiomycota;Agaricomycetes;Agaricales;Cyphellaceae	misclassification	3
F1-REF	4	2	rdp	0.2	EU673370	Root;Ascomycota;Sordariomycetes;Hypocreales;Cordycipitaceae;Isaria;Isaria_fumosorosea	Root;Ascomycota;Sordariomycetes;Hypocreales;Clavicipitaceae	overclassification	4
F1-REF	4	2	rdp	0.2	AB025690	Root;Basidiomycota;Exobasidiomycetes;Entylomatales;Tilletiopsis_washingtonensis;Tilletiopsis_washingtonensis;Tilletiopsis_washingtonensis	Root;Basidiomycota;Exobasidiomycetes;Entylomatales;Tilletiopsis_cremea	overclassification	4
F1-REF	4	2	rdp	0.2	DQ885585	Root;Basidiomycota	Root;Microsporidia;Microsporea;Microsporida;Enterocytozoonidae	misclassification	1
F1-REF	4	2	rdp	0.2	EF685093	Root;Basidiomycota;Agaricomycetes;Agaricales;Agaricaceae;Echinoderma;Lepiota_acutesquamosa	Root;Basidiomycota;Agaricomycetes;Russulales;Russulaceae	misclassification	3
F1-REF	4	2	rdp	0.2	AJ419913	Root;Basidiomycota;Agaricomycetes;Boletales;Boletaceae	Root;Basidiomycota;Agaricomycetes;Boletales;Coniophoraceae	overclassification	4
F1-REF	4	2	rdp	0.2	DQ875355	Root;Basidiomycota;Ustilaginomycetes;Urocystidales;Floromycetaceae;Antherospora;Antherospora_vaillantii	Root;Basidiomycota;Ustilaginomycetes;Urocystidales;Urocystidaceae	overclassification	4
F1-REF	4	2	rdp	0.2	AF322654	Root;Basidiomycota;Agaricomycetes	Root;Microsporidia;Microsporea;Microsporida;Glugeidae	misclassification	1
F1-REF	4	2	rdp	0.2	DQ534467	Root;Ascomycota;Lecanoromycetes;Lecanorales	Root;Ascomycota;Lecanoromycetes;Lecanorales;Ramalinaceae	match	4
F1-REF	4	2	rdp	0.2	EU784265	Root;Basidiomycota;Agaricomycetes;Russulales;Stereaceae;Laxitextum;Laxitextum_bicolor	Root;Basidiomycota;Agaricomycetes;Russulales;Hericiaceae	overclassification	4
F1-REF	4	2	rdp	0.2	AY781267	Root;Basidiomycota;Agaricomycetes	Root;Basidiomycota;Agaricomycetes;Polyporales;Xenasmataceae	underclassification	3
F1-REF	4	2	rdp	0.2	FJ598616	Root;Ascomycota;Sordariomycetes;Diaporthales;Gnomoniaceae	Root;Ascomycota;Sordariomycetes;Diaporthales;Melanconidaceae	overclassification	4
F1-REF	4	2	rdp	0.2	HQ020412	Root;Basidiomycota;Agaricomycetes;Agaricales;Agaricaceae;Lepiota;Lepiota_clypeolaria	Root;Basidiomycota;Agaricomycetes;Agaricales;Gigaspermaceae	overclassification	4
F1-REF	4	2	rdp	0.2	AF483616	Root;Ascomycota;Sordariomycetes;Sordariales;Cephalothecaceae;Phialemonium;Phialemonium_obovatum	Root;Ascomycota;Lecanoromycetes;Rhizocarpales;Rhizocarpaceae	misclassification	2
F1-REF	4	2	rdp	0.2	FJ624259	Root;Ascomycota;Sordariomycetes;Diaporthales;Cryphonectriaceae;Amphilogia;Amphilogia_gyrosa	Root;Ascomycota;Sordariomycetes;Diaporthales;Schizoparmaceae	overclassification	4
F1-REF	4	2	rdp	0.2	AB036894	Root;Basidiomycota;Agaricomycetes;Agaricales;Lyophyllaceae;Asterophora	Root;Basidiomycota;Agaricomycetes;Agaricales;Tricholomataceae	overclassification	4
F1-REF	4	2	rdp	0.2	AF009807	Root;Ascomycota;Sordariomycetes;Xylariales;Xylariaceae	Root;Ascomycota;Sordariomycetes;Xylariales;Cainiaceae	overclassification	4
F1-REF	4	2	rdp	0.2	DQ873660	Root;Basidiomycota	Root;Basidiomycota;Tremellomycetes;Tremellales;Exidiaceae	underclassification	2
F1-REF	4	2	rdp	0.2	AY961602	Root;Ascomycota;Sordariomycetes	Root;Ascomycota;Lecanoromycetes;Pertusariales;Icmadophilaceae	misclassification	2
F1-REF	4	2	rdp	0.2	JN194161	Root;Ascomycota;Saccharomycetes;Saccharomycetales;Pichiaceae;Pichia;Pichia_fabianii	Root;Glomeromycota;Glomeromycetes;Glomerales;Claroideoglomeraceae	misclassification	1
F1-REF	4	2	rdp	0.2	EU837210	Root;Ascomycota;Sordariomycetes	Root;Ascomycota;Pezizomycetes;Pezizales;Sarcosomataceae	misclassification	2
F1-REF	4	2	rdp	0.2	JN043312	Root;Ascomycota;Lecanoromycetes	Root;Ascomycota;Pezizomycetes;Pezizales;Caloscyphaceae	misclassification	2
F1-REF	4	2	rdp	0.2	EU784188	Root;Basidiomycota;Agaricomycetes;Agaricales	Root;Basidiomycota;Agaricomycetes;Agaricales;Nidulariaceae	match	4
F1-REF	4	2	rdp	0.2	JF419904	Root;Basidiomycota	Root;Ascomycota;Dothideomycetes;Pleosporales;Lindgomycetaceae	misclassification	1
F1-REF	4	2	rdp	0.2	DQ679503	Root;Basidiomycota	Root;Basidiomycota;Agaricostilbomycetes;Agaricostilbales;Kondoaceae	underclassification	2
F1-REF	4	2	rdp	0.2	EF197068	Root;Ascomycota;Sordariomycetes;Sordariales;Chaetomiaceae;Chaetomium	Root;Ascomycota;Sordariomycetes;Sordariales;Lasiosphaeriaceae	overclassification	4
F1-REF	4	2	rdp	0.2	EF174448	Root;Basidiomycota;Agaricomycetes;Agaricales;Marasmiaceae;Oudemansiella;Oudemansiella_canarii	Root;Basidiomycota;Agaricomycetes;Polyporales;Phanerochaetaceae	misclassification	3
F1-REF	4	2	rdp	0.2	EU821481	Root;Ascomycota;Sordariomycetes;Diaporthales;Valsaceae;Phomopsis;Phomopsis_viticola	Root;Ascomycota;Sordariomycetes;Diaporthales;Diaporthaceae	overclassification	4
F1-REF	4	2	rdp	0.2	AB524804	Root;Ascomycota;Dothideomycetes;Pleosporales;Sporormiaceae;Preussia;Preussia_isomera	Root;Ascomycota;Dothideomycetes;Pleosporales;Tetraplosphaeriaceae	overclassification	4
F1-REF	4	2	rdp	0.2	AM743189	Root;Glomeromycota;Glomeromycetes;Archaeosporales;Archaeosporaceae;Archaeospora;Archaeospora_trappei	Root;Glomeromycota;Glomeromycetes;Diversisporales;Entrophosporaceae	misclassification	3
F1-REF	4	2	rdp	0.2	AF395684	Root;Ascomycota;Sordariomycetes	Root;Ascomycota;Sordariomycetes;Microascales;Ceratocystidaceae	underclassification	3
F1-REF	4	2	rdp	0.2	DQ536501	Root;Basidiomycota;Agaricomycetes	Root;Chytridiomycota;Chytridiomycetes;Chytridiales;Chytridiaceae	misclassification	1
F1-REF	4	2	rdp	0.2	EF452729	Root;Ascomycota;Leotiomycetes;Rhytismatales;Rhytismataceae;Lophodermium;Lophodermium_pini_excelsae	Root;Ascomycota;Dothideomycetes;Pleosporales;Phaeosphaeriaceae	misclassification	2
F1-REF	4	2	rdp	0.2	AY854067	Root;Basidiomycota;Agaricomycetes;Boletales;Boletaceae	Root;Basidiomycota;Agaricomycetes;Boletales;Hygrophoropsidaceae	overclassification	4
F1-REF	4	2	rdp	0.2	GU966521	Root;Ascomycota;Sordariomycetes;Sordariales;Chaetomiaceae;Chaetomium	Root;Ascomycota;Dothideomycetes;Pleosporales;Mytilinidiaceae	misclassification	2
F1-REF	4	2	rdp	0.2	DQ887774	Root;Ascomycota;Orbiliomycetes;Orbiliales;Orbiliaceae;Helicoon_fuscosporum;Helicoon_fuscosporum	Root;Ascomycota;Dothideomycetes;Pleosporales;Venturiaceae	misclassification	2
F1-REF	4	2	rdp	0.2	EU118619	Root;Basidiomycota;Agaricomycetes;Gloeophyllales;Gloeophyllaceae;Gloeophyllum	Root;Basidiomycota;Agaricomycetes;Polyporales;Boreostereaceae	misclassification	3
F1-REF	4	2	rdp	0.2	AY307935	Root;Ascomycota;Pezizomycetes;Pezizales	Root;Ascomycota;Pezizomycetes;Pezizales;Chorioactidaceae	match	4