Feature ID	Taxon	Confidence
SH094899.07FU_EF672294_reps	Unassigned	0.0
SH080495.07FU_HQ605944_reps	k__Fungi;p__Ascomycota;c__Lecanoromycetes;o__Umbilicariales;f__Umbilicariaceae;g__Umbilicaria;s__Umbilicaria_aprina	1.0
SH100501.07FU_AJ315838_reps	Unassigned	0.0
SH085381.07FU_JF419897_refs	Unassigned	0.0
SH089890.07FU_KF528030_reps	k__Fungi;p__Basidiomycota;c__Pucciniomycetes;o__Pucciniales;f__Phakopsoraceae;g__Batistopsora;s__Batistopsora_pistila	1.0
SH121464.07FU_HE599388_reps	k__Fungi;p__Ascomycota;c__Sordariomycetes;o__Coniochaetales;f__Coniochaetaceae;g__Coniochaeta;s__Coniochaeta_sp	1.0
SH107924.07FU_JN204283_refs	Unassigned	0.0
SH097571.07FU_JN890503_reps	k__Fungi;p__Ascomycota;c__Sordariomycetes;o__Hypocreales;f__Clavicipitaceae;g__Claviceps;s__Claviceps_setariicola	1.0
SH104854.07FU_AY049126_reps	k__Fungi;p__Basidiomycota;c__Agaricomycetes;o__Gloeophyllales;f__Gloeophyllaceae;g__Veluticeps;s__Veluticeps_sp	1.0
SH080036.07FU_EF175546_reps	k__Fungi;p__Basidiomycota;c__Agaricomycetes;o__Polyporales;f__Polyporaceae;g__Datronia;s__Datronia_mollis	1.0
SH124953.07FU_KF264623_reps	k__Fungi;p__Ascomycota;c__Lecanoromycetes;o__Lecanorales;f__Parmeliaceae;g__Usnea;s__Usnea_flavocardia	1.0
SH086884.07FU_AF210677_refs	k__Fungi;p__Ascomycota;c__Sordariomycetes;o__Hypocreales;f__Hypocreales_fam_Incertae_sedis;g__Myrothecium;s__Myrothecium_sp	1.0
SH076615.07FU_FJ527291_reps	k__Fungi;p__Ascomycota;c__Lecanoromycetes;o__Peltigerales;f__Lobariaceae;g__Lobaria;s__Lobaria_tuberculata	1.0
SH099870.07FU_GQ169328_reps	k__Fungi;p__Ascomycota;c__Sordariomycetes;o__Hypocreales;f__Clavicipitaceae;g__Metarhizium;s__Metarhizium_novozealandicum	1.0
SH079095.07FU_KC855224_reps	Unassigned	0.0
SH076979.07FU_AY016443_refs	k__Fungi;p__Basidiomycota;c__Agaricomycetes;o__Agaricales;f__Agaricaceae;g__Agaricus;s__Agaricus_bitorquis	1.0
SH545554.07FU_LC014571_reps	k__Fungi;p__Ascomycota;c__Dothideomycetes;o__Pleosporales;f__Massarinaceae;g__Massarina;s__Massarina_sp	1.0
SH096452.07FU_FN669195_reps	Unassigned	0.0
SH098450.07FU_HQ692575_reps	k__Fungi;p__Ascomycota;c__Pezizomycotina_cls_Incertae_sedis;o__Pezizomycotina_ord_Incertae_sedis;f__Pezizomycotina_fam_Incertae_sedis;g__Polyscytalum;s__Polyscytalum_sp	1.0
SH086587.07FU_JN206282_refs	Unassigned	0.0
SH091142.07FU_AM747520_refs	k__Fungi;p__Basidiomycota;c__Agaricomycetes;o__Agaricales;f__Agaricaceae;g__Chlorophyllum;s__Chlorophyllum_sp	1.0
SH127355.07FU_KT389508_refs	Unassigned	0.0
SH080181.07FU_FJ492144_reps	k__Fungi;p__Basidiomycota;c__Agaricomycetes;o__Polyporales;f__Ganodermataceae;g__Amauroderma;s__Amauroderma_sprucei	1.0
SH092856.07FU_KC167009_reps	Unassigned	0.0
SH076634.07FU_AB476496_reps	k__Fungi;p__Ascomycota;c__Pezizomycotina_cls_Incertae_sedis;o__Pezizomycotina_ord_Incertae_sedis;f__Pezizomycotina_fam_Incertae_sedis;g__Dendrospora;s__Dendrospora_tenella	1.0
SH082040.07FU_JX905535_reps	k__Fungi;p__Chytridiomycota;c__Chytridiomycetes;o__Chytridiales;f__Chytridiaceae;g__Rhizoclosmatium;s__Rhizoclosmatium_globosum	1.0
SH089846.07FU_UDB016368_refs	Unassigned	0.0
SH082551.07FU_GU222278_reps	Unassigned	0.0
SH114151.07FU_DQ195779_reps	k__Fungi;p__Ascomycota;c__Eurotiomycetes;o__Eurotiomycetes_ord_Incertae_sedis;f__Eurotiomycetes_fam_Incertae_sedis;g__Calyptrozyma;s__Calyptrozyma_sp	1.0
SH078691.07FU_KJ486537_reps	k__Fungi;p__Basidiomycota;c__Pucciniomycetes;o__Pucciniales;f__Cronartiaceae;g__Cronartium;s__Cronartium_strobilinum	1.0
SH088416.07FU_GU327433_reps	k__Fungi;p__Ascomycota;c__Leotiomycetes;o__Helotiales;f__Helotiales_fam_Incertae_sedis;g__Hyalodendriella;s__Hyalodendriella_sp	1.0
SH114497.07FU_UDB016323_refs	Unassigned	0.0
SH080607.07FU_AF336138_reps	k__Fungi;p__Basidiomycota;c__Agaricomycetes;o__Atheliales;f__Atheliaceae;g__Amphinema;s__Amphinema_sp	1.0
SH077882.07FU_UDB011413_refs	k__Fungi;p__Basidiomycota;c__Agaricomycetes;o__Polyporales;f__Polyporaceae;g__Macrohyporia;s__Macrohyporia_dictyopora	1.0
SH116028.07FU_AF027764_reps	k__Fungi;p__Ascomycota;c__Dothideomycetes;o__Dothideales;f__Dothioraceae;g__Kabatina;s__Kabatina_thujae	1.0
SH101609.07FU_EU552116_reps	k__Fungi;p__Ascomycota;c__Dothideomycetes;o__Pleosporales;f__Tetraplosphaeriaceae;g__Triplosphaeria;s__Triplosphaeria_sp	1.0
SH080427.07FU_EU139156_reps	k__Fungi;p__Ascomycota;c__Eurotiomycetes;o__Verrucariales;f__Verrucariaceae;g__Verrucaria;s__Verrucaria_sp	1.0
SH120708.07FU_GQ390282_refs	k__Fungi;p__Ascomycota;c__Pezizomycotina_cls_Incertae_sedis;o__Pezizomycotina_ord_Incertae_sedis;f__Pezizomycotina_fam_Incertae_sedis;g__Canalisporium;s__Canalisporium_jinghongensis	1.0
SH128812.07FU_AF062807_refs	k__Fungi;p__Ascomycota;c__Leotiomycetes;o__Helotiales;f__Dermateaceae;g__Pezicula;s__Pezicula_frangulae	1.0
SH085308.07FU_JQ724384_reps	k__Fungi;p__Ascomycota;c__Dothideomycetes;o__Pleosporales;f__Massarinaceae;g__Keissleriella;s__Keissleriella_culmifida	1.0
SH111150.07FU_HF934009_reps	k__Fungi;p__Basidiomycota;c__Agaricomycetes;o__Hymenochaetales;f__Schizoporaceae;g__Hyphodontia;s__Hyphodontia_floccosa	1.0
SH090041.07FU_L43378_reps	k__Fungi;p__Basidiomycota;c__Agaricomycetes;o__Polyporales;f__Polyporaceae;g__Funalia;s__Funalia_caperata	1.0
SH106363.07FU_FJ627246_reps	k__Fungi;p__Basidiomycota;c__Agaricomycetes;o__Polyporales;f__Polyporaceae;g__Hapalopilus;s__Hapalopilus_nidulans	1.0
SH076944.07FU_UDB000569_refs	k__Fungi;p__Basidiomycota;c__Agaricomycetes;o__Agaricales;f__Tricholomataceae;g__Singerocybe;s__Singerocybe_clitocyboides	1.0
SH113462.07FU_KC181926_reps	k__Fungi;p__Ascomycota;c__Sordariomycetes;o__Trichosphaeriales;f__Trichosphaeriales_fam_Incertae_sedis;g__Nigrospora;s__Nigrospora_oryzae	1.0
SH095133.07FU_EU697275_reps	k__Fungi;p__Basidiomycota;c__Agaricomycetes;o__Russulales;f__Hericiaceae;g__Dentipellis;s__Dentipellis_coniferarum	1.0
SH080321.07FU_KJ663836_refs	k__Fungi;p__Ascomycota;c__Lecanoromycetes;o__Lecanorales;f__Lecanoraceae;g__Lecanora;s__Lecanora_hagenii	1.0
SH104330.07FU_JN943620_reps	k__Fungi;p__Ascomycota;c__Lecanoromycetes;o__Baeomycetales;f__Baeomycetaceae;g__Baeomyces;s__Baeomyces_rufus	1.0
SH115471.07FU_AB263119_reps	k__Fungi;p__Basidiomycota;c__Cystobasidiomycetes;o__Cystobasidiales;f__Cystobasidiaceae;g__Occultifur;s__Occultifur_sp	1.0
SH117626.07FU_EU558655_reps	k__Fungi;p__Ascomycota;c__Lecanoromycetes;o__Lecanorales;f__Lecanoraceae;g__Rhizoplaca;s__Rhizoplaca_maheui	1.0
SH098725.07FU_JQ002681_refs	k__Fungi;p__Basidiomycota;c__Tremellomycetes;o__Cystofilobasidiales;f__Cystofilobasidiales_fam_Incertae_sedis;g__Mrakiella;s__Mrakiella_sp	1.0
SH089705.07FU_EU142935_reps	k__Fungi;p__Ascomycota;c__Lecanoromycetes;o__Lecanorales;f__Parmeliaceae;g__Evernia;s__Evernia_prunastri	1.0
SH077750.07FU_HM484548_refs	k__Fungi;p__Ascomycota;c__Sordariomycetes;o__Sordariomycetes_ord_Incertae_sedis;f__Sordariomycetes_fam_Incertae_sedis;g__Thyronectria;s__Thyronectria_sinopica	1.0
SH081655.07FU_JX968264_refs	k__Fungi;p__Basidiomycota;c__Agaricomycetes;o__Agaricales;f__Agaricaceae;g__Nidula;s__Nidula_niveotomentosa	1.0
SH104887.07FU_KF061284_refs	k__Fungi;p__Basidiomycota;c__Agaricomycetes;o__Atheliales;f__Atheliaceae;g__Tylospora;s__Tylospora_sp	1.0
SH080680.07FU_EU486433_reps	k__Fungi;p__Basidiomycota;c__Agaricomycetes;o__Geastrales;f__Geastraceae;g__Nidulariopsis;s__Nidulariopsis_iowensis	1.0
SH079415.07FU_UDB004158_reps	k__Fungi;p__Ascomycota;c__Sordariomycetes;o__Coniochaetales;f__Coniochaetaceae;g__Coniochaeta;s__Coniochaeta_sp	1.0
SH108546.07FU_EU687114_reps	k__Fungi;p__Ascomycota;c__Sordariomycetes;o__Xylariales;f__Xylariaceae;g__Rosellinia;s__Rosellinia_abscondita	1.0
SH078630.07FU_FJ515182_reps	Unassigned	0.0
SH080696.07FU_EU330945_refs	k__Fungi;p__Ascomycota;c__Sordariomycetes;o__Hypocreales;f__Ophiocordycipitaceae;g__Hirsutella;s__Hirsutella_rhossiliensis	1.0
SH084499.07FU_FR750018_refs	k__Fungi;p__Glomeromycota;c__Glomeromycetes;o__Diversisporales;f__Acaulosporaceae;g__Acaulospora;s__Acaulospora_brasiliensis	1.0
SH121165.07FU_AY212818_reps	k__Fungi;p__Ascomycota;c__Lecanoromycetes;o__Teloschistales;f__Teloschistaceae;g__Athallia;s__Athallia_alnetorum	1.0
SH076443.07FU_FJ362291_reps	k__Fungi;p__Basidiomycota;c__Agaricomycetes;o__Boletales;f__Suillaceae;g__Truncocolumella;s__Truncocolumella_rubra	1.0
SH081768.07FU_UDB014381_reps	k__Fungi;p__Basidiomycota;c__Agaricomycetes;o__Agaricomycetes_ord_Incertae_sedis;f__Agaricomycetes_fam_Incertae_sedis;g__Peniophorella;s__Peniophorella_sp	1.0
SH101074.07FU_AF486124_refs	k__Fungi;p__Ascomycota;c__Pezizomycotina_cls_Incertae_sedis;o__Pezizomycotina_ord_Incertae_sedis;f__Pezizomycotina_fam_Incertae_sedis;g__Knufia;s__Knufia_peltigerae	1.0
SH076683.07FU_FR799221_reps	k__Fungi;p__Ascomycota;c__Sordariomycetes;o__Diaporthales;f__Diaporthales_fam_Incertae_sedis;g__Stenocarpella;s__Stenocarpella_macrospora	1.0
SH079077.07FU_AB365456_reps	k__Fungi;p__Ascomycota;c__Saccharomycetes;o__Saccharomycetales;f__Lipomycetaceae;g__Lipomyces;s__Lipomyces_chichibuensis	1.0
SH110201.07FU_DQ493559_reps	Unassigned	0.0
SH107883.07FU_JX625261_reps	k__Fungi;p__Ascomycota;c__Lecanoromycetes;o__Teloschistales;f__Teloschistaceae;g__Caloplaca;s__Caloplaca_sp	1.0
SH080295.07FU_Z80888_reps	k__Fungi;p__Ascomycota;c__Leotiomycetes;o__Helotiales;f__Sclerotiniaceae;g__Ciborinia;s__Ciborinia_candolleana	1.0
SH077873.07FU_JN205814_refs	Unassigned	0.0
SH102981.07FU_HM161512_reps	k__Fungi;p__Ascomycota;c__Lecanoromycetes;o__Acarosporales;f__Acarosporaceae;g__Polysporina;s__Polysporina_simplex	1.0
SH092345.07FU_EU295639_refs	Unassigned	0.0
SH110009.07FU_EU837203_reps	k__Fungi;p__Ascomycota;c__Eurotiomycetes;o__Eurotiales;f__Trichocomaceae;g__Aspergillus;s__Aspergillus_leporis	1.0
SH084689.07FU_JF431295_refs	k__Fungi;p__Ascomycota;c__Sordariomycetes;o__Diaporthales;f__Valsaceae;g__Valsa;s__Valsa_eugeniae	1.0
SH117833.07FU_EU604147_reps	k__Fungi;p__Basidiomycota;c__Exobasidiomycetes;o__Microstromatales;f__Microstromataceae;g__Sympodiomycopsis;s__Sympodiomycopsis_sp	1.0
SH077679.07FU_KC681817_reps	k__Fungi;p__Ascomycota;c__Lecanoromycetes;o__Teloschistales;f__Caliciaceae;g__Diploicia;s__Diploicia_canescens	1.0
SH089210.07FU_JX110844_refs	Unassigned	0.0
SH099055.07FU_AF444583_refs	k__Fungi;p__Basidiomycota;c__Microbotryomycetes;o__Sporidiobolales;f__Sporidiobolales_fam_Incertae_sedis;g__Sporobolomyces;s__Sporobolomyces_ruber	1.0
SH108178.07FU_JN411118_reps	k__Fungi;p__Basidiomycota;c__Agaricomycetes;o__Polyporales;f__Polyporaceae;g__Microporus;s__Microporus_affinis	1.0
SH536506.07FU_KT820104_reps	k__Fungi;p__Ascomycota;c__Lecanoromycetes;o__Lecanorales;f__Lecanorales_fam_Incertae_sedis;g__Lecania;s__Lecania_cyrtella	1.0
SH117460.07FU_EF585633_reps	k__Fungi;p__Chytridiomycota;c__Chytridiomycetes;o__Rhizophydiales;f__Rhizophydiaceae;g__Rhizophydium;s__Rhizophydium_brooksianum	1.0
SH076715.07FU_JN053490_reps	Unassigned	0.0
SH085987.07FU_DQ286766_reps	k__Fungi;p__Ascomycota;c__Dothideomycetes;o__Dothideomycetes_ord_Incertae_sedis;f__Dothideomycetes_fam_Incertae_sedis;g__Didymocyrtis;s__Didymocyrtis_pseudeverniae	1.0
SH076669.07FU_JN890364_reps	k__Fungi;p__Basidiomycota;c__Agaricomycetes;o__Agaricales;f__Strophariaceae;g__Galerina;s__Galerina_mniophila	1.0
SH125751.07FU_GU187534_reps	Unassigned	0.0
SH084429.07FU_EF221824_reps	k__Fungi;p__Ascomycota;c__Lecanoromycetes;o__Teloschistales;f__Teloschistaceae;g__Xanthoria;s__Xanthoria_resendei	1.0
SH117409.07FU_AF485079_refs	k__Fungi;p__Ascomycota;c__Pezizomycetes;o__Pezizales;f__Pyronemataceae;g__Otidea;s__Otidea_alutacea	1.0
SH099548.07FU_EU118659_refs	k__Fungi;p__Basidiomycota;c__Agaricomycetes;o__Russulales;f__Russulaceae;g__Russula;s__Russula_sp	1.0
SH125056.07FU_EU386359_reps	k__Fungi;p__Basidiomycota;c__Agaricomycetes;o__Agaricales;f__Strophariaceae;g__Gymnopilus;s__Gymnopilus_sp	1.0
SH076782.07FU_EF600956_reps	k__Fungi;p__Ascomycota;c__Dothideomycetes;o__Capnodiales;f__Capnodiales_fam_Incertae_sedis;g__Scolecostigmina;s__Scolecostigmina_mangiferae	1.0
SH077734.07FU_JQ723109_refs	Unassigned	0.0
SH101560.07FU_AY789345_reps	k__Fungi;p__Ascomycota;c__Leotiomycetes;o__Helotiales;f__Hyaloscyphaceae;g__Cistella;s__Cistella_sp	1.0
SH127468.07FU_AY230866_refs	k__Fungi;p__Basidiomycota;c__Agaricomycetes;o__Agaricales;f__Inocybaceae;g__Inocybe;s__Inocybe_squamata	1.0
SH117621.07FU_JN846715_refs	k__Fungi;p__Ascomycota;c__Dothideomycetes;o__Pleosporales;f__Pleomassariaceae;g__Trematosphaeria;s__Trematosphaeria_pertusa	1.0
SH077325.07FU_JQ281481_refs	k__Fungi;p__Basidiomycota;c__Agaricomycetes;o__Agaricales;f__Tricholomataceae;g__Tricholoma;s__Tricholoma_luteomaculosum	1.0
SH093124.07FU_HE792904_refs	k__Fungi;p__Ascomycota;c__Dothideomycetes;o__Pleosporales;f__Cucurbitariaceae;g__Pyrenochaetopsis;s__Pyrenochaetopsis_leptospora	1.0
SH116934.07FU_FR750022_refs	k__Fungi;p__Glomeromycota;c__Glomeromycetes;o__Glomerales;f__Glomeraceae;g__Rhizophagus;s__Rhizophagus_intraradices	1.0
SH080000.07FU_KF958047_refs	Unassigned	0.0
SH077357.07FU_DQ640065_refs	k__Fungi;p__Basidiomycota;c__Microbotryomycetes;o__Sporidiobolales;f__Sporidiobolales_fam_Incertae_sedis;g__Rhodotorula;s__Rhodotorula_nothofagi	1.0
SH081573.07FU_HM480490_reps	k__Fungi;p__Ascomycota;c__Dothideomycetes;o__Capnodiales;f__Teratosphaeriaceae;g__Pseudoteratosphaeria;s__Pseudoteratosphaeria_perpendicularis	1.0
SH081797.07FU_KF646709_reps	k__Fungi;p__Ascomycota;c__Dothideomycetes;o__Capnodiales;f__Teratosphaeriaceae;g__Readeriella;s__Readeriella_angustia	1.0
SH539363.07FU_KM186811_reps	k__Fungi;p__Ascomycota;c__Dothideomycetes;o__Capnodiales;f__Teratosphaeriaceae;g__Catenulostroma;s__Catenulostroma_sp	1.0
SH536392.07FU_KJ862385_reps	Unassigned	0.0
SH102095.07FU_HQ115692_reps	k__Fungi;p__Ascomycota;c__Pezizomycotina_cls_Incertae_sedis;o__Pezizomycotina_ord_Incertae_sedis;f__Pezizomycotina_fam_Incertae_sedis;g__Gamsia;s__Gamsia_simplex	1.0
