DQ525490	Root;Ascomycota;Lecanoromycetes;Acarosporales;Acarosporaceae;Pleopsidium;Pleopsidium_gobiense
DQ525498	Root;Ascomycota;Lecanoromycetes;Acarosporales;Acarosporaceae;Pleopsidium;Pleopsidium_chlorophanum
DQ322098	Root;Ascomycota;Sordariomycetes;Xylariales;Xylariaceae;Annulohypoxylon;Annulohypoxylon_nitens
DQ481942	Root;Basidiomycota;Agaricomycetes;Agaricales;Cortinariaceae;Cortinarius;Dermocybe_semisanguinea
EU525963	Root;Basidiomycota;Agaricomycetes;Agaricales;Cortinariaceae;Cortinarius;Cortinarius_cinnamomeus
DQ482007	Root;Basidiomycota;Agaricomycetes;Thelephorales;Thelephoraceae;Tomentella;Tomentella_sublilacina
DQ449942	Root;Basidiomycota;Agaricomycetes;Agaricales;Marasmiaceae;Tetrapyrgos;Tetrapyrgos_nigripes
FJ948133	Root;Ascomycota;Sordariomycetes;Hypocreales;Nectriaceae;Haematonectria;Fusarium_solani
AJ421007	Root;Basidiomycota;Agaricomycetes;Polyporales;Polyporaceae;Fibroporia;Antrodia_vaillantii
AY035657	Root;Glomeromycota;Glomeromycetes;Glomerales;Glomeraceae;Glomus;Glomus_claroideum
GQ254804	Root;Ascomycota;Saccharomycetes;Saccharomycetales;Pichiaceae;Pichia;Pichia_kudriavzevii
DQ681335	Root;Ascomycota;Eurotiomycetes;Eurotiales;Trichocomaceae;Penicillium;Penicillium_oxalicum
DQ827707	Root;Basidiomycota;Exobasidiomycetes;Tilletiales;Tilletiaceae;Tilletia;Tilletia_horrida
DQ780456	Root;Ascomycota;Dothideomycetes;Capnodiales;Mycosphaerellaceae;Guignardia;Guignardia_mangiferae
DQ836790	Root;Ascomycota;Dothideomycetes;Pleosporales;Leptosphaeriaceae;Leptosphaeria;Leptosphaeria_tompkinsii
FJ462759	Root;Ascomycota;Sordariomycetes;Diaporthales;Valsaceae;Phomopsis;Phomopsis_longicolla
U35308	Root;Ascomycota;Sordariomycetes;Hypocreales;Ophiocordycipitaceae;Tolypocladium;Tolypocladium_inflatum
U35305	Root;Ascomycota;Sordariomycetes;Hypocreales;Ophiocordycipitaceae;Tolypocladium;Tolypocladium_parasiticum
U35285	Root;Ascomycota;Sordariomycetes;Hypocreales;Ophiocordycipitaceae;Tolypocladium;Tolypocladium_cylindrosporum
GU220372	Root;Basidiomycota;Agaricomycetes;Agaricales;Amanitaceae;Amanita;Amanita_vaginata
AY139789	Root;Ascomycota;Saccharomycetes;Saccharomycetales;Pichiaceae;Pichia;Pichia_norvegensis
EF010926	Root;Ascomycota;Dothideomycetes;Pleosporales;Tubeufiaceae;Helicoma;Helicoma_isiola
DQ985380	Root;Ascomycota;Sordariomycetes;Xylariales;Xylariaceae;Hypoxylon;Hypoxylon_diatrypeoides
EF017208	Root;Ascomycota;Dothideomycetes;Botryosphaeriales;Botryosphaeriaceae;Macrophomina;Macrophomina_phaseolina
AM711974	Root;Ascomycota;Dothideomycetes;Patellariales;Patellariaceae;Rhytidhysteron;Rhytidhysteron_rufulum
AF085486	Root;Basidiomycota;Agaricomycetes;Agaricales;Amanitaceae;Amanita;Amanita_spissa
DQ983814	Root;Basidiomycota;Tremellomycetes;Tremellales;Exidiaceae;Sebacina;Sebacina_vermifera
AF250791	Root;Ascomycota;Lecanoromycetes;Teloschistales;Physciaceae;Buellia;Buellia_schaereri
EU673370	Root;Ascomycota;Sordariomycetes;Hypocreales;Clavicipitaceae;Cordyceps;Cordyceps_brongniartii
AB361643	Root;Ascomycota;Eurotiomycetes;Onygenales;Gymnoascaceae;Gymnoascus;Gymnoascus_reesii
EF014264	Root;Basidiomycota;Agaricomycetes;Agaricales;Cortinariaceae;Cortinarius;Cortinarius_olearioides
UDB000251	Root;Basidiomycota;Agaricomycetes;Thelephorales;Thelephoraceae;Tomentella;Tomentella_bryophila
EF174448	Root;Basidiomycota;Agaricomycetes;Polyporales;Phanerochaetaceae;Phlebiopsis;Phlebiopsis_gigantea
EF203924	Root;Ascomycota;Saccharomycetes;Saccharomycetales;Pichiaceae;Pichia;Pichia_kluyveri
AJ271578	Root;Ascomycota;Sordariomycetes;Sordariales;Chaetomiaceae;Thielavia;Thielavia_fragilis
EF423543	Root;Ascomycota;Sordariomycetes;Xylariales;Xylariaceae;Rosellinia;Rosellinia_necatrix
AY004783	Root;Ascomycota;Dothideomycetes;Pleosporales;Pleosporaceae;Pyrenophora;Drechslera_erythrospila
AM418551	Root;Glomeromycota;Glomeromycetes;Glomerales;Glomeraceae;Glomus;Glomus_megalocarpum
EF194147	Root;Ascomycota;Sordariomycetes;Hypocreales;Ophiocordycipitaceae;Hirsutella;Hirsutella_thompsonii
AF319427	Root;Basidiomycota;Agaricomycetes;Agaricales;Tricholomataceae;Tricholoma;Tricholoma_pardinum
AB006429	Root;Ascomycota;Eurotiomycetes;Eurotiales;Trichocomaceae;Aspergillus;Aspergillus_penicillioides
FJ459948	Root;Ascomycota;Sordariomycetes;Xylariales;Amphisphaeriaceae;Pestalotiopsis;Pestalotiopsis_clavispora
AJ292391	Root;Ascomycota;Sordariomycetes;Hypocreales;Cordycipitaceae;Lecanicillium;Lecanicillium_tenuipes
AF192317	Root;Ascomycota;Sordariomycetes;Diaporthales;Valsaceae;Cytospora;Cytospora_eucalyptina
UDB003329	Root;Basidiomycota;Agaricomycetes;Thelephorales;Thelephoraceae;Tomentella;Tomentella_coerulea
AF335457	Root;Basidiomycota;Agaricomycetes;Boletales;Boletaceae;Chalciporus;Chalciporus_piperatus
EF155499	Root;Basidiomycota;Agaricomycetes;Polyporales;Polyporaceae;Fomes;Fomes_fomentarius
AF364843	Root;Ascomycota;Pezizomycetes;Pezizales;Discinaceae;Gyromitra;Gyromitra_esculenta
AF309623	Root;Ascomycota;Dothideomycetes;Capnodiales;Mycosphaerellaceae;Mycosphaerella;Mycosphaerella_cryptica
EF530926	Root;Basidiomycota;Agaricomycetes;Agaricales;Pluteaceae;Pluteus;Pluteus_atromarginatus
GQ852764	Root;Ascomycota;Dothideomycetes;Capnodiales;Mycosphaerellaceae;Pseudocercospora;Pseudocercospora_pseudoeucalyptorum
EF197080	Root;Ascomycota;Sordariomycetes;Sordariales;Lasiosphaeriaceae;Podospora;Podospora_inflatula
EF197085	Root;Ascomycota;Sordariomycetes;Sordariales;Lasiosphaeriaceae;Podospora;Podospora_prethopodalis
FJ903374	Root;Ascomycota;Sordariomycetes;Hypocreales;Nectriaceae;Nectria;Nectria_haematococca
DQ068972	Root;Basidiomycota;Agaricomycetes;Thelephorales;Thelephoraceae;Tomentella;Tomentella_lilacinogrisea
EU709777	Root;Ascomycota;Sordariomycetes;Hypocreales;Nectriaceae;Fusarium;Fusarium_sporotrichioides
EF394866	Root;Ascomycota;Dothideomycetes;Capnodiales;Teratosphaeriaceae;Batcheloromyces;Batcheloromyces_eucalypti
EF600974	Root;Ascomycota;Dothideomycetes;Pleosporales;Phaeosphaeriaceae;Eudarluca;Eudarluca_caricis
EF643581	Root;Ascomycota;Saccharomycetes;Saccharomycetales;Metschnikowiaceae;Metschnikowia;Metschnikowia_bicuspidata
AF284447	Root;Ascomycota;Lecanoromycetes;Umbilicariales;Umbilicariaceae;Umbilicaria;Umbilicaria_esculenta
AF357062	Root;Basidiomycota;Agaricomycetes;Agaricales;Tricholomataceae;Lepista;Lepista_nuda
AF297668	Root;Ascomycota;Lecanoromycetes;Umbilicariales;Umbilicariaceae;Umbilicaria;Umbilicaria_vellea
DQ534472	Root;Ascomycota;Lecanoromycetes;Lecideales;Lecideaceae;Lecidea;Lecidea_cancriformis
EF488829	Root;Glomeromycota;Glomeromycetes;Glomerales;Glomeraceae;Glomus;Glomus_intraradices
AM749938	Root;Ascomycota;Sordariomycetes;Xylariales;Xylariaceae;Annulohypoxylon;Annulohypoxylon_annulatum
GQ376103	Root;Ascomycota;Dothideomycetes;Pleosporales;Pleosporaceae;Lewia;Lewia_infectoria
DQ342253	Root;Ascomycota;Sordariomycetes;Hypocreales;Clavicipitaceae;Cordyceps;Cordyceps_pruinosa
EF685092	Root;Basidiomycota;Agaricomycetes;Russulales;Russulaceae;Lactarius;Lactarius_quieticolor
EU047935	Root;Basidiomycota;Agaricomycetes;Agaricales;Marasmiaceae;Moniliophthora;Moniliophthora_perniciosa
EU047937	Root;Basidiomycota;Agaricomycetes;Agaricales;Marasmiaceae;Moniliophthora;Moniliophthora_roreri
EU045422	Root;Ascomycota;Lecanoromycetes;Teloschistales;Physciaceae;Heterodermia;Heterodermia_boryi
AB284446	Root;Basidiomycota;Agaricomycetes;Boletales;Suillaceae;Suillus;Suillus_bovinus
AB271785	Root;Ascomycota;Leotiomycetes;Erysiphales;Erysiphaceae;Erysiphe;Erysiphe_abbreviata
EU086434	Root;Ascomycota;Sordariomycetes;Hypocreales;Ophiocordycipitaceae;Haptocillium;Haptocillium_balanoides
EF585663	Root;Chytridiomycota;Chytridiomycetes;Rhizophydiales;Aquamycetaceae;Alphamyces;Alphamyces_chaetifer
EU035404	Root;Ascomycota;Eurotiomycetes;Chaetothyriales;Herpotrichiellaceae;Cladophialophora;Cladophialophora_chaetospira
EU057897	Root;Ascomycota;Lecanoromycetes;Lecanorales;Hymeneliaceae;Aspicilia;Aspicilia_caesiocinerea
EU142931	Root;Ascomycota;Lecanoromycetes;Peltigerales;Coccocarpiaceae;Coccocarpia;Coccocarpia_erythroxyli
AB361642	Root;Ascomycota;Eurotiomycetes;Onygenales;Gymnoascaceae;Gymnoascus;Gymnoascus_nodulosus
EF652088	Root;Ascomycota;Eurotiomycetes;Eurotiales;Trichocomaceae;Eurotium;Eurotium_halophilicum
FJ903322	Root;Basidiomycota;Agaricomycetes;Russulales;Stereaceae;Stereum;Stereum_sanguinolentum
AF397135	Root;Ascomycota;Eurotiomycetes;Chaetothyriales;Herpotrichiellaceae;Phialophora;Phialophora_verrucosa
AB369939	Root;Basidiomycota;Agaricomycetes;Cantharellales;Tulasnellaceae;Tulasnella;Tulasnella_calospora
FJ878631	Root;Ascomycota;Eurotiomycetes;Eurotiales;Trichocomaceae;Aspergillus;Aspergillus_ochraceus
FJ462747	Root;Basidiomycota;Agaricomycetes;Polyporales;Polyporaceae;Trametes;Trametes_hirsuta
EU266083	Root;Ascomycota;Lecanoromycetes;Lecanorales;Parmeliaceae;Xanthoparmelia;Xanthoparmelia_pulla
EU266104	Root;Ascomycota;Lecanoromycetes;Teloschistales;Physciaceae;Heterodermia;Heterodermia_hypoleuca
FJ596780	Root;Basidiomycota;Agaricomycetes;Agaricales;Strophariaceae;Hypholoma;Hypholoma_capnoides
FJ941882	Root;Ascomycota;Dothideomycetes;Botryosphaeriales;Botryosphaeriaceae;Botryosphaeria;Botryosphaeria_rhodina
EU186278	Root;Basidiomycota;Agaricomycetes;Agaricales;Tricholomataceae;Tricholoma;Tricholoma_equestre
AM906059	Root;Basidiomycota;Agaricomycetes;Polyporales;Ganodermataceae;Ganoderma;Ganoderma_pfeifferi
EU365845	Root;Ascomycota;Lecanoromycetes;Teloschistales;Teloschistaceae;Caloplaca;Caloplaca_aractina
EU365855	Root;Ascomycota;Lecanoromycetes;Teloschistales;Teloschistaceae;Caloplaca;Caloplaca_subalpina
EU365860	Root;Ascomycota;Lecanoromycetes;Teloschistales;Teloschistaceae;Caloplaca;Caloplaca_stillicidiorum
EU365861	Root;Ascomycota;Lecanoromycetes;Teloschistales;Teloschistaceae;Caloplaca;Caloplaca_cerina
AF310102	Root;Basidiomycota;Agaricomycetes;Russulales;Stereaceae;Laxitextum;Laxitextum_bicolor
EU249467	Root;Ascomycota;Eurotiomycetes;Verrucariales;Verrucariaceae;Verrucaria;Verrucaria_latebrosa
EU257803	Root;Basidiomycota;Agaricomycetes;Agaricales;Agaricaceae;Agaricus;Agaricus_subfloccosus
EU162052	Root;Basidiomycota;Agaricomycetes;Polyporales;Meripilaceae;Antrodia;Antrodia_serialis
EU232219	Root;Basidiomycota;Agaricomycetes;Polyporales;Ganodermataceae;Ganoderma;Ganoderma_applanatum
AF422970	Root;Ascomycota;Leotiomycetes;Helotiales;Hyaloscyphaceae;Lachnum;Lachnum_spartinae
EU417853	Root;Basidiomycota;Agaricomycetes;Boletales;Boletaceae;Boletus;Boletus_edulis
FJ177450	Root;Ascomycota;Sordariomycetes;Hypocreales;Clavicipitaceae;Beauveria;Beauveria_bassiana
AJ236065	Root;Basidiomycota;Agaricomycetes;Agaricales;Cortinariaceae;Cortinarius;Cortinarius_delibutus
EU486158	Root;Ascomycota;Saccharomycetes;Saccharomycetales;Saccharomycetaceae;Saccharomyces;Saccharomyces_cerevisiae
AJ534933	Root;Basidiomycota;Agaricomycetes;Agaricales;Cortinariaceae;Inocybe;Inocybe_maculata
EU515146	Root;Ascomycota;Eurotiomycetes;Eurotiales;Trichocomaceae;Talaromyces;Talaromyces_trachyspermus
AJ419913	Root;Basidiomycota;Agaricomycetes;Boletales;Coniophoraceae;Meruliporia;Meruliporia_incrassata
EU523562	Root;Basidiomycota;Agaricomycetes;Agaricales;Cortinariaceae;Inocybe;Inocybe_rimosa
EU545148	Root;Ascomycota;Eurotiomycetes;Eurotiales;Trichocomaceae;Paecilomyces;Paecilomyces_cateniannulatus
EU526007	Root;Basidiomycota;Agaricomycetes;Russulales;Russulaceae;Lactarius;Lactarius_scrobiculatus
EU551179	Root;Ascomycota;Eurotiomycetes;Eurotiales;Trichocomaceae;Penicillium;Penicillium_concentricum
EU254889	Root;Ascomycota;Sordariomycetes;Diaporthales;Valsaceae;Ophiognomonia;Ophiognomonia_intermedia
JN944089	Root;Basidiomycota;Agaricomycetes;Agaricales;Agaricaceae;Lepiota;Lepiota_magnispora
AF410820	Root;Ascomycota;Lecanoromycetes;Lecanorales;Parmeliaceae;Parmeliopsis;Parmeliopsis_hyperopta
DQ914740	Root;Ascomycota;Sordariomycetes;Hypocreales;Nectriaceae;Volutella;Volutella_ciliata
EU484271	Root;Basidiomycota;Agaricomycetes;Polyporales;Polyporaceae;Trichaptum;Trichaptum_abietinum
AJ309341	Root;Ascomycota;Sordariomycetes;Hypocreales;Clavicipitaceae;Cordyceps;Cordyceps_gunnii
AJ309352	Root;Ascomycota;Sordariomycetes;Hypocreales;Ophiocordycipitaceae;Ophiocordyceps;Ophiocordyceps_sobolifera
AJ309364	Root;Ascomycota;Sordariomycetes;Hypocreales;Ophiocordycipitaceae;Ophiocordyceps;Ophiocordyceps_tricentri
AJ309366	Root;Ascomycota;Sordariomycetes;Hypocreales;Ophiocordycipitaceae;Ophiocordyceps;Ophiocordyceps_nutans
AJ309350	Root;Ascomycota;Sordariomycetes;Xylariales;Xylariaceae;Xylaria;Xylaria_hypoxylon
EU669373	Root;Basidiomycota;Agaricomycetes;Boletales;Rhizopogonaceae;Rhizopogon;Rhizopogon_burlinghamii
AF062936	Root;Basidiomycota;Agaricomycetes;Boletales;Rhizopogonaceae;Rhizopogon;Rhizopogon_luteolus
FM213365	Root;Basidiomycota;Agaricomycetes;Boletales;Sclerodermataceae;Pisolithus;Pisolithus_arhizus
FJ602965	Root;Ascomycota;Sordariomycetes;Hypocreales;Nectriaceae;Gibberella;Gibberella_avenacea
EU128596	Root;Ascomycota;Eurotiomycetes;Eurotiales;Trichocomaceae;Penicillium;Penicillium_polonicum
EU639637	Root;Ascomycota;Lecanoromycetes;Teloschistales;Teloschistaceae;Caloplaca;Caloplaca_decipiens
EU014056	Root;Basidiomycota;Pucciniomycetes;Pucciniales;Pucciniaceae;Puccinia;Puccinia_drabae
EU592033	Root;Ascomycota;Sordariomycetes;Hypocreales;Ophiocordycipitaceae;Ophiocordyceps;Ophiocordyceps_sinensis
EU520187	Root;Ascomycota;Dothideomycetes;Pleosporales;Pleosporaceae;Alternaria;Alternaria_alternata
FJ438386	Root;Ascomycota;Eurotiomycetes;Chaetothyriales;Herpotrichiellaceae;Phialophora;Phialophora_sessilis
EU424303	Root;Basidiomycota;Agaricomycetes;Agaricales;Pleurotaceae;Pleurotus;Pleurotus_flabellatus
AF350033	Root;Ascomycota;Lecanoromycetes;Lecanorales;Parmeliaceae;Parmelia;Parmelia_saxatilis
FJ848859	Root;Ascomycota;Sordariomycetes;Xylariales;Xylariaceae;Annulohypoxylon;Annulohypoxylon_stygium
FJ515724	Root;Ascomycota;Dothideomycetes;Capnodiales;Teratosphaeriaceae;Teratosphaeria;Teratosphaeria_parva
EU520134	Root;Basidiomycota;Agaricomycetes;Agaricales;Marasmiaceae;Marasmius;Marasmius_oreades
EU520137	Root;Basidiomycota;Agaricomycetes;Polyporales;Ganodermataceae;Ganoderma;Ganoderma_lucidum
EU520172	Root;Ascomycota;Sordariomycetes;Hypocreales;Nectriaceae;Fusarium;Fusarium_incarnatum
FJ515002	Root;Ascomycota;Sordariomycetes;Diaporthales;Valsaceae;Valsa;Valsa_sordida
EU520226	Root;Ascomycota;Sordariomycetes;Diaporthales;Valsaceae;Valsa;Valsa_ambiens
EU520255	Root;Basidiomycota;Agaricomycetes;Agaricales;Marasmiaceae;Lentinula;Lentinula_edodes
FM878024	Root;Basidiomycota;Agaricomycetes;Agaricales;Psathyrellaceae;Psathyrella;Psathyrella_spadiceogrisea
EU623771	Root;Basidiomycota;Agaricomycetes;Agaricales;Marasmiaceae;Megacollybia;Megacollybia_rodmani
EU552140	Root;Ascomycota;Dothideomycetes;Pleosporales;Lophiostomataceae;Lophiostoma;Lophiostoma_macrostomum
EU573322	Root;Ascomycota;Sordariomycetes;Hypocreales;Clavicipitaceae;Cordyceps;Beauveria_brongniartii
AB329690	Root;Ascomycota;Leotiomycetes;Erysiphales;Erysiphaceae;Arthrocladiella;Arthrocladiella_mougeotii
HQ604512	Root;Basidiomycota;Agaricomycetes;Agaricales;Cortinariaceae;Inocybe;Inocybe_abjecta
AM947674	Root;Glomeromycota;Glomeromycetes;Diversisporales;Gigasporaceae;Scutellospora;Scutellospora_pellucida
EU669324	Root;Basidiomycota;Agaricomycetes;Boletales;Rhizopogonaceae;Rhizopogon;Rhizopogon_bacillisporus
EU669383	Root;Ascomycota;Pezizomycetes;Pezizales;Helvellaceae;Balsamia;Balsamia_nigrens
FN561807	Root;Basidiomycota;Tremellomycetes;Filobasidiales;Filobasidiaceae;Cryptococcus;Cryptococcus_laurentii
EU819412	Root;Ascomycota;Leotiomycetes;Leotiales;Leotiaceae;Leotia;Leotia_lubrica
EU819421	Root;Basidiomycota;Agaricomycetes;Russulales;Russulaceae;Russula;Russula_aeruginea
EU598185	Root;Basidiomycota;Agaricomycetes;Russulales;Russulaceae;Russula;Russula_pectinatoides
EU819501	Root;Basidiomycota;Agaricomycetes;Thelephorales;Thelephoraceae;Tomentella;Tomentella_stuposa
EU819537	Root;Basidiomycota;Tremellomycetes;Tremellales;Exidiaceae;Sebacina;Sebacina_epigaea
EU863218	Root;Basidiomycota;Agaricomycetes;Atheliales;Atheliaceae;Athelia;Athelia_rolfsii
EU913701	Root;Ascomycota;Sordariomycetes;Ophiostomatales;Ophiostomataceae;Ceratocystiopsis;Ceratocystiopsis_minima
EU909445	Root;Basidiomycota;Agaricomycetes;Agaricales;Amanitaceae;Amanita;Amanita_ocreata
EU681350	Root;Ascomycota;Lecanoromycetes;Teloschistales;Teloschistaceae;Xanthomendoza;Xanthomendoza_mendozae
FJ157143	Root;Basidiomycota;Agaricomycetes;Agaricales;Cortinariaceae;Cortinarius;Cortinarius_herpeticus
AF410474	Root;Basidiomycota;Tremellomycetes;Tremellales;Tremellaceae;Tremella;Tremella_encephala
EU715604	Root;Ascomycota;Sordariomycetes;Sordariales;Chaetomiaceae;Achaetomium;Achaetomium_strumarium
AY534210	Root;Basidiomycota;Agaricomycetes;Russulales;Russulaceae;Russula;Russula_xerampelina
FJ039604	Root;Basidiomycota;Agaricomycetes;Agaricales;Cortinariaceae;Cortinarius;Cortinarius_ochrophyllus
FJ157127	Root;Basidiomycota;Agaricomycetes;Agaricales;Cortinariaceae;Cortinarius;Cortinarius_callisteus
UDB011790	Root;Basidiomycota;Agaricomycetes;Agaricales;Cortinariaceae;Cortinarius;Cortinarius_spilomeus
FJ039672	Root;Basidiomycota;Agaricomycetes;Agaricales;Cortinariaceae;Cortinarius;Cortinarius_brunneus
FJ172292	Root;Ascomycota;Eurotiomycetes;Ascosphaerales;Ascosphaeraceae;Ascosphaera;Ascosphaera_apis
GU074010	Root;Ascomycota;Sordariomycetes;Hypocreales;Nectriaceae;Gibberella;Fusarium_proliferatum
EU784183	Root;Basidiomycota;Agaricomycetes;Agaricales;Agaricaceae;Battarrea;Battarrea_phalloides
EU784244	Root;Basidiomycota;Agaricomycetes;Geastrales;Geastraceae;Geastrum;Geastrum_quadrifidum
EU784254	Root;Ascomycota;Leotiomycetes;Helotiales;Geoglossaceae;Geoglossum;Geoglossum_cookeanum
EU784257	Root;Ascomycota;Leotiomycetes;Helotiales;Geoglossaceae;Geoglossum;Geoglossum_umbratile
GQ140240	Root;Ascomycota;Pezizomycetes;Pezizales;Discinaceae;Hydnotrya;Hydnotrya_tulasnei
EU784311	Root;Basidiomycota;Agaricomycetes;Agaricales;Hygrophoraceae;Hygrocybe;Hygrocybe_glutinipes
EU784320	Root;Basidiomycota;Agaricomycetes;Agaricales;Hygrophoraceae;Hygrocybe;Hygrocybe_insipida
EU784332	Root;Basidiomycota;Agaricomycetes;Agaricales;Hygrophoraceae;Hygrocybe;Hygrocybe_mucronella
EU784370	Root;Basidiomycota;Agaricomycetes;Boletales;Melanogastraceae;Melanogaster;Melanogaster_broomeianus
EU784432	Root;Ascomycota;Pezizomycetes;Pezizales;Tuberaceae;Tuber;Tuber_rufum
FJ228187	Root;Ascomycota;Sordariomycetes;Diaporthales;Diaporthaceae;Diaporthe;Diaporthe_helianthi
FJ238111	Root;Ascomycota;Sordariomycetes;Hypocreales;Nectriaceae;Fusarium;Fusarium_tricinctum
GU327635	Root;Ascomycota;Sordariomycetes;Sordariales;Sordariaceae;Neurospora;Neurospora_crassa
UDB001146	Root;Basidiomycota;Agaricomycetes;Agaricales;Cortinariaceae;Cortinarius;Cortinarius_hinnuleus
FM876795	Root;Glomeromycota;Glomeromycetes;Glomerales;Glomeraceae;Glomus;Glomus_coronatum
AY865630	Root;Ascomycota;Sordariomycetes;Hypocreales;Hypocreaceae;Hypocrea;Hypocrea_longipilosa
AF377057	Root;Basidiomycota;Agaricomycetes;Gomphales;Gomphaceae;Gautieria;Gautieria_caudata
AY045519	Root;Ascomycota;Dothideomycetes;Capnodiales;Mycosphaerellaceae;Mycosphaerella;Mycosphaerella_suttoniae
FJ441033	Root;Basidiomycota;Agaricomycetes;Agaricales;Amanitaceae;Amanita;Amanita_crocea
EU862218	Root;Basidiomycota;Agaricomycetes;Cantharellales;Clavulinaceae;Clavulina;Clavulina_rugosa
FM163194	Root;Basidiomycota;Agaricomycetes;Agaricales;Psathyrellaceae;Parasola;Parasola_leiocephala
GU248327	Root;Ascomycota;Dothideomycetes;Capnodiales;Mycosphaerellaceae;Cladosporium;Cladosporium_cladosporioides
GQ865693	Root;Ascomycota;Dothideomycetes;Botryosphaeriales;Botryosphaeriaceae;Botryosphaeria;Botryosphaeria_dothidea
FJ176718	Root;Basidiomycota;Agaricomycetes;Agaricales;Amanitaceae;Amanita;Amanita_fuliginea
FJ176722	Root;Basidiomycota;Agaricomycetes;Agaricales;Amanitaceae;Amanita;Amanita_kotohiraensis
FJ479631	Root;Ascomycota;Eurotiomycetes;Verrucariales;Verrucariaceae;Placopyrenium;Placopyrenium_formosum
EU860077	Root;Ascomycota;Sordariomycetes;Hypocreales;Nectriaceae;Fusarium;Fusarium_ciliatum
FJ481021	Root;Basidiomycota;Agaricomycetes;Corticiales;Corticiaceae;Vuilleminia;Vuilleminia_comedens
FJ481045	Root;Basidiomycota;Agaricomycetes;Agaricales;Marasmiaceae;Omphalotus;Omphalotus_japonicus
FJ548826	Root;Ascomycota;Eurotiomycetes;Eurotiales;Trichocomaceae;Talaromyces;Talaromyces_byssochlamydoides
FJ897712	Root;Ascomycota;Eurotiomycetes;Onygenales;Arthrodermataceae;Trichophyton;Trichophyton_mentagrophytes
FJ609264	Root;Basidiomycota;Agaricomycetes;Agaricales;Lyophyllaceae;Hypsizygus;Hypsizygus_marmoreus
AB378736	Root;Ascomycota;Leotiomycetes;Erysiphales;Erysiphaceae;Erysiphe;Erysiphe_nothofagi
FJ009526	Root;Ascomycota;Sordariomycetes;Diaporthales;Valsaceae;Phomopsis;Phomopsis_theicola
FJ623271	Root;Ascomycota;Dothideomycetes;Pleosporales;Phaeosphaeriaceae;Phaeosphaeria;Phaeosphaeria_avenaria
FJ596777	Root;Basidiomycota;Agaricomycetes;Agaricales;Strophariaceae;Hypholoma;Hypholoma_fasciculare
FJ596839	Root;Basidiomycota;Agaricomycetes;Agaricales;Hygrophoraceae;Camarophyllopsis;Camarophyllopsis_hymenocephala
FJ654480	Root;Ascomycota;Eurotiomycetes;Eurotiales;Trichocomaceae;Aspergillus;Aspergillus_flavus
FJ711635	Root;Basidiomycota;Agaricomycetes;Agaricales;Marasmiaceae;Armillaria;Armillaria_novae_zelandiae
AJ519795	Root;Basidiomycota;Agaricomycetes;Agaricales;Strophariaceae;Psilocybe;Psilocybe_coprophila
EU977545	Root;Ascomycota;Orbiliomycetes;Orbiliales;Orbiliaceae;Arthrobotrys;Arthrobotrys_thaumasia
AY124095	Root;Ascomycota;Lecanoromycetes;Peltigerales;Lobariaceae;Sticta;Sticta_fuliginosa
FJ861965	Root;Ascomycota;Leotiomycetes;Rhytismatales;Rhytismataceae;Lophodermium;Lophodermium_agathidis
FJ861985	Root;Ascomycota;Leotiomycetes;Rhytismatales;Rhytismataceae;Lophodermium;Lophodermium_pinastri
FJ861987	Root;Ascomycota;Leotiomycetes;Rhytismatales;Rhytismataceae;Lophodermium;Lophodermium_pini_excelsae
FJ601813	Root;Basidiomycota;Agaricomycetes;Agaricales;Cortinariaceae;Inocybe;Inocybe_jurana
EF202593	Root;Ascomycota;Pezizomycetes;Pezizales;Tuberaceae;Tuber;Tuber_lyonii
EU598186	Root;Basidiomycota;Agaricomycetes;Russulales;Russulaceae;Russula;Russula_pulverulenta
JF908116	Root;Basidiomycota;Agaricomycetes;Agaricales;Cortinariaceae;Inocybe;Inocybe_umbrinella
AY293949	Root;Basidiomycota;Agaricomycetes;Agaricales;Hygrophoraceae;Lichenomphalia;Lichenomphalia_grisella
U66451	Root;Basidiomycota;Agaricomycetes;Agaricales;Tricholomataceae;Omphalina;Omphalina_rivulicola
FJ380941	Root;Ascomycota;Orbiliomycetes;Orbiliales;Orbiliaceae;Monacrosporium;Monacrosporium_eudermatum
FJ380944	Root;Ascomycota;Orbiliomycetes;Orbiliales;Orbiliaceae;Dactylella;Dactylella_lysipaga
FJ871071	Root;Ascomycota;Lecanoromycetes;Lecanorales;Ramalinaceae;Ramalina;Ramalina_bourgaeana
FJ871078	Root;Ascomycota;Lecanoromycetes;Lecanorales;Ramalinaceae;Ramalina;Ramalina_decipiens
UDB000775	Root;Basidiomycota;Agaricomycetes;Thelephorales;Thelephoraceae;Thelephora;Thelephora_penicillata
FJ906815	Root;Neocallimastigomycota;Neocallimastigomycetes;Neocallimastigales;Neocallimastigaceae;Neocallimastix;Neocallimastix_frontalis
AF418625	Root;Basidiomycota;Agaricomycetes;Russulales;Russulaceae;Russula;Russula_queletii
AF418627	Root;Basidiomycota;Agaricomycetes;Russulales;Russulaceae;Russula;Russula_solaris
FJ872071	Root;Ascomycota;Eurotiomycetes;Eurotiales;Trichocomaceae;Penicillium;Penicillium_islandicum
FJ411096	Root;Basidiomycota;Agaricomycetes;Polyporales;Polyporaceae;Perenniporia;Perenniporia_ohiensis
GQ141550	Root;Basidiomycota;Agaricomycetes;Agaricales;Agaricaceae;Cystolepiota;Cystolepiota_cystophora
FJ770400	Root;Basidiomycota;Agaricomycetes;Agaricales;Entolomataceae;Clitopilus;Clitopilus_popinalis
AM882951	Root;Basidiomycota;Agaricomycetes;Agaricales;Cortinariaceae;Inocybe;Inocybe_erubescens
FJ431268	Root;Basidiomycota;Agaricomycetes;Agaricales;Marasmiaceae;Marasmius;Marasmius_purpureostriatus
FJ431279	Root;Basidiomycota;Agaricomycetes;Agaricales;Marasmiaceae;Marasmius;Marasmius_tubulatus
AB507400	Root;Basidiomycota;Agaricomycetes;Boletales;Sclerodermataceae;Astraeus;Astraeus_odoratus
GQ165678	Root;Basidiomycota;Agaricomycetes;Agaricales;Cortinariaceae;Phaeocollybia;Phaeocollybia_olivacea
GQ249881	Root;Basidiomycota;Agaricomycetes;Hymenochaetales;Hymenochaetaceae;Phellinus;Phellinus_repandus
GQ249888	Root;Basidiomycota;Agaricomycetes;Agaricales;Agaricaceae;Leucoagaricus;Leucoagaricus_meleagris
FJ468400	Root;Basidiomycota;Pucciniomycetes;Pucciniales;Pucciniaceae;Uromyces;Uromyces_viciae_fabae
GU184101	Root;Ascomycota;Pezizomycetes;Pezizales;Pyronemataceae;Geopora;Geopora_cooperi
DQ491509	Root;Ascomycota;Pezizomycetes;Pezizales;Pezizaceae;Peziza;Peziza_vesiculosa
GQ142012	Root;Basidiomycota;Agaricomycetes;Russulales;Auriscalpiaceae;Lentinellus;Lentinellus_flabelliformis
GQ229074	Root;Ascomycota;Eurotiomycetes;Eurotiales;Trichocomaceae;Paecilomyces;Paecilomyces_lilacinus
FJ494950	Root;Ascomycota;Lecanoromycetes;Lecanorales;Parmeliaceae;Usnea;Usnea_rubrotincta
GQ253456	Root;Basidiomycota;Agaricomycetes;Hymenochaetales;Hymenochaetaceae;Phellinus;Phellinus_igniarius
GQ369959	Root;Ascomycota;Sordariomycetes;Hypocreales;Clavicipitaceae;Pochonia;Pochonia_chlamydosporia
AB439558	Root;Basidiomycota;Agaricomycetes;Russulales;Lachnocladiaceae;Asterostroma;Asterostroma_cervicolor
GQ411521	Root;Basidiomycota;Agaricomycetes;Polyporales;Hyphodermataceae;Hypochnicium;Gloeohypochnicium_analogum
JN943949	Root;Basidiomycota;Agaricomycetes;Agaricales;Bolbitiaceae;Alnicola;Alnicola_luteolofibrillosa
FJ774074	Root;Basidiomycota;Agaricomycetes;Agaricales;Pluteaceae;Pluteus;Pluteus_ephebeus
AF548742	Root;Ascomycota;Sordariomycetes;Diaporthales;Cryphonectriaceae;Cryphonectria;Cryphonectria_radicalis
AB458893	Root;Basidiomycota;Agaricomycetes;Russulales;Russulaceae;Lactarius;Lactarius_piperatus
AB458686	Root;Basidiomycota;Agaricomycetes;Russulales;Russulaceae;Russula;Russula_nigricans
GQ981497	Root;Basidiomycota;Agaricomycetes;Hysterangiales;Mesophelliaceae;Nothocastoreum;Nothocastoreum_cretaceum
GQ981502	Root;Basidiomycota;Agaricomycetes;Russulales;Auriscalpiaceae;Clavicorona;Clavicorona_taxophila
U63471	Root;Basidiomycota;Agaricomycetes;Polyporales;Polyporaceae;Trichaptum;Trichaptum_laricinum
AY525773	Root;Ascomycota;Sordariomycetes;Sordariales;Lasiosphaeriaceae;Podospora;Podospora_anserina
GU062253	Root;Ascomycota;Dothideomycetes;Pleosporales;Montagnulaceae;Paraconiothyrium;Paraconiothyrium_sporulosum
GU062297	Root;Ascomycota;Sordariomycetes;Diaporthales;Melanconidaceae;Melanconis;Melanconis_stilbostoma
AY725552	Root;Ascomycota;Dothideomycetes;Capnodiales;Mycosphaerellaceae;Dissoconium;Dissoconium_dekkeri
GQ852835	Root;Ascomycota;Dothideomycetes;Capnodiales;Teratosphaeriaceae;Teratosphaeria;Teratosphaeria_suberosa
FJ859342	Root;Ascomycota;Pezizomycetes;Pezizales;Helvellaceae;Helvella;Helvella_albella
AM882827	Root;Basidiomycota;Agaricomycetes;Agaricales;Cortinariaceae;Inocybe;Inocybe_fibrosoides
AM882836	Root;Basidiomycota;Agaricomycetes;Agaricales;Cortinariaceae;Inocybe;Inocybe_mixtilis
AM882870	Root;Basidiomycota;Agaricomycetes;Agaricales;Cortinariaceae;Inocybe;Inocybe_geophylla
AM882894	Root;Basidiomycota;Agaricomycetes;Agaricales;Cortinariaceae;Inocybe;Inocybe_fuscidula
HQ604553	Root;Basidiomycota;Agaricomycetes;Agaricales;Cortinariaceae;Inocybe;Inocybe_soluta
FJ860859	Root;Ascomycota;Sordariomycetes;Hypocreales;Hypocreaceae;Hypocrea;Hypocrea_thelephoricola
GU949592	Root;Basidiomycota;Agaricomycetes;Agaricales;Cortinariaceae;Inocybe;Inocybe_aeruginascens
GU136220	Root;Basidiomycota;Agaricomycetes;Hymenochaetales;Hymenochaetaceae;Phellinus;Phellinus_robustus
FM205685	Root;Ascomycota;Pezizomycetes;Pezizales;Tuberaceae;Tuber;Tuber_excavatum
GU234098	Root;Basidiomycota;Agaricomycetes;Agaricales;Hydnangiaceae;Laccaria;Laccaria_laccata
AY046209	Root;Ascomycota;Saccharomycetes;Saccharomycetales;Saccharomycetaceae;Lachancea;Lachancea_kluyveri
AF482831	Root;Basidiomycota;Agaricomycetes;Agaricales;Agaricaceae;Agaricus;Agaricus_diminutivus
GU229820	Root;Basidiomycota;Agaricomycetes;Russulales;Russulaceae;Russula;Russula_compacta
GU322030	Root;Ascomycota;Sordariomycetes;Hypocreales;Hypocreaceae;Trichoderma;Trichoderma_spirale
FJ884745	Root;Ascomycota;Sordariomycetes;Hypocreales;Hypocreaceae;Hypocrea;Hypocrea_virens
AF352322	Root;Ascomycota;Lecanoromycetes;Teloschistales;Physciaceae;Diploicia;Diploicia_subcanescens
GU199447	Root;Ascomycota;Saccharomycetes;Saccharomycetales;Saccharomycetaceae;Nakaseomyces;Candida_glabrata
U93877	Root;Ascomycota;Sordariomycetes;Hypocreales;Hypocreaceae;Trichoderma;Trichoderma_hamatum
EF447381	Root;Ascomycota;Sordariomycetes;Diaporthales;Valsaceae;Valsa;Cytospora_pruinosa
GU479327	Root;Basidiomycota;Agaricomycetes;Boletales;Hymenogasteraceae;Hymenogaster;Hymenogaster_griseus
GU593041	Root;Ascomycota;Lecanoromycetes;Lecanorales;Ramalinaceae;Ramalina;Ramalina_farinacea
EF540754	Root;Ascomycota;Dothideomycetes;Pleosporales;Leptosphaeriaceae;Leptosphaeria;Coniothyrium_fuckelii
AB054050	Root;Basidiomycota;Wallemiomycetes;Wallemiales;Wallemiaceae;Wallemia;Wallemia_sebi
FN550895	Root;Basidiomycota;Agaricomycetes;Agaricales;Cortinariaceae;Inocybe;Inocybe_xanthomelas
GU944808	Root;Ascomycota;Dothideomycetes;Botryosphaeriales;Botryosphaeriaceae;Neofusicoccum;Neofusicoccum_parvum
AJ458185	Root;Ascomycota;Sordariomycetes;Sordariales;Chaetomiaceae;Chaetomium;Chaetomium_nigricolor
AJ271577	Root;Ascomycota;Sordariomycetes;Sordariales;Chaetomiaceae;Thielavia;Thielavia_microspora
U51949	Root;Ascomycota;Orbiliomycetes;Orbiliales;Orbiliaceae;Arthrobotrys;Arthrobotrys_superba
U51974	Root;Ascomycota;Orbiliomycetes;Orbiliales;Orbiliaceae;Arthrobotrys;Arthrobotrys_gephyropaga
EU181455	Root;Ascomycota;Eurotiomycetes;Onygenales;Arthrodermataceae;Epidermophyton;Epidermophyton_floccosum
GU723410	Root;Ascomycota;Lecanoromycetes;Teloschistales;Teloschistaceae;Caloplaca;Caloplaca_haematites
GU168027	Root;Ascomycota;Dothideomycetes;Capnodiales;Mycosphaerellaceae;Mycosphaerella;Mycosphaerella_eumusae
FJ861396	Root;Ascomycota;Sordariomycetes;Hypocreales;Hypocreaceae;Hypocrea;Hypocrea_viridescens
AF205649	Root;Basidiomycota;Agaricomycetes;Boletales;Gomphidiaceae;Chroogomphus;Chroogomphus_rutilus
FJ386439	Root;Basidiomycota;Agaricomycetes;Agaricales;Psathyrellaceae;Coprinopsis;Coprinopsis_stercorea
HM346870	Root;Ascomycota;Dothideomycetes;Botryosphaeriales;Botryosphaeriaceae;Lasiodiplodia;Lasiodiplodia_theobromae
AB481263	Root;Ascomycota;Leotiomycetes;Helotiales;Hyaloscyphaceae;Lachnum;Lachnum_rhytismatis
GQ344601	Root;Ascomycota;Eurotiomycetes;Verrucariales;Verrucariaceae;Catapyrenium;Catapyrenium_exaratum
AB509641	Root;Basidiomycota;Agaricomycetes;Hymenochaetales;Hymenochaetaceae;Hymenochaete;Hymenochaete_sallei
DQ116558	Root;Ascomycota;Leotiomycetes;Helotiales;Helotiaceae;Gremmeniella;Ascocalyx_abietina
HM237175	Root;Basidiomycota;Agaricomycetes;Boletales;Sclerodermataceae;Scleroderma;Scleroderma_bovista
AB566287	Root;Ascomycota;Eurotiomycetes;Onygenales;Gymnoascaceae;Arachniotus;Arachniotus_littoralis
UDB011165	Root;Basidiomycota;Agaricomycetes;Russulales;Russulaceae;Russula;Russula_badia
AF200240	Root;Basidiomycota;Agaricomycetes;Hymenochaetales;Hymenochaetaceae;Phellinus;Phellinus_tremulae
DQ139434	Root;Ascomycota;Leotiomycetes;Erysiphales;Erysiphaceae;Podosphaera;Podosphaera_clandestina
AB525921	Root;Ascomycota;Leotiomycetes;Erysiphales;Erysiphaceae;Podosphaera;Podosphaera_negeri
GU934506	Root;Ascomycota;Eurotiomycetes;Eurotiales;Trichocomaceae;Byssochlamys;Byssochlamys_nivea
HM538488	Root;Ascomycota;Lecanoromycetes;Teloschistales;Teloschistaceae;Caloplaca;Caloplaca_turkuensis
HM538494	Root;Ascomycota;Lecanoromycetes;Teloschistales;Teloschistaceae;Caloplaca;Caloplaca_monacensis
FM205703	Root;Ascomycota;Pezizomycetes;Pezizales;Tuberaceae;Tuber;Tuber_fulgens
FR668015	Root;Ascomycota;Leotiomycetes;Helotiales;Sclerotiniaceae;Torrendiella;Torrendiella_eucalypti
AF505753	Root;Basidiomycota;Agaricomycetes;Agaricales;Marasmiaceae;Rhodocollybia;Rhodocollybia_lignitilis
HM997126	Root;Ascomycota;Dothideomycetes;Pleosporales;Pleosporaceae;Bipolaris;Bipolaris_setariae
AY195573	Root;Basidiomycota;Agaricomycetes;Cantharellales;Cantharellaceae;Craterellus;Craterellus_tubaeformis
GU234077	Root;Basidiomycota;Agaricomycetes;Agaricales;Tricholomataceae;Melanoleuca;Melanoleuca_cognata
GU234095	Root;Basidiomycota;Agaricomycetes;Agaricales;Agaricaceae;Agaricus;Agaricus_atroalboides
GU234165	Root;Basidiomycota;Agaricomycetes;Agaricales;Mycenaceae;Mycena;Mycena_pura
AF444645	Root;Basidiomycota;Tremellomycetes;Filobasidiales;Filobasidiaceae;Cryptococcus;Cryptococcus_victoriae
AF438560	Root;Basidiomycota;Agaricomycetes;Agaricales;Amanitaceae;Amanita;Amanita_phalloides
AF438567	Root;Basidiomycota;Agaricomycetes;Thelephorales;Bankeraceae;Boletopsis;Boletopsis_leucomelaena
EU816926	Root;Basidiomycota;Pucciniomycetes;Pucciniales;Pucciniaceae;Puccinia;Puccinia_chrysanthemi
HM562122	Root;Basidiomycota;Agaricomycetes;Agaricales;Pluteaceae;Pluteus;Pluteus_podospileus
HM562125	Root;Basidiomycota;Agaricomycetes;Agaricales;Pluteaceae;Pluteus;Pluteus_chrysophlebius
HM161506	Root;Ascomycota;Lecanoromycetes;Umbilicariales;Umbilicariaceae;Umbilicaria;Umbilicaria_calvescens
HM161487	Root;Ascomycota;Lecanoromycetes;Umbilicariales;Umbilicariaceae;Umbilicaria;Umbilicaria_haplocarpa
AY278842	Root;Ascomycota;Dothideomycetes;Pleosporales;Pleosporaceae;Embellisia;Embellisia_proteae
GU183170	Root;Ascomycota;Eurotiomycetes;Eurotiales;Trichocomaceae;Aspergillus;Aspergillus_clavatus
FJ441616	Root;Ascomycota;Eurotiomycetes;Eurotiales;Trichocomaceae;Penicillium;Penicillium_griseofulvum
FR717911	Root;Ascomycota;Eurotiomycetes;Eurotiales;Trichocomaceae;Penicillium;Penicillium_melinii
HQ153422	Root;Basidiomycota;Agaricomycetes;Polyporales;Meruliaceae;Phlebia;Phlebia_livida_subsp_tuberculata
HQ589148	Root;Ascomycota;Eurotiomycetes;Eurotiales;Trichocomaceae;Penicillium;Penicillium_aculeatum
EU833659	Root;Basidiomycota;Agaricomycetes;Agaricales;Lycoperdaceae;Lycoperdon;Handkea_utriformis
GQ412720	Root;Ascomycota;Dothideomycetes;Dothideales;Dothioraceae;Sydowia;Sydowia_polyspora
AB599963	Root;Basidiomycota;Pucciniomycetes;Pucciniales;Pucciniaceae;Puccinia;Puccinia_polysora
HQ604805	Root;Basidiomycota;Agaricomycetes;Agaricales;Cortinariaceae;Inocybe;Inocybe_jacobi
AY245093	Root;Ascomycota;Lecanoromycetes;Lecanorales;Cladoniaceae;Cladia;Cladia_aggregata
HQ533007	Root;Basidiomycota;Agaricomycetes;Polyporales;Fomitopsidaceae;Postia;Postia_subcaesia
HQ604178	Root;Basidiomycota;Agaricomycetes;Agaricales;Cortinariaceae;Inocybe;Inocybe_lacera_var_lacera
HQ604215	Root;Basidiomycota;Agaricomycetes;Agaricales;Cortinariaceae;Inocybe;Inocybe_fuscidula_var_fuscidula
HM005141	Root;Basidiomycota;Agaricomycetes;Agaricales;Physalacriaceae;Paraxerula_americana;Paraxerula_americana
U51954	Root;Ascomycota;Orbiliomycetes;Orbiliales;Orbiliaceae;Arthrobotrys;Arthrobotrys_foliicola
AJ229069	Root;Ascomycota;Saccharomycetes;Saccharomycetales;Saccharomycetaceae;Kluyveromyces;Kluyveromyces_lactis
AJ537397	Root;Basidiomycota;Dacrymycetes;Dacrymycetales;Dacrymycetaceae;Dacryopinax;Dacryopinax_spathularia
HQ676140	Root;Basidiomycota;Agaricomycetes;Polyporales;Polyporaceae;Laetiporus;Laetiporus_cincinnatus
EU303009	Root;Basidiomycota;Agaricomycetes;Russulales;Russulaceae;Russula;Russula_amoenolens
HQ888725	Root;Blastocladiomycota;Blastocladiomycetes;Blastocladiales;Blastocladiaceae;Allomyces;Allomyces_moniliformis
HQ882200	Root;Basidiomycota;Agaricomycetes;Boletales;Boletaceae;Boletus;Boletus_speciosus
AB113352	Root;Ascomycota;Sordariomycetes;Hypocreales;Ophiocordycipitaceae;Ophiocordyceps;Ophiocordyceps_heteropoda
AF201704	Root;Ascomycota;Sordariomycetes;Xylariales;Xylariaceae;Nemania;Nemania_aenea
FN825908	Root;Glomeromycota;Glomeromycetes;Diversisporales;Acaulosporaceae;Acaulospora;Acaulospora_brasiliensis
JN943348	Root;Ascomycota;Sordariomycetes;Hypocreales;Ophiocordycipitaceae;Ophiocordyceps;Ophiocordyceps_sphecocephala
GU479296	Root;Basidiomycota;Agaricomycetes;Boletales;Hymenogasteraceae;Hymenogaster;Hymenogaster_citrinus
GU479335	Root;Basidiomycota;Agaricomycetes;Boletales;Hymenogasteraceae;Hymenogaster;Hymenogaster_megasporus
AY340032	Root;Basidiomycota;Agaricomycetes;Hymenochaetales;Hymenochaetaceae;Fomitiporia;Fomitiporia_punctata
FJ412084	Root;Ascomycota;Sordariomycetes;Hypocreales;Hypocreaceae;Trichoderma;Trichoderma_helicum
FJ791141	Root;Ascomycota;Eurotiomycetes;Eurotiales;Trichocomaceae;Penicillium;Penicillium_canescens
U56030	Root;Basidiomycota;Agaricomycetes;Agaricales;Cortinariaceae;Cortinarius;Cortinarius_paragaudis
HQ699637	Root;Ascomycota;Lecanoromycetes;Teloschistales;Teloschistaceae;Caloplaca;Caloplaca_ferrarii
FJ810160	Root;Basidiomycota;Agaricomycetes;Agaricales;Lyophyllaceae;Lyophyllum;Lyophyllum_decastes
AF506430	Root;Basidiomycota;Agaricomycetes;Russulales;Echinodontiaceae;Echinodontium;Echinodontium_tinctorium
AF516565	Root;Basidiomycota;Agaricomycetes;Polyporales;Polyporaceae;Polyporus;Polyporus_guianensis
AF516581	Root;Basidiomycota;Agaricomycetes;Polyporales;Polyporaceae;Polyporus;Polyporus_virgatus
JF923608	Root;Ascomycota;Lecanoromycetes;Lecanorales;Ramalinaceae;Ramalina;Ramalina_calicaris
HQ650601	Root;Ascomycota;Lecanoromycetes;Ostropales;Stictidaceae;Stictis;Stictis_urceolatum
HQ647144	Root;Basidiomycota;Agaricomycetes;Boletales;Boletaceae;Octaviania;Octaviania_tasmanica
HQ667593	Root;Basidiomycota;Agaricomycetes;Agaricales;Tulostomataceae;Tulostoma;Tulostoma_domingueziae
AY359887	Root;Ascomycota;Dothideomycetes;Pleosporales;Pleosporaceae;Macrospora;Macrospora_scirpicola
FJ441621	Root;Ascomycota;Dothideomycetes;Botryosphaeriales;Botryosphaeriaceae;Pseudofusicoccum;Pseudofusicoccum_stromaticum
FJ169667	Root;Ascomycota;Leotiomycetes;Helotiales;Sclerotiniaceae;Botryotinia;Botryotinia_fuckeliana
JN198397	Root;Ascomycota;Dothideomycetes;Botryosphaeriales;Botryosphaeriaceae;Phyllosticta;Phyllosticta_cryptomeriae
JN194152	Root;Glomeromycota;Glomeromycetes;Glomerales;Glomeraceae;Rhizophagus;Rhizophagus_intraradices
JN194154	Root;Glomeromycota;Glomeromycetes;Glomerales;Glomeraceae;Funneliformis;Funneliformis_mosseae
JN194161	Root;Glomeromycota;Glomeromycetes;Glomerales;Claroideoglomeraceae;Claroideoglomus;Claroideoglomus_claroideum
JN194181	Root;Glomeromycota;Glomeromycetes;Glomerales;Glomeraceae;Glomus;Glomus_luteum
JF300129	Root;Ascomycota;Pezizomycetes;Pezizales;Tuberaceae;Labyrinthomyces;Labyrinthomyces_varius
EU551208	Root;Ascomycota;Dothideomycetes;Pleosporales;Sporormiaceae;Preussia;Preussia_africana
JF311952	Root;Ascomycota;Sordariomycetes;Hypocreales;Bionectriaceae;Clonostachys;Clonostachys_phyllophila
AY144566	Root;Ascomycota;Leotiomycetes;Leotiales;Leotiaceae;Leotia;Leotia_atrovirens
JF439159	Root;Glomeromycota;Glomeromycetes;Glomerales;Glomeraceae;Glomus;Glomus_aggregatum
JF907837	Root;Basidiomycota;Agaricomycetes;Agaricales;Psathyrellaceae;Coprinopsis;Coprinopsis_candidolanata
JF907966	Root;Basidiomycota;Agaricomycetes;Agaricales;Hygrophoraceae;Hygrocybe;Hygrocybe_pratensis
JF907995	Root;Basidiomycota;Agaricomycetes;Agaricales;Entolomataceae;Entoloma;Entoloma_chalybaeum
JF908097	Root;Basidiomycota;Agaricomycetes;Agaricales;Cortinariaceae;Inocybe;Inocybe_albovelutipes
JF908165	Root;Basidiomycota;Agaricomycetes;Agaricales;Cortinariaceae;Inocybe;Inocybe_splendens
GU062319	Root;Basidiomycota;Agaricomycetes;Agaricales;Mycenaceae;Mycena;Mycena_galericulata
AY061660	Root;Basidiomycota;Agaricomycetes;Russulales;Russulaceae;Russula;Russula_azurea
JF908767	Root;Ascomycota;Pezizomycetes;Pezizales;Pyronemataceae;Hydnocystis;Hydnocystis_piligera
AJ302443	Root;Ascomycota;Sordariomycetes;Xylariales;Diatrypaceae;Diatrypella;Diatrypella_pulvinata
JN035634	Root;Glomeromycota;Glomeromycetes;Glomerales;Glomeraceae;Glomus;Glomus_macrocarpum
HM992502	Root;Ascomycota;Sordariomycetes;Sordariales;Cephalothecaceae;Phialemonium;Phialemonium_dimorphosporum
JF495036	Root;Basidiomycota;Agaricomycetes;Agaricales;Agaricaceae;Barcheria;Barcheria_willisiana
JN009708	Root;Ascomycota;Lecanoromycetes;Lecanorales;Tephromelataceae;Calvitimela;Calvitimela_armeniaca
HQ260622	Root;Ascomycota;Sordariomycetes;Hypocreales;Hypocreaceae;Trichoderma;Trichoderma_ghanense
JF692724	Root;Glomeromycota;Glomeromycetes;Glomerales;Glomeraceae;Glomus;Glomus_cubense
D84381	Root;Ascomycota;Leotiomycetes;Erysiphales;Erysiphaceae;Pleochaeta;Pleochaeta_shiraiana
JF271750	Root;Ascomycota;Dothideomycetes;Botryosphaeriales;Botryosphaeriaceae;Botryosphaeria;Botryosphaeria_iberica
JF961369	Root;Basidiomycota;Agaricomycetes;Agaricales;Bolbitiaceae;Agrocybe;Agrocybe_chaxingu
JN819278	Root;Ascomycota;Dothideomycetes;Jahnulales;Aliquandostipitaceae;Aliquandostipite;Aliquandostipite_khaoyaiensis
JN049828	Root;Ascomycota;Sordariomycetes;Hypocreales;Ophiocordycipitaceae;Ophiocordyceps;Ophiocordyceps_stylophora
JN049830	Root;Ascomycota;Sordariomycetes;Hypocreales;Clavicipitaceae;Cordyceps;Cordyceps_tuberculata
U57407	Root;Ascomycota;Sordariomycetes;Hypocreales;Clavicipitaceae;Myriogenospora;Myriogenospora_atramentosa
JN049851	Root;Ascomycota;Sordariomycetes;Hypocreales;Ophiocordycipitaceae;Ophiocordyceps;Ophiocordyceps_gracilis
JN022507	Root;Ascomycota;Pezizomycetes;Pezizales;Pyronemataceae;Genabea;Genabea_cerebriformis
UDB003331	Root;Basidiomycota;Agaricomycetes;Russulales;Russulaceae;Lactifluus;Lactarius_bertillonii
JN942349	Root;Ascomycota;Dothideomycetes;Jahnulales;Aliquandostipitaceae;Jahnula;Jahnula_sangamonensis
JN865201	Root;Ascomycota;Dothideomycetes;Pleosporales;Tubeufiaceae;Chlamydotubeufia_khunkornensis;Chlamydotubeufia_khunkornensis
FR750036	Root;Glomeromycota;Glomeromycetes;Archaeosporales;Archaeosporaceae;Archaeospora;Archaeospora_trappei
JN813413	Root;Ascomycota;Lecanoromycetes;Teloschistales;Teloschistaceae;Caloplaca;Caloplaca_calcitrapa
JN943307	Root;Ascomycota;Sordariomycetes;Hypocreales;Clavicipitaceae;Cordyceps;Cordyceps_pseudomilitaris
JN943323	Root;Ascomycota;Sordariomycetes;Hypocreales;Clavicipitaceae;Elaphocordyceps;Elaphocordyceps_paradoxa
JN943386	Root;Ascomycota;Sordariomycetes;Microascales;Halosphaeriaceae;Corollospora;Corollospora_gracilis
JN943387	Root;Ascomycota;Sordariomycetes;Microascales;Halosphaeriaceae;Corollospora;Corollospora_maritima
FR750143	Root;Glomeromycota;Glomeromycetes;Diversisporales;Gigasporaceae;Racocetra;Racocetra_fulgida
JN692271	Root;Basidiomycota;Agaricomycetes;Polyporales;Polyporaceae;Lentinus;Lentinus_crinitus
JQ350861	Root;Basidiomycota;Agaricomycetes;Corticiales;Corticiaceae;Waitea;Rhizoctonia_zeae
AF132505	Root;Ascomycota;Pezizomycetes;Pezizales;Tuberaceae;Tuber;Tuber_borchii
EU863579	Root;Basidiomycota;Tremellomycetes;Tremellales;Trichosporonaceae;Trichosporon;Trichosporon_asahii
JN943143	Root;Ascomycota;Saccharomycetes;Saccharomycetales;Lipomycetaceae;Lipomyces;Lipomyces_lipofer
JN675345	Root;Ascomycota;Eurotiomycetes;Chaetothyriales;Herpotrichiellaceae;Cladophialophora;Cladophialophora_boppii
EU266563	Root;Basidiomycota;Tremellomycetes;Filobasidiales;Filobasidiaceae;Filobasidium;Filobasidium_uniguttulatum
AJ889955	Root;Basidiomycota;Agaricomycetes;Agaricales;Cortinariaceae;Inocybe;Inocybe_napipes
AY194536	Root;Basidiomycota;Agaricomycetes;Agaricales;Bolbitiaceae;Agrocybe;Agrocybe_pediades
AY174817	Root;Basidiomycota;Agaricomycetes;Agaricales;Cortinariaceae;Cortinarius;Cortinarius_odorifer
AY220814	Root;Ascomycota;Pezizomycetes;Pezizales;Pyronemataceae;Scutellinia;Scutellinia_scutellata
AY176350	Root;Basidiomycota;Agaricomycetes;Agaricales;Agaricaceae;Cystolepiota;Cystolepiota_seminuda
HQ713776	Root;Ascomycota;Eurotiomycetes;Chaetothyriales;Herpotrichiellaceae;Phialophora;Phialophora_cyclaminis
AY450338	Root;Basidiomycota;Agaricomycetes;Agaricales;Pleurotaceae;Pleurotus;Pleurotus_calyptratus
AY373293	Root;Basidiomycota;Agaricomycetes;Cantharellales;Tulasnellaceae;Tulasnella;Tulasnella_violea
AJ419225	Root;Basidiomycota;Agaricomycetes;Corticiales;Corticiaceae;Lindtneria;Lindtneria_trachyspora
AY425629	Root;Ascomycota;Lecanoromycetes;Lecanorales;Psoraceae;Protoblastenia;Protoblastenia_lilacina
AY425664	Root;Ascomycota;Lecanoromycetes;Lecanorales;Psoraceae;Protoblastenia;Protoblastenia_pseudoincrustans
JQ723149	Root;Ascomycota;Pezizomycetes;Pezizales;Morchellaceae;Disciotis;Disciotis_venosa
AF059588	Root;Basidiomycota;Agaricomycetes;Agaricales;Psathyrellaceae;Coprinellus;Coprinellus_micaceus
AY498663	Root;Ascomycota;Lecanoromycetes;Teloschistales;Physciaceae;Phaeophyscia;Phaeophyscia_primaria
AY498676	Root;Ascomycota;Lecanoromycetes;Teloschistales;Physciaceae;Phaeophyscia;Phaeophyscia_ciliata
EU070925	Root;Basidiomycota;Tremellomycetes;Tremellales;Tremellaceae;Dioszegia;Dioszegia_fristingensis
GQ411058	Root;Ascomycota;Dothideomycetes;Capnodiales;Teratosphaeriaceae;Teratosphaeria;Teratosphaeria_nubilosa
AY513175	Root;Basidiomycota;Agaricomycetes;Russulales;Auriscalpiaceae;Lentinellus;Lentinellus_castoreus
AF058039	Root;Ascomycota;Lecanoromycetes;Lecanorales;Parmeliaceae;Vulpicida;Vulpicida_pinastri
AY571031	Root;Basidiomycota;Agaricomycetes;Agaricales;Marasmiaceae;Calyptella;Calyptella_capula
UDB000616	Root;Basidiomycota;Agaricomycetes;Agaricales;Cortinariaceae;Inocybe;Inocybe_curvipes
FJ897709	Root;Ascomycota;Eurotiomycetes;Onygenales;Arthrodermataceae;Arthroderma;Arthroderma_fulvum
AY789478	Root;Ascomycota;Leotiomycetes;Erysiphales;Erysiphaceae;Erysiphe;Erysiphe_australiana
AY789077	Root;Basidiomycota;Agaricostilbomycetes;Agaricostilbales;Agaricostilbaceae;Agaricostilbum;Agaricostilbum_hyphaenes
AY672926	Root;Basidiomycota;Agaricomycetes;Polyporales;Polyporaceae;Oligoporus;Postia_sericeomollis
AY669592	Root;Basidiomycota;Agaricomycetes;Agaricales;Cortinariaceae;Cortinarius;Cortinarius_salor
AY669604	Root;Basidiomycota;Agaricomycetes;Agaricales;Cortinariaceae;Cortinarius;Cortinarius_sinapicolor
AY669641	Root;Basidiomycota;Agaricomycetes;Agaricales;Cortinariaceae;Cortinarius;Cortinarius_persicanus
FJ171861	Root;Ascomycota;Neolectomycetes;Neolectales;Neolectaceae;Neolecta;Neolecta_irregularis
AY877418	Root;Basidiomycota;Microbotryomycetes;Microbotryales;Microbotryaceae;Microbotryum;Microbotryum_majus
DQ114744	Root;Basidiomycota;Agaricomycetes;Agaricales;Cortinariaceae;Cortinarius;Cortinarius_armillatus
DQ001296	Root;Ascomycota;Lecanoromycetes;Peltigerales;Peltigeraceae;Peltigera;Peltigera_praetextata
AJ247516	Root;Ascomycota;Lecanoromycetes;Lecanorales;Ramalinaceae;Biatora;Biatora_helvola
AJ247523	Root;Ascomycota;Lecanoromycetes;Lecanorales;Ramalinaceae;Biatora;Biatora_hypophaea
AY672918	Root;Basidiomycota;Agaricomycetes;Russulales;Stereaceae;Amylostereum;Amylostereum_chailletii
AF218400	Root;Basidiomycota;Agaricomycetes;Russulales;Stereaceae;Stereum;Stereum_hirsutum
AF181711	Root;Ascomycota;Dothideomycetes;Pleosporales;Phaeosphaeriaceae;Phaeosphaeria;Phaeosphaeria_halima
DQ019348	Root;Ascomycota;Dothideomycetes;Capnodiales;Mycosphaerellaceae;Mycosphaerella;Mycosphaerella_latebrosa
AF145703	Root;Ascomycota;Dothideomycetes;Pleosporales;Pleomassariaceae;Helminthosporium;Helminthosporium_solani
DQ083797	Root;Basidiomycota;Agaricomycetes;Agaricales;Cortinariaceae;Cortinarius;Cortinarius_natalis
DQ100460	Root;Ascomycota;Eurotiomycetes;Eurotiales;Trichocomaceae;Aspergillus;Aspergillus_ustus
DQ144611	Root;Basidiomycota;Agaricomycetes;Atheliales;Atheliaceae;Amylocorticium;Amylocorticium_subsulphureum
DQ200837	Root;Ascomycota;Pezizomycetes;Pezizales;Pezizaceae;Peziza;Peziza_depressa
DQ206845	Root;Ascomycota;Pezizomycetes;Pezizales;Pyronemataceae;Genea;Genea_arenaria
DQ218290	Root;Ascomycota;Pezizomycetes;Pezizales;Pyronemataceae;Genea;Genea_harknessii
EF452453	Root;Ascomycota;Dothideomycetes;Pleosporales;Pleosporaceae;Pyrenophora;Pyrenophora_avenae
DQ223758	Root;Ascomycota;Sordariomycetes;Xylariales;Xylariaceae;Hypoxylon;Hypoxylon_rubiginosum
DQ232649	Root;Basidiomycota;Agaricomycetes;Agaricales;Agaricaceae;Agaricus;Agaricus_subrutilescens
DQ243811	Root;Ascomycota;Sordariomycetes;Diaporthales;Valsaceae;Cytospora;Cytospora_sacchari
DQ425023	Root;Basidiomycota;Pucciniomycetes;Pucciniales;Uropyxidaceae;Tranzschelia;Tranzschelia_pruni_spinosae_var_americana
DQ431170	Root;Ascomycota;Leotiomycetes;Helotiales;Helotiaceae;Hymenoscyphus;Hymenoscyphus_epiphyllus
AF083193	Root;Ascomycota;Sordariomycetes;Coniochaetales;Coniochaetaceae;Lecythophora;Phialophora_lignicola
AB027231	Root;Ascomycota;Leotiomycetes;Erysiphales;Erysiphaceae;Podosphaera;Podosphaera_leucotricha
EU553337	Root;Ascomycota;Sordariomycetes;Hypocreales;Clavicipitaceae;Nomuraea;Nomuraea_rileyi
EU525997	Root;Basidiomycota;Agaricomycetes;Agaricales;Amanitaceae;Amanita;Amanita_pantherina
EU103986	Root;Ascomycota;Eurotiomycetes;Chaetothyriales;Herpotrichiellaceae;Cladophialophora;Cladophialophora_arxii
AF109968	Root;Basidiomycota;Agaricomycetes;Agaricales;Pleurotaceae;Pleurotus;Pleurotus_tuber_regium
AB180320	Root;Basidiomycota;Exobasidiomycetes;Exobasidiales;Exobasidiaceae;Exobasidium;Exobasidium_miyabei
AB245116	Root;Ascomycota;Lecanoromycetes;Peltigerales;Lobariaceae;Sticta;Sticta_duplolimbata
AB481285	Root;Ascomycota;Leotiomycetes;Helotiales;Hyaloscyphaceae;Trichopeziza;Trichopeziza_mollissima
AB509732	Root;Basidiomycota;Agaricomycetes;Cantharellales;Cantharellaceae;Cantharellus;Cantharellus_minor
AY061733	Root;Basidiomycota;Agaricomycetes;Russulales;Russulaceae;Russula;Russula_nauseosa
AB614112	Root;Ascomycota;Saccharomycetes;Saccharomycetales;Lipomycetaceae;Lipomyces;Lipomyces_tetrasporus
AF042453	Root;Basidiomycota;Tremellomycetes;Tremellales;Tremellaceae;Tremella;Tremella_giraffa
AF133178	Root;Ascomycota;Pezizomycetes;Pezizales;Pezizaceae;Peziza;Peziza_echinispora
AF134711	Root;Basidiomycota;Agaricomycetes;Agaricales;Typhulaceae;Typhula;Typhula_ishikariensis
AF141369	Root;Ascomycota;Lecanoromycetes;Lecanorales;Parmeliaceae;Melanelia;Melanelia_hepatizon
AF147491	Root;Ascomycota;Eurotiomycetes;Chaetothyriales;Herpotrichiellaceae;Exophiala;Exophiala_dermatitidis
AF225442	Root;Ascomycota;Eurotiomycetes;Mycocaliciales;Mycocaliciaceae;Mycocalicium;Mycocalicium_subtile
FJ527300	Root;Ascomycota;Lecanoromycetes;Peltigerales;Peltigeraceae;Peltigera;Peltigera_dolichorrhiza
AF393718	Root;Ascomycota;Dothideomycetes;Capnodiales;Mycosphaerellaceae;Cladosporium;Cladosporium_musae
AF402140	Root;Basidiomycota;Agaricomycetes;Boletales;Boletaceae;Boletus;Xerocomus_pruinatus
AF422977	Root;Ascomycota;Sordariomycetes;Hypocreales;Bionectriaceae;Hydropisphaera;Hydropisphaera_erubescens
AF455177	Root;Ascomycota;Lecanoromycetes;Lecanorales;Cladoniaceae;Cladonia;Cladonia_rappii
GU207229	Root;Ascomycota;Lecanoromycetes;Lecanorales;Cladoniaceae;Cladonia;Cladonia_caespiticia
AF455494	Root;Ascomycota;Dothideomycetes;Pleosporales;Leptosphaeriaceae;Leptosphaeria;Leptosphaeria_microscopica
AF462426	Root;Ascomycota;Leotiomycetes;Helotiales;Hemiphacidiaceae;Rhabdocline;Rhabdocline_parkeri
AF491590	Root;Ascomycota;Pezizomycetes;Pezizales;Pezizaceae;Peziza;Peziza_ampliata
AJ229076	Root;Ascomycota;Saccharomycetes;Saccharomycetales;Saccharomycetaceae;Vanderwaltozyma;Vanderwaltozyma_polyspora
AJ247520	Root;Ascomycota;Lecanoromycetes;Lecanorales;Ramalinaceae;Biatora;Biatora_ocelliformis
AJ247526	Root;Ascomycota;Lecanoromycetes;Lecanorales;Ramalinaceae;Biatora;Biatora_fallax
FM205646	Root;Ascomycota;Pezizomycetes;Pezizales;Tuberaceae;Tuber;Tuber_maculatum
FJ911892	Root;Ascomycota;Sordariomycetes;Xylariales;Hyponectriaceae;Microdochium;Microdochium_phragmitis
AJ301700	Root;Ascomycota;Dothideomycetes;Pleosporales;Pleosporaceae;Ulocladium;Ulocladium_alternariae
AJ555534	Root;Basidiomycota;Agaricomycetes;Boletales;Melanogastraceae;Melanogaster;Melanogaster_variegatus
AM182921	Root;Ascomycota;Eurotiomycetes;Onygenales;Arthrodermataceae;Arthroderma;Arthroderma_multifidum
AM279464	Root;Ascomycota;Saccharomycetes;Saccharomycetales;Saccharomycetaceae;Zygosaccharomyces;Zygosaccharomyces_pseudorouxii
AM882897	Root;Basidiomycota;Agaricomycetes;Agaricales;Cortinariaceae;Inocybe;Inocybe_asterospora
AM882929	Root;Basidiomycota;Agaricomycetes;Agaricales;Cortinariaceae;Inocybe;Inocybe_assimilata
EU149807	Root;Basidiomycota;Microbotryomycetes;Glaciozyma_martinii;Glaciozyma_martinii;Glaciozyma_martinii;Glaciozyma_martinii
AY042923	Root;Ascomycota;Dothideomycetes;Botryosphaeriales;Botryosphaeriaceae;Phyllosticta;Phyllosticta_hypoglossi
AY089737	Root;Basidiomycota;Agaricomycetes;Polyporales;Boreostereaceae;Veluticeps;Veluticeps_fimbriata
AY174782	Root;Basidiomycota;Agaricomycetes;Agaricales;Cortinariaceae;Cortinarius;Cortinarius_infractus
AY176458	Root;Basidiomycota;Agaricomycetes;Agaricales;Agaricaceae;Cystolepiota;Cystolepiota_bucknallii
AY218419	Root;Basidiomycota;Agaricomycetes;Polyporales;Polyporaceae;Lentinus;Lentinus_tigrinus
AY261367	Root;Ascomycota;Sordariomycetes;Hypocreales;Clavicipitaceae;Beauveria;Beauveria_felina
AF129853	Root;Ascomycota;Eurotiomycetes;Onygenales;Gymnoascaceae;Gymnascella;Gymnascella_hyalinospora
AY471638	Root;Basidiomycota;Pucciniomycetes;Pucciniales;Melampsoraceae;Melampsora;Melampsora_epitea
AY498661	Root;Ascomycota;Lecanoromycetes;Teloschistales;Physciaceae;Phaeophyscia;Phaeophyscia_imbricata
AY498667	Root;Ascomycota;Lecanoromycetes;Teloschistales;Physciaceae;Phaeophyscia;Phaeophyscia_pyrrhophora
EU851932	Root;Ascomycota;Dothideomycetes;Capnodiales;Teratosphaeriaceae;Teratosphaeria;Teratosphaeria_molleriana
AY571059	Root;Basidiomycota;Agaricomycetes;Agaricales;Tricholomataceae;Resupinatus;Resupinatus_applicatus
AY624180	Root;Ascomycota;Eurotiomycetes;Eurotiales;Trichocomaceae;Paecilomyces;Isaria_farinosa
AY626984	Root;Ascomycota;Dothideomycetes;Capnodiales;Mycosphaerellaceae;Mycosphaerella;Mycosphaerella_scytalidii
FJ717531	Root;Basidiomycota;Agaricomycetes;Agaricales;Cortinariaceae;Cortinarius;Cortinarius_biformis
EF452492	Root;Ascomycota;Dothideomycetes;Pleosporales;Pleosporaceae;Pyrenophora;Pyrenophora_tritici_repentis
AY740044	Root;Basidiomycota;Ustilaginomycetes;Ustilaginales;Ustilaginaceae;Sporisorium;Sporisorium_anthracoideisporum
AY789290	Root;Ascomycota;Leotiomycetes;Helotiales;Helotiaceae;Heyderia_;Heyderia_abietis
AY789333	Root;Ascomycota;Leotiomycetes;Helotiales;Sclerotiniaceae;Mitrula;Mitrula_elegans
AY789410	Root;Ascomycota;Leotiomycetes;Helotiales;Helotiaceae;Sarcoleotia;Sarcoleotia_globosa
AF418604	Root;Basidiomycota;Agaricomycetes;Russulales;Russulaceae;Russula;Russula_chloroides
AY916464	Root;Ascomycota;Dothideomycetes;Pleosporales;Tubeufiaceae;Helicomyces;Helicomyces_roseus
AY916479	Root;Ascomycota;Dothideomycetes;Pleosporales;Tubeufiaceae;Helicosporium;Helicosporium_guianense
JF908019	Root;Ascomycota;Pezizomycetes;Pezizales;Pyronemataceae;Genea;Genea_hispidula
DQ001278	Root;Ascomycota;Lecanoromycetes;Lecanorales;Cladoniaceae;Cladonia;Cladonia_rangiferina
DQ219308	Root;Ascomycota;Lecanoromycetes;Lecanorales;Stereocaulaceae;Stereocaulon;Stereocaulon_alpinum
AY569023	Root;Basidiomycota;Agaricomycetes;Thelephorales;Bankeraceae;Hydnellum;Hydnellum_caeruleum
DQ337381	Root;Ascomycota;Dothideomycetes;Pleosporales;Pleosporaceae;Cochliobolus;Cochliobolus_lunatus
EF544572	Root;Ascomycota;Lecanoromycetes;Lecanorales;Parmeliaceae;Parmelia;Parmelia_laevior
DQ401567	Root;Ascomycota;Lecanoromycetes;Lecanorales;Hymeneliaceae;Aspicilia;Aspicilia_desertorum
DQ478660	Root;Ascomycota;Pezizomycetes;Pezizales;Tuberaceae;Tuber;Tuber_liui
JQ711864	Root;Basidiomycota;Agaricomycetes;Russulales;Russulaceae;Lactarius;Lactarius_rufus
DQ534481	Root;Ascomycota;Lecanoromycetes;Lecanorales;Ramalinaceae;Ramalina;Ramalina_terebrata
EU041805	Root;Ascomycota;Eurotiomycetes;Chaetothyriales;Herpotrichiellaceae;Rhinocladiella;Rhinocladiella_anceps
DQ923539	Root;Ascomycota;Sordariomycetes;Diaporthales;Valsaceae;Valsa;Valsa_fabianae
Z96988	Root;Ascomycota;Pezizomycetes;Pezizales;Pyronemataceae;Geopyxis;Geopyxis_carbonaria
EF053261	Root;Chytridiomycota;Chytridiomycetes;Chytridiales;Synchytriaceae;Synchytrium;Synchytrium_puerariae
EF093299	Root;Ascomycota;Saccharomycetes;Saccharomycetales;Pichiaceae;Pichia;Pichia_canadensis
EF175514	Root;Basidiomycota;Agaricomycetes;Agaricales;Marasmiaceae;Marasmiellus;Marasmiellus_candidus
EF175521	Root;Basidiomycota;Agaricomycetes;Agaricales;Marasmiaceae;Tetrapyrgos;Tetrapyrgos_subdendrophora
EF520124	Root;Ascomycota;Leotiomycetes;Helotiales;Helotiaceae;Chlorociboria;Chlorociboria_argentinensis
EF540753	Root;Ascomycota;Sordariomycetes;Sordariales;Chaetomiaceae;Chaetomium;Chaetomium_atrobrunneum
EF652043	Root;Ascomycota;Eurotiomycetes;Eurotiales;Trichocomaceae;Aspergillus;Aspergillus_restrictus
EU030177	Root;Basidiomycota;Agaricomycetes;Polyporales;Polyporaceae;Coriolopsis;Coriolopsis_caperata
EU035411	Root;Ascomycota;Eurotiomycetes;Chaetothyriales;Herpotrichiellaceae;Cladophialophora;Cladophialophora_proteae
EU118643	Root;Basidiomycota;Agaricomycetes;Boletales;Coniophoraceae;Leucogyrophana;Leucogyrophana_mollusca
EU118666	Root;Basidiomycota;Agaricomycetes;Polyporales;Sistotremataceae;Sistotremastrum;Sistotremastrum_suecicum
EU142933	Root;Ascomycota;Lecanoromycetes;Peltigerales;Coccocarpiaceae;Coccocarpia;Coccocarpia_palmicola
EU263923	Root;Ascomycota;Lecanoromycetes;Lecideales;Porpidiaceae;Porpidia;Porpidia_macrocarpa
EU266558	Root;Basidiomycota;Tremellomycetes;Filobasidiales;Filobasidiaceae;Cryptococcus;Cryptococcus_curvatus
EU402556	Root;Basidiomycota;Agaricomycetes;Polyporales;Polyporaceae;Wolfiporia;Wolfiporia_dilatohypha
GQ221448	Root;Ascomycota;Pezizomycetes;Pezizales;Tuberaceae;Tuber;Tuber_separans
UDB002430	Root;Basidiomycota;Agaricomycetes;Agaricales;Amanitaceae;Amanita;Amanita_porphyria
EU598153	Root;Basidiomycota;Agaricomycetes;Russulales;Russulaceae;Russula;Russula_crustosa
UDB000935	Root;Basidiomycota;Agaricomycetes;Agaricales;Cortinariaceae;Cortinarius;Cortinarius
EU681303	Root;Ascomycota;Lecanoromycetes;Teloschistales;Teloschistaceae;Xanthoria;Xanthoria_ligulata
EU681321	Root;Ascomycota;Lecanoromycetes;Teloschistales;Teloschistaceae;Xanthoria;Xanthoria_candelaria
JN943430	Root;Ascomycota;Dothideomycetes;Pleosporales;Pleosporaceae;Cochliobolus;Cochliobolus_nisikadoi
JQ256430	Root;Ascomycota;Leotiomycetes;Helotiales;Geoglossaceae;Trichoglossum;Trichoglossum_walteri
EU706331	Root;Basidiomycota;Agaricomycetes;Boletales;Gomphidiaceae;Chroogomphus;Chroogomphus_purpurascens
EU718093	Root;Basidiomycota;Agaricomycetes;Boletales;Calostomataceae;Calostoma;Calostoma_japonicum
EU784323	Root;Basidiomycota;Agaricomycetes;Agaricales;Hygrophoraceae;Hygrocybe;Hygrocybe_marchii
EU784390	Root;Ascomycota;Pezizomycetes;Pezizales;Pyronemataceae;Otidea;Otidea_onotica
FJ717558	Root;Basidiomycota;Agaricomycetes;Agaricales;Cortinariaceae;Cortinarius;Cortinarius_malachius
EU846253	Root;Basidiomycota;Agaricomycetes;Thelephorales;Thelephoraceae;Polyozellus;Polyozellus_multiplex
FJ157002	Root;Basidiomycota;Agaricomycetes;Agaricales;Cortinariaceae;Cortinarius;Cortinarius_acutus
FJ157057	Root;Basidiomycota;Agaricomycetes;Agaricales;Cortinariaceae;Cortinarius;Cortinarius_limonius
FJ167650	Root;Basidiomycota;Agaricomycetes;Agaricales;Marasmiaceae;Crinipellis;Crinipellis_dipterocarpi
UDB011623	Root;Basidiomycota;Agaricomycetes;Agaricales;Tricholomataceae;Tricholoma;Tricholoma_apium
FJ403211	Root;Basidiomycota;Agaricomycetes;Polyporales;Fomitopsidaceae;Daedalea;Daedalea_quercina
FJ431258	Root;Basidiomycota;Agaricomycetes;Agaricales;Marasmiaceae;Marasmius;Marasmius_micraster
FJ481050	Root;Basidiomycota;Agaricomycetes;Agaricales;Agaricaceae;Leucoagaricus;Leucoagaricus_rubrotinctus
GQ292453	Root;Ascomycota;Lecanoromycetes;Peltigerales;Peltigeraceae;Peltigera;Peltigera_collina
FJ627253	Root;Basidiomycota;Agaricomycetes;Polyporales;Ganodermataceae;Ganoderma;Ganoderma_lipsiense
FJ664824	Root;Ascomycota;Eurotiomycetes;Verrucariales;Verrucariaceae;Verrucaria;Verrucaria_andesiatica
AY821864	Root;Ascomycota;Sordariomycetes;Microascales;Ceratocystidaceae;Ceratocystis;Ceratocystis_paradoxa
FJ839613	Root;Ascomycota;Dothideomycetes;Pleosporales;Pleosporaceae;Chalastospora;Chalastospora_gossypii
FJ845410	Root;Basidiomycota;Agaricomycetes;Agaricales;Hygrophoraceae;Hygrophorus;Hygrophorus_olivaceoalbus
FJ884194	Root;Ascomycota;Sordariomycetes;Xylariales;Xylariaceae;Xylaria;Xylaria_allantoidea
FJ903307	Root;Basidiomycota;Agaricomycetes;Polyporales;Polyporaceae;Skeletocutis;Skeletocutis_odora
FN550885	Root;Basidiomycota;Agaricomycetes;Agaricales;Cortinariaceae;Inocybe;Inocybe_grammata
AY599566	Root;Basidiomycota;Agaricomycetes;Polyporales;Fomitopsidaceae;Postia;Oligoporus_balsameus
GQ169314	Root;Ascomycota;Eurotiomycetes;Eurotiales;Trichocomaceae;Phialosimplex;Phialosimplex_caninus
GU066837	Root;Basidiomycota;Agaricomycetes;Boletales;Sclerodermataceae;Scleroderma;Scleroderma_verrucosum
GQ479835	Root;Basidiomycota;Pucciniomycetes;Pucciniales;Melampsoraceae;Melampsora;Melampsora_laricis_populina
GQ925396	Root;Basidiomycota;Agaricomycetes;Agaricales;Amanitaceae;Amanita;Amanita_grandis
GQ925398	Root;Basidiomycota;Agaricomycetes;Agaricales;Amanitaceae;Amanita;Amanita_oleosa
GU078451	Root;Ascomycota;Sordariomycetes;Microascales;Ceratocystidaceae;Ceratocystis;Ceratocystis_savannae
GU373810	Root;Ascomycota;Sordariomycetes;Xylariales;Xylariaceae;Xylaria;Xylaria_cubensis
GU479900	Root;Ascomycota;Sordariomycetes;Hypocreales;Nectriaceae;Glionectria;Glionectria_tenuis
FJ816639	Root;Basidiomycota;Agaricomycetes;Agaricales;Bolbitiaceae;Hebeloma;Hebeloma_vesterholtii
HM135673	Root;Basidiomycota;Agaricomycetes;Boletales;Coniophoraceae;Serpula;Serpula_himantioides
HM562117	Root;Basidiomycota;Agaricomycetes;Agaricales;Pluteaceae;Pluteus;Pluteus_phlebophorus
HM578948	Root;Ascomycota;Lecanoromycetes;Lecanorales;Parmeliaceae;Xanthoparmelia;Xanthoparmelia_chlorochroa
EU639633	Root;Ascomycota;Lecanoromycetes;Teloschistales;Teloschistaceae;Caloplaca;Caloplaca_arnoldii
HQ436123	Root;Basidiomycota;Agaricomycetes;Boletales;Suillaceae;Suillus;Suillus_granulatus
HQ604084	Root;Basidiomycota;Agaricomycetes;Agaricales;Cortinariaceae;Inocybe;Inocybe_flocculosa_var_flocculosa
HQ914933	Root;Ascomycota;Eurotiomycetes;Onygenales;Onygenaceae;Chrysosporium;Chrysosporium_lobatum
JF271756	Root;Ascomycota;Dothideomycetes;Botryosphaeriales;Botryosphaeriaceae;Neofusicoccum;Neofusicoccum_australe
JF820469	Root;Glomeromycota;Glomeromycetes;Glomerales;Glomeraceae;Glomus;Glomus_irregulare
JF907971	Root;Basidiomycota;Agaricomycetes;Agaricales;Tricholomataceae;Cystoderma;Cystoderma_subvinaceum
JF908387	Root;Basidiomycota;Agaricomycetes;Agaricales;Mycenaceae;Mycena;Mycena_pseudocorticola
JN596324	Root;Basidiomycota;Agaricomycetes;Polyporales;Ganodermataceae;Ganoderma;Ganoderma_fornicatum
U04207	Root;Ascomycota;Dothideomycetes;Pleosporales;Leptosphaeriaceae;Leptosphaeria;Leptosphaeria_doliolum
AY083179	Root;Basidiomycota;Agaricomycetes;Agaricales;Cortinariaceae;Cortinarius;Cortinarius_cedriolens
AF418620	Root;Basidiomycota;Agaricomycetes;Russulales;Russulaceae;Russula;Russula_mairei
UDB002374	Root;Basidiomycota;Agaricomycetes;Boletales;Paxillaceae;Paxillus;Paxillus_filamentosus
EU160589	Root;Basidiomycota;Agaricomycetes;Agaricales;Tricholomataceae;Tricholoma;Tricholoma_scalpturatum