dataset	level	iteration	method	parameters	seq_id               	observed_taxonomy	expected_taxonomy	result	mismatch_level
F1-REF	5	0	rdp	0.4	AF224395	Root;Ascomycota;Lecanoromycetes;Teloschistales;Physciaceae;Rinodina	Root;Ascomycota;Lecanoromycetes;Teloschistales;Physciaceae;Physcia	overclassification	5
F1-REF	5	0	rdp	0.4	FN547645	Root;Glomeromycota;Glomeromycetes;Glomerales;Glomeraceae;Glomus;Glomus_aurantium	Root;Glomeromycota;Glomeromycetes;Diversisporales;Diversisporaceae;Diversispora	misclassification	3
F1-REF	5	0	rdp	0.4	U57988	Root;Ascomycota;Leotiomycetes;Helotiales;Hyaloscyphaceae;Lachnum	Root;Ascomycota;Leotiomycetes;Helotiales;Hyaloscyphaceae;Perrotia	overclassification	5
F1-REF	5	0	rdp	0.4	EU819445	Root;Basidiomycota;Tremellomycetes;Tremellales;Exidiaceae;Sebacina;Sebacina	Root;Basidiomycota;Tremellomycetes;Tremellales;Exidiaceae;Tremellodendron	overclassification	5
F1-REF	5	0	rdp	0.4	AF479669	Root;Basidiomycota;Agaricomycetes;Hymenochaetales;Schizoporaceae;Oxyporus;Irpex_vellereus	Root;Basidiomycota;Agaricomycetes;Polyporales;Phanerochaetaceae;Australohydnum	misclassification	3
F1-REF	5	0	rdp	0.4	EU293816	Root;Basidiomycota;Agaricomycetes;Thelephorales;Bankeraceae;Boletopsis;Boletopsis_subsquamosa	Root;Basidiomycota;Agaricomycetes;Thelephorales;Bankeraceae;Sarcodon	overclassification	5
F1-REF	5	0	rdp	0.4	HQ650647	Root;Ascomycota;Lecanoromycetes	Root;Ascomycota;Lecanoromycetes;Lecanorales;Ramalinaceae;Squamarina	underclassification	3
F1-REF	5	0	rdp	0.4	AF291284	Root;Basidiomycota;Tremellomycetes;Tremellales;Exidiaceae	Root;Basidiomycota;Tremellomycetes;Tremellales;Exidiaceae;Heterochaete	match	5
F1-REF	5	0	rdp	0.4	GQ254687	Root;Ascomycota;Dothideomycetes;Botryosphaeriales;Botryosphaeriaceae;Microdiplodia;Microdiplodia_miyakei	Root;Ascomycota;Dothideomycetes;Pleosporales;Pleosporaceae;Leptosphaerulina	misclassification	3
F1-REF	5	0	rdp	0.4	FJ372685	Root;Basidiomycota;Agaricomycetes;Polyporales;Polyporaceae;Trametes;Trametes_punicea	Root;Basidiomycota;Agaricomycetes;Polyporales;Polyporaceae;Pycnoporus	overclassification	5
F1-REF	5	0	rdp	0.4	GU062254	Root;Ascomycota;Dothideomycetes;Capnodiales;Mycosphaerellaceae;Mycosphaerella;Ascochyta_pinodes	Root;Ascomycota;Dothideomycetes;Pleosporales;Leptosphaeriaceae;Peyronellaea	misclassification	3
F1-REF	5	0	rdp	0.4	AY367612	Root;Basidiomycota;Agaricomycetes;Agaricales;Tricholomataceae;Apterostigma_calverti_fungal_symbiont_s2;Apterostigma_calverti_fungal_symbiont_s2	Root;Basidiomycota;Agaricomycetes;Agaricales;Tricholomataceae;Apterostigma_manni_fungal_symbiont_s86	overclassification	5
F1-REF	5	0	rdp	0.4	GQ919276	Root;Ascomycota;Lecanoromycetes;Lecanorales;Parmeliaceae	Root;Ascomycota;Lecanoromycetes;Lecanorales;Parmeliaceae;Remototrachyna_dodapetta	match	5
F1-REF	5	0	rdp	0.4	AB361643	Root;Ascomycota;Eurotiomycetes	Root;Ascomycota;Eurotiomycetes;Onygenales;Gymnoascaceae;Gymnoascus	underclassification	3
F1-REF	5	0	rdp	0.4	FJ594063	Root;Basidiomycota;Agaricomycetes;Polyporales	Root;Basidiomycota;Agaricomycetes;Polyporales;Meruliaceae;Phlebia	underclassification	4
F1-REF	5	0	rdp	0.4	AB509853	Root;Basidiomycota;Agaricomycetes	Root;Basidiomycota;Agaricomycetes;Russulales;Stereaceae;Xylobolus	underclassification	3
F1-REF	5	0	rdp	0.4	FJ914687	Root;Ascomycota;Sordariomycetes;Microascales;Microascaceae;Doratomyces;Doratomyces_verrucisporus	Root;Ascomycota;Sordariomycetes;Microascales;Microascaceae;Cephalotrichum	overclassification	5
F1-REF	5	0	rdp	0.4	DQ923529	Root;Ascomycota;Dothideomycetes;Capnodiales;Teratosphaeriaceae;Teratosphaeria;Teratosphaeria_pluritubularis	Root;Ascomycota;Dothideomycetes;Capnodiales;Teratosphaeriaceae;Colletogloeopsis	overclassification	5
F1-REF	5	0	rdp	0.4	HM005147	Root;Basidiomycota;Agaricomycetes;Agaricales;Physalacriaceae;Hymenopellis_gigaspora;Hymenopellis_gigaspora	Root;Basidiomycota;Agaricomycetes;Agaricales;Physalacriaceae;Protoxerula_flavo_olivacea	overclassification	5
F1-REF	5	0	rdp	0.4	AF345807	Root;Basidiomycota;Agaricomycetes;Agaricales	Root;Basidiomycota;Agaricomycetes;Agaricales;Strophariaceae;Kuehneromyces	underclassification	4
F1-REF	5	0	rdp	0.4	DQ001271	Root;Ascomycota;Lecanoromycetes;Lecanorales;Parmeliaceae	Root;Ascomycota;Lecanoromycetes;Lecanorales;Parmeliaceae;Allocetraria	match	5
F1-REF	5	0	rdp	0.4	DQ001273	Root;Ascomycota;Lecanoromycetes;Lecanorales;Parmeliaceae	Root;Ascomycota;Lecanoromycetes;Lecanorales;Parmeliaceae;Anzia	match	5
F1-REF	5	0	rdp	0.4	DQ116558	Root;Ascomycota;Leotiomycetes;Helotiales	Root;Ascomycota;Leotiomycetes;Helotiales;Helotiaceae;Gremmeniella	underclassification	4
F1-REF	5	0	rdp	0.4	AF138833	Root;Ascomycota	Root;Ascomycota;Arthoniomycetes;Arthoniales;Arthoniaceae;Sagenidiopsis	underclassification	2
F1-REF	5	0	rdp	0.4	AF033389	Root;Ascomycota;Eurotiomycetes;Eurotiales;Trichocomaceae;Talaromyces;Talaromyces_emersonii	Root;Ascomycota;Eurotiomycetes;Eurotiales;Trichocomaceae;Rasamsonia_argillacea	overclassification	5
F1-REF	5	0	rdp	0.4	AY046176	Root;Ascomycota	Root;Ascomycota;Saccharomycetes;Saccharomycetales;Saccharomycetaceae;Tetrapisispora	underclassification	2
F1-REF	5	0	rdp	0.4	AB072233	Root;Basidiomycota;Tremellomycetes;Cystofilobasidiales;Cystofilobasidiaceae;Udeniomyces;Udeniomyces_pannonicus	Root;Basidiomycota;Tremellomycetes;Cystofilobasidiales;Cystofilobasidiaceae;Itersonilia	overclassification	5
F1-REF	5	0	rdp	0.4	AJ458187	Root;Ascomycota;Sordariomycetes;Sordariales;Lasiosphaeriaceae;Podospora;Podospora_appendiculata	Root;Ascomycota;Sordariomycetes;Sordariales;Sordariaceae;Coronatomyces	misclassification	4
F1-REF	5	0	rdp	0.4	HQ676140	Root;Basidiomycota;Agaricomycetes;Polyporales	Root;Basidiomycota;Agaricomycetes;Polyporales;Polyporaceae;Laetiporus	underclassification	4
F1-REF	5	0	rdp	0.4	AJ271430	Root;Ascomycota;Eurotiomycetes;Onygenales;Onygenaceae;Chrysosporium;Chrysosporium_vallenarense	Root;Ascomycota;Eurotiomycetes;Onygenales;Onygenaceae;Shanorella	overclassification	5
F1-REF	5	0	rdp	0.4	EU669394	Root;Basidiomycota;Agaricomycetes;Russulales;Albatrellaceae;Scutiger;Albatrellus_pes-caprae	Root;Basidiomycota;Agaricomycetes;Russulales;Albatrellaceae;Albatrellus	overclassification	5
F1-REF	5	0	rdp	0.4	EU142917	Root;Ascomycota;Lecanoromycetes	Root;Ascomycota;Lecanoromycetes;Lecanorales;Parmeliaceae;Cetrelia	underclassification	3
F1-REF	5	0	rdp	0.4	FJ172271	Root;Ascomycota;Sordariomycetes;Xylariales;Xylariaceae	Root;Ascomycota;Sordariomycetes;Xylariales;Xylariaceae;Xylotumulus	match	5
F1-REF	5	0	rdp	0.4	FJ839635	Root;Ascomycota;Dothideomycetes;Capnodiales;Mycosphaerellaceae;Verrucisporota_grevilleae;Verrucisporota_grevilleae	Root;Ascomycota;Dothideomycetes;Capnodiales;Mycosphaerellaceae;Verrucisporota_proteacearum	overclassification	5
F1-REF	5	0	rdp	0.4	AY916470	Root;Ascomycota;Dothideomycetes;Pleosporales;Tubeufiaceae;Helicoma;Helicoma_violaceum	Root;Ascomycota;Dothideomycetes;Pleosporales;Tubeufiaceae;Helicosporium	overclassification	5
F1-REF	5	0	rdp	0.4	GQ919278	Root;Ascomycota;Lecanoromycetes;Lecanorales;Parmeliaceae;Hypotrachyna;Hypotrachyna_incognita	Root;Ascomycota;Lecanoromycetes;Lecanorales;Parmeliaceae;Remototrachyna_aff_infirma_MAF_Lich_15611	overclassification	5
F1-REF	5	0	rdp	0.4	AY740153	Root;Basidiomycota;Ustilaginomycetes;Ustilaginales;Ustilaginaceae;Pseudozyma;Pseudozyma_antarctica	Root;Basidiomycota;Ustilaginomycetes;Ustilaginales;Ustilaginaceae;Moesziomyces	overclassification	5
F1-REF	5	0	rdp	0.4	AY487968	Root;Basidiomycota;Agaricomycetes	Root;Basidiomycota;Agaricomycetes;Geastrales;Geastraceae;Sphaerobolus	underclassification	3
F1-REF	5	0	rdp	0.4	DQ534469	Root;Ascomycota;Lecanoromycetes;Lecanorales;Parmeliaceae;Kaernefeltia;Kaernefeltia_merrillii	Root;Ascomycota;Lecanoromycetes;Lecanorales;Lecanoraceae;Lecanora	misclassification	4
F1-REF	5	0	rdp	0.4	FJ786401	Root;Ascomycota;Dothideomycetes;Botryosphaeriales;Botryosphaeriaceae;Dothiorella;Dothiorella_longicollis	Root;Ascomycota;Dothideomycetes;Pleosporales;Dothidotthiaceae;Spencermartinsia	misclassification	3
F1-REF	5	0	rdp	0.4	EU552155	Root;Ascomycota;Sordariomycetes;Xylariales;Amphisphaeriaceae;Seimatosporium;Seimatosporium_grevilleae	Root;Ascomycota;Sordariomycetes;Xylariales;Amphisphaeriaceae;Sarcostroma	overclassification	5
F1-REF	5	0	rdp	0.4	GU234028	Root;Basidiomycota;Agaricomycetes;Agaricales	Root;Basidiomycota;Agaricomycetes;Agaricales;Tricholomataceae;Cystoderma	underclassification	4
F1-REF	5	0	rdp	0.4	HQ650619	Root;Ascomycota	Root;Ascomycota;Lecanoromycetes;Lecanorales;Psoraceae;Psora	underclassification	2
F1-REF	5	0	rdp	0.4	JN053487	Root;Basidiomycota	Root;Basidiomycota;Pucciniomycetes;Platygloeales;Platygloeaceae;Biatoropsis	underclassification	2
F1-REF	5	0	rdp	0.4	HQ650610	Root;Ascomycota;Lecanoromycetes;Lecanorales;Parmeliaceae	Root;Ascomycota;Lecanoromycetes;Lecanorales;Parmeliaceae;Bryoria	match	5
F1-REF	5	0	rdp	0.4	AF394020	Root;Ascomycota	Root;Ascomycota;Pezizomycetes;Pezizales;Sarcoscyphaceae;Cookeina	underclassification	2
F1-REF	5	0	rdp	0.4	JF419897	Root;Ascomycota;Dothideomycetes;Pleosporales;Lindgomycetaceae;Lindgomyces_apiculatus;Lindgomyces_apiculatus	Root;Ascomycota;Dothideomycetes;Pleosporales;Lindgomycetaceae;Lindgomyces_breviappendiculatus	overclassification	5
F1-REF	5	0	rdp	0.4	EU852799	Root;Ascomycota	Root;Ascomycota;Pezizomycetes;Pezizales;Pyronemataceae;Otidea	underclassification	2
F1-REF	5	0	rdp	0.4	AF357037	Root;Basidiomycota;Agaricomycetes;Agaricales;Lyophyllaceae;Tephrocybe;Lyophyllum_atratum	Root;Basidiomycota;Agaricomycetes;Agaricales;Lyophyllaceae;Asterophora	overclassification	5
F1-REF	5	0	rdp	0.4	FJ177450	Root;Ascomycota;Sordariomycetes;Hypocreales;Ophiocordycipitaceae;Ophiocordyceps;Ophiocordyceps_myrmecophila	Root;Ascomycota;Sordariomycetes;Hypocreales;Clavicipitaceae;Beauveria	misclassification	4
F1-REF	5	0	rdp	0.4	AF444299	Root;Basidiomycota;Agaricomycetes;Agaricales	Root;Basidiomycota;Tremellomycetes;Cystofilobasidiales;Cystofilobasidiaceae;Cystofilobasidium	misclassification	2
F1-REF	5	0	rdp	0.4	AY872281	Root	Root;Basidiomycota;Agaricomycetes;Gomphales;Gomphaceae;Gloeocantharellus	underclassification	1
F1-REF	5	0	rdp	0.4	EU920673	Root;Basidiomycota;Agaricomycetes	Root;Basidiomycota;Agaricomycetes;Agaricales;Pluteaceae;Volvariella	underclassification	3
F1-REF	5	0	rdp	0.4	EF120414	Root;Ascomycota;Dothideomycetes;Pleosporales;Sporormiaceae;Preussia	Root;Ascomycota;Sordariomycetes;Sordariales;Chaetomiaceae;Humicola	misclassification	2
F1-REF	5	0	rdp	0.4	FJ904627	Root;Ascomycota;Sordariomycetes;Hypocreales;Hypocreaceae;Sepedonium	Root;Ascomycota;Sordariomycetes;Hypocreales;Hypocreaceae;Mycogone	overclassification	5
F1-REF	5	0	rdp	0.4	GQ337912	Root;Basidiomycota;Agaricomycetes;Polyporales;Ganodermataceae;Amauroderma;Amauroderma_subresinosum	Root;Basidiomycota;Agaricomycetes;Polyporales;Fomitopsidaceae;Donkioporia	misclassification	4
F1-REF	5	0	rdp	0.4	U57496	Root;Ascomycota;Leotiomycetes;Helotiales;Hyaloscyphaceae	Root;Ascomycota;Leotiomycetes;Helotiales;Hyaloscyphaceae;Arachnopeziza	match	5
F1-REF	5	0	rdp	0.4	GQ337914	Root;Basidiomycota;Agaricomycetes;Polyporales;Polyporaceae;Heliocybe;Heliocybe_sulcata	Root;Basidiomycota;Agaricomycetes;Polyporales;Polyporaceae;Neolentinus	overclassification	5
F1-REF	5	0	rdp	0.4	AF059597	Root;Basidiomycota;Agaricomycetes;Agaricales;Strophariaceae;Weraroa	Root;Basidiomycota;Agaricomycetes;Agaricales;Strophariaceae;Stropharia	overclassification	5
F1-REF	5	0	rdp	0.4	EF373566	Root;Ascomycota;Lecanoromycetes;Lecanorales;Parmeliaceae;Cetrariella;Cetrariella_fastigiata	Root;Ascomycota;Lecanoromycetes;Lecanorales;Parmeliaceae;Cetraria	overclassification	5
F1-REF	5	0	rdp	0.4	JF908767	Root;Ascomycota	Root;Ascomycota;Pezizomycetes;Pezizales;Pyronemataceae;Hydnocystis	underclassification	2
F1-REF	5	0	rdp	0.4	EF121862	Root;Ascomycota;Sordariomycetes;Hypocreales;Ophiocordycipitaceae;Ophiocordyceps	Root;Ascomycota;Sordariomycetes;Hypocreales;Nectriaceae;Lanatonectria	misclassification	4
F1-REF	5	0	rdp	0.4	JF908763	Root;Basidiomycota	Root;Ascomycota;Pezizomycetes;Pezizales;Pyronemataceae;Genabea	misclassification	1
F1-REF	5	0	rdp	0.4	EU784156	Root;Ascomycota;Lecanoromycetes;Lecanorales;Parmeliaceae;Melanelixia;Melanelixia_fuliginosa	Root;Ascomycota;Lecanoromycetes;Lecanorales;Parmeliaceae;Melanelia	overclassification	5
F1-REF	5	0	rdp	0.4	AB056132	Root;Ascomycota;Saccharomycetes;Saccharomycetales;Saccharomycetaceae	Root;Ascomycota;Saccharomycetes;Saccharomycetales;Saccharomycodaceae;Saccharomycodes	misclassification	4
F1-REF	5	0	rdp	0.4	GQ981522	Root	Root;Ascomycota;Pezizomycetes;Pezizales;Sarcosomataceae;Pseudoplectania	underclassification	1
F1-REF	5	0	rdp	0.4	FJ903322	Root;Basidiomycota;Agaricomycetes;Russulales;Stereaceae;Acanthophysium;Acanthophysium_lividocaeruleum	Root;Basidiomycota;Agaricomycetes;Russulales;Stereaceae;Stereum	overclassification	5
F1-REF	5	0	rdp	0.4	FJ999711	Root;Ascomycota;Dothideomycetes;Capnodiales;Mycosphaerellaceae;Cladosporium;Cladosporium	Root;Ascomycota;Dothideomycetes;Capnodiales;Mycosphaerellaceae;Davidiella	overclassification	5
F1-REF	5	0	rdp	0.4	FJ499393	Root;Ascomycota	Root;Ascomycota;Pezizomycetes;Pezizales;Sarcosomataceae;Sarcosoma	underclassification	2
F1-REF	5	0	rdp	0.4	AY176449	Root;Basidiomycota;Agaricomycetes;Agaricales	Root;Basidiomycota;Agaricomycetes;Agaricales;Tricholomataceae;Leucopholiota	underclassification	4
F1-REF	5	0	rdp	0.4	AY652759	Root;Basidiomycota;Pucciniomycetes;Pucciniales;Pucciniaceae;Puccinia	Root;Basidiomycota;Pucciniomycetes;Pucciniales;Pucciniaceae;Endophyllum	overclassification	5
F1-REF	5	0	rdp	0.4	GQ169314	Root;Ascomycota;Eurotiomycetes;Eurotiales;Trichocomaceae	Root;Ascomycota;Eurotiomycetes;Eurotiales;Trichocomaceae;Phialosimplex	match	5
F1-REF	5	0	rdp	0.4	EU346953	Root;Ascomycota	Root;Ascomycota;Pezizomycetes;Pezizales;Rhizinaceae;Rhizina	underclassification	2
F1-REF	5	0	rdp	0.4	HQ650711	Root;Ascomycota	Root;Ascomycota;Lecanoromycetes;Ostropales;Gyalectaceae;Gyalecta	underclassification	2
F1-REF	5	0	rdp	0.4	JF681966	Root;Ascomycota;Sordariomycetes;Diaporthales	Root;Ascomycota;Sordariomycetes;Diaporthales;Melanconidaceae;Prosthecium	underclassification	4
F1-REF	5	0	rdp	0.4	DQ365668	Root;Basidiomycota;Agaricomycetes;Atheliales;Atheliaceae	Root;Basidiomycota;Agaricomycetes;Atheliales;Atheliaceae;Piloderma	match	5
F1-REF	5	0	rdp	0.4	EF535707	Root;Ascomycota;Dothideomycetes;Capnodiales;Mycosphaerellaceae;Mycosphaerella;Mycosphaerella_eumusae	Root;Ascomycota;Dothideomycetes;Capnodiales;Mycosphaerellaceae;Phaeoisariopsis	overclassification	5
F1-REF	5	0	rdp	0.4	EU273515	Root;Ascomycota;Sordariomycetes;Hypocreales;Nectriaceae	Root;Ascomycota;Sordariomycetes;Hypocreales;Nectriaceae;Mariannaea	match	5
F1-REF	5	0	rdp	0.4	FJ914798	Root;Ascomycota;Lecanoromycetes;Lecanorales;Parmeliaceae	Root;Ascomycota;Lecanoromycetes;Lecanorales;Parmeliaceae;Flavocetraria	match	5
F1-REF	5	0	rdp	0.4	GQ229461	Root;Ascomycota	Root;Ascomycota;Saccharomycetes;Saccharomycetales;Trichomonascaceae;Trichomonascus	underclassification	2
F1-REF	5	0	rdp	0.4	UDB011402	Root;Basidiomycota;Agaricomycetes;Agaricales;Physalacriaceae;Paraxerula_americana;Paraxerula_americana	Root;Basidiomycota;Agaricomycetes;Agaricales;Marasmiaceae;Strobilurus	misclassification	4
F1-REF	5	0	rdp	0.4	JN865203	Root;Ascomycota;Dothideomycetes;Pleosporales;Tubeufiaceae;Helicoma	Root;Ascomycota;Dothideomycetes;Pleosporales;Tubeufiaceae;Tubeufia	overclassification	5
F1-REF	5	0	rdp	0.4	JN865201	Root;Ascomycota;Orbiliomycetes;Orbiliales;Orbiliaceae;Helicoon_gigantisporum;Helicoon_gigantisporum	Root;Ascomycota;Dothideomycetes;Pleosporales;Tubeufiaceae;Chlamydotubeufia_khunkornensis	misclassification	2
F1-REF	5	0	rdp	0.4	AF405301	Root;Ascomycota;Sordariomycetes;Xylariales;Amphisphaeriaceae;Pestalotiopsis	Root;Ascomycota;Sordariomycetes;Xylariales;Amphisphaeriaceae;Bartalinia	overclassification	5
F1-REF	5	0	rdp	0.4	AB524805	Root;Ascomycota;Dothideomycetes;Pleosporales;Tetraplosphaeriaceae;Tetraplosphaeria;Tetraplosphaeria_yakushimensis	Root;Ascomycota;Dothideomycetes;Pleosporales;Lophiostomataceae;Tetraploa	misclassification	4
F1-REF	5	0	rdp	0.4	UDB003318	Root;Basidiomycota;Agaricomycetes	Root;Basidiomycota;Agaricomycetes;Thelephorales;Thelephoraceae;Amaurodon	underclassification	3
F1-REF	5	0	rdp	0.4	DQ875354	Root;Basidiomycota;Ustilaginomycetes;Ustilaginales;Anthracoideaceae	Root;Basidiomycota;Ustilaginomycetes;Ustilaginales;Anthracoideaceae;Trichocintractia	match	5
F1-REF	5	0	rdp	0.4	DQ875356	Root;Basidiomycota;Ustilaginomycetes;Urocystidales;Urocystidaceae;Vankya;Vankya_heufleri	Root;Basidiomycota;Ustilaginomycetes;Urocystidales;Urocystidaceae;Ustacystis	overclassification	5
F1-REF	5	0	rdp	0.4	EU047803	Root;Basidiomycota;Agaricomycetes;Polyporales;Phanerochaetaceae;Ceraceomyces;Ceraceomyces_americanus	Root;Basidiomycota;Agaricomycetes;Polyporales;Phanerochaetaceae;Phanerochaete	overclassification	5
F1-REF	5	0	rdp	0.4	AJ271578	Root;Ascomycota;Sordariomycetes;Sordariales;Chaetomiaceae;Chaetomium;Chaetomium_globosum	Root;Ascomycota;Sordariomycetes;Sordariales;Chaetomiaceae;Thielavia	overclassification	5
F1-REF	5	0	rdp	0.4	EF527210	Root;Basidiomycota;Agaricomycetes;Hymenochaetales;Schizoporaceae;Hyphodontia;Hyphodontia_hastata	Root;Basidiomycota;Agaricomycetes;Hymenochaetales;Hymenochaetaceae;Phellinidium	misclassification	4
F1-REF	5	0	rdp	0.4	EF026128	Root;Ascomycota;Sordariomycetes	Root;Ascomycota;Sordariomycetes;Xylariales;Xylariaceae;Theissenia	underclassification	3
F1-REF	5	0	rdp	0.4	HM484865	Root;Ascomycota;Sordariomycetes;Hypocreales;Bionectriaceae;Sesquicillium;Sesquicillium_microsporum	Root;Ascomycota;Sordariomycetes;Hypocreales;Bionectriaceae;Nectriopsis	overclassification	5
F1-REF	5	0	rdp	0.4	FJ627252	Root;Basidiomycota;Agaricomycetes;Polyporales;Polyporaceae	Root;Basidiomycota;Agaricomycetes;Polyporales;Polyporaceae;Haploporus	match	5
F1-REF	5	0	rdp	0.4	AF098410	Root	Root;Ascomycota;Lecanoromycetes;Ostropales;Thelotremataceae;Diploschistes	underclassification	1
F1-REF	5	0	rdp	0.4	EU644702	Root;Basidiomycota;Agaricomycetes;Russulales;Russulaceae;Lactarius;Lactarius_cremor	Root;Basidiomycota;Agaricomycetes;Russulales;Russulaceae;Arcangeliella	overclassification	5
F1-REF	5	0	rdp	0.4	EU784265	Root;Basidiomycota;Agaricomycetes;Russulales;Hericiaceae;Creolophus;Creolophus_cirrhatus	Root;Basidiomycota;Agaricomycetes;Russulales;Hericiaceae;Hericium	overclassification	5
F1-REF	5	0	rdp	0.4	AJ301962	Root;Ascomycota;Eurotiomycetes;Chaetothyriales;Herpotrichiellaceae;Phialophora;Phialophora_geniculata	Root;Ascomycota;Sordariomycetes;Hypocreales;Nectriaceae;Volutella	misclassification	2
F1-REF	5	0	rdp	0.4	HE611486	Root;Basidiomycota;Agaricomycetes	Root;Basidiomycota;Agaricomycetes;Corticiales;Corticiaceae;Waitea	underclassification	3
F1-REF	5	0	rdp	0.4	GU322457	Root;Ascomycota;Sordariomycetes;Xylariales;Xylariaceae;Rosellinia;Rosellinia_necatrix	Root;Ascomycota;Sordariomycetes;Xylariales;Xylariaceae;Amphirosellinia	overclassification	5
F1-REF	5	0	rdp	0.4	GQ913410	Root;Basidiomycota;Agaricomycetes;Agaricales;Physalacriaceae;Hymenopellis_rubrobrunnescens;Hymenopellis_rubrobrunnescens	Root;Basidiomycota;Agaricomycetes;Agaricales;Physalacriaceae;Hymenopellis_megalospora	overclassification	5
F1-REF	5	0	rdp	0.4	FJ904677	Root;Ascomycota	Root;Ascomycota;Lecanoromycetes;Ostropales;Stictidaceae;Cryptodiscus	underclassification	2
F1-REF	5	0	rdp	0.4	EF600943	Root;Ascomycota;Dothideomycetes;Myriangiales;Elsinoaceae;Elsinoe;Elsinoe_proteae	Root;Ascomycota;Dothideomycetes;Myriangiales;Elsinoaceae;Sphaceloma	overclassification	5
F1-REF	5	0	rdp	0.4	FJ827711	Root	Root;Chytridiomycota;Chytridiomycetes;Spizellomycetales;Spizellomycetaceae;Powellomyces	underclassification	1
F1-REF	5	0	rdp	0.4	AF444318	Root;Basidiomycota;Tremellomycetes;Tremellales	Root;Basidiomycota;Tremellomycetes;Tremellales;Sirobasidiaceae;Fibulobasidium	underclassification	4
F1-REF	5	0	rdp	0.4	HQ897807	Root;Ascomycota;Sordariomycetes;Hypocreales;Nectriaceae	Root;Ascomycota;Sordariomycetes;Hypocreales;Nectriaceae;Pseudonectria	match	5
F1-REF	5	0	rdp	0.4	FJ627262	Root;Ascomycota;Dothideomycetes;Pleosporales;Montagnulaceae;Paraphaeosphaeria;Paraphaeosphaeria_michotii	Root;Basidiomycota;Agaricomycetes;Polyporales;Polyporaceae;Perenniporia	misclassification	1
F1-REF	5	0	rdp	0.4	AF506423	Root;Basidiomycota;Agaricomycetes;Polyporales;Polyporaceae;Daedaleopsis;Daedaleopsis_flavida	Root;Basidiomycota;Agaricomycetes;Polyporales;Hyphodermataceae;Metulodontia	misclassification	4
F1-REF	5	0	rdp	0.4	AB278192	Root;Ascomycota;Sordariomycetes;Ophiostomatales;Ophiostomataceae	Root;Ascomycota;Sordariomycetes;Sordariales;Cephalothecaceae;Fragosphaeria	misclassification	3
F1-REF	5	0	rdp	0.4	DQ641634	Root;Ascomycota;Sordariomycetes	Root;Ascomycota;Sordariomycetes;Xylariales;Xylariaceae;Nemania	underclassification	3
F1-REF	5	0	rdp	0.4	AF224333	Root;Ascomycota	Root;Ascomycota;Sordariomycetes;Ophiostomatales;Ophiostomataceae;Grosmannia	underclassification	2
F1-REF	5	0	rdp	0.4	EU598203	Root;Basidiomycota;Agaricomycetes;Agaricales;Marasmiaceae;Oudemansiella;Oudemansiella_mucida	Root;Basidiomycota;Agaricomycetes;Agaricales;Physalacriaceae;Mucidula	misclassification	4
F1-REF	5	0	rdp	0.4	EU697239	Root;Basidiomycota;Agaricomycetes;Boletales;Gomphidiaceae;Chroogomphus;Chroogomphus_asiaticus	Root;Basidiomycota;Agaricomycetes;Boletales;Gomphidiaceae;Brauniellula	overclassification	5
F1-REF	5	0	rdp	0.4	U19954	Root;Basidiomycota;Agaricomycetes	Root;Basidiomycota;Agaricomycetes;Cantharellales;Ceratobasidiaceae;Thanatephorus	underclassification	3
F1-REF	5	0	rdp	0.4	GU479900	Root;Ascomycota;Sordariomycetes;Hypocreales;Nectriaceae;Flagellospora;Flagellospora_penicillioides	Root;Ascomycota;Sordariomycetes;Hypocreales;Nectriaceae;Glionectria	overclassification	5
F1-REF	5	0	rdp	0.4	EU784392	Root;Ascomycota;Pezizomycetes;Pezizales;Pyronemataceae	Root;Ascomycota;Pezizomycetes;Pezizales;Pyronemataceae;Flavoscypha	match	5
F1-REF	5	0	rdp	0.4	EU266087	Root;Ascomycota;Lecanoromycetes;Acarosporales;Acarosporaceae;Glypholecia;Glypholecia_scabra	Root;Ascomycota;Lecanoromycetes;Acarosporales;Acarosporaceae;Sarcogyne	overclassification	5
F1-REF	5	0	rdp	0.4	AY150225	Root;Ascomycota;Sordariomycetes	Root;Ascomycota;Sordariomycetes;Microascales;Halosphaeriaceae;Tirispora	underclassification	3
F1-REF	5	0	rdp	0.4	AF484690	Root;Microsporidia;Microsporea;Microsporida;Pseudonosematidae;Pseudonosema;Pseudonosema_cristatellae	Root;Microsporidia;Microsporea;Microsporida;Pseudonosematidae;Bryonosema	overclassification	5
F1-REF	5	0	rdp	0.4	GQ927253	Root;Ascomycota;Leotiomycetes;Erysiphales;Erysiphaceae	Root;Ascomycota;Leotiomycetes;Erysiphales;Erysiphaceae;Podosphaera	match	5
F1-REF	5	0	rdp	0.4	AY548802	Root;Ascomycota	Root;Ascomycota;Arthoniomycetes;Arthoniales;Roccellaceae;Dendrographa	underclassification	2
F1-REF	5	0	rdp	0.4	AF377299	Root;Ascomycota;Sordariomycetes;Xylariales;Amphisphaeriaceae;Pestalotiopsis;Pestalotiopsis_funerea	Root;Ascomycota;Sordariomycetes;Xylariales;Amphisphaeriaceae;Seiridium	overclassification	5
F1-REF	5	0	rdp	0.4	FJ515891	Root;Ascomycota;Leotiomycetes;Helotiales;Sclerotiniaceae;Botryotinia;Botryotinia_fuckeliana	Root;Ascomycota;Leotiomycetes;Helotiales;Sclerotiniaceae;Monilinia	overclassification	5
F1-REF	5	0	rdp	0.4	EF363683	Root;Ascomycota;Sordariomycetes;Hypocreales;Clavicipitaceae;Balansia	Root;Ascomycota;Sordariomycetes;Hypocreales;Clavicipitaceae;Aciculosporium	overclassification	5
F1-REF	5	0	rdp	0.4	DQ536501	Root;Basidiomycota;Agaricomycetes	Root;Chytridiomycota;Chytridiomycetes;Chytridiales;Chytridiaceae;Podochytrium	misclassification	1
F1-REF	5	0	rdp	0.4	AB278196	Root;Ascomycota;Sordariomycetes	Root;Ascomycota;Sordariomycetes;Sordariales;Cephalothecaceae;Albertiniella	underclassification	3
F1-REF	5	0	rdp	0.4	EF652086	Root;Ascomycota;Eurotiomycetes;Eurotiales;Trichocomaceae;Penicillium	Root;Ascomycota;Eurotiomycetes;Eurotiales;Trichocomaceae;Eurotium	overclassification	5
F1-REF	5	0	rdp	0.4	AY833058	Root;Ascomycota;Leotiomycetes;Helotiales;Hyaloscyphaceae	Root;Ascomycota;Leotiomycetes;Helotiales;Helotiaceae;Bisporella	misclassification	4
F1-REF	5	0	rdp	0.4	EU673340	Root;Ascomycota;Dothideomycetes;Botryosphaeriales;Botryosphaeriaceae;Sphaeropsis	Root;Ascomycota;Dothideomycetes;Botryosphaeriales;Botryosphaeriaceae;Neodeightonia	overclassification	5
F1-REF	5	0	rdp	0.4	FJ380944	Root;Ascomycota;Orbiliomycetes;Orbiliales;Orbiliaceae;Arthrobotrys;Arthrobotrys_gephyropaga	Root;Ascomycota;Orbiliomycetes;Orbiliales;Orbiliaceae;Dactylella	overclassification	5
F1-REF	5	0	rdp	0.4	DQ202516	Root;Ascomycota;Leotiomycetes;Helotiales;Helotiaceae;Articulospora;Articulospora_atra	Root;Ascomycota;Leotiomycetes;Helotiales;Helotiaceae;Varicosporium	overclassification	5
F1-REF	5	0	rdp	0.4	EF369523	Root;Ascomycota;Eurotiomycetes;Verrucariales;Verrucariaceae;Bagliettoa;Verrucaria_baldensis	Root;Ascomycota;Eurotiomycetes;Verrucariales;Verrucariaceae;Verrucaria	overclassification	5
F1-REF	5	0	rdp	0.4	AY793430	Root;Ascomycota;Sordariomycetes;Hypocreales;Nectriaceae	Root;Ascomycota;Sordariomycetes;Hypocreales;Nectriaceae;Dematiocladium	match	5
F1-REF	5	0	rdp	0.4	HM488751	Root;Basidiomycota;Agaricomycetes;Agaricales;Agaricaceae;Agaricus;Agaricus_devoniensis	Root;Basidiomycota;Agaricomycetes;Agaricales;Agaricaceae;Clarkeinda	overclassification	5
F1-REF	5	0	rdp	0.4	AJ131785	Root;Ascomycota;Eurotiomycetes;Onygenales;Onygenaceae;Chrysosporium;Chrysosporium_articulatum	Root;Ascomycota;Eurotiomycetes;Onygenales;Onygenaceae;Castanedomyces	overclassification	5
F1-REF	5	0	rdp	0.4	GQ500919	Root;Ascomycota	Root;Ascomycota;Lecanoromycetes;Lecanorales;Cladoniaceae;Cladia	underclassification	2
F1-REF	5	0	rdp	0.4	GQ225699	Root;Ascomycota	Root;Ascomycota;Sordariomycetes;Ophiostomatales;Ophiostomataceae;Raffaelea	underclassification	2
F1-REF	5	0	rdp	0.4	JF706309	Root;Basidiomycota;Agaricomycetes;Agaricales	Root;Basidiomycota;Agaricomycetes;Agaricales;Entolomataceae;Richoniella	underclassification	4
F1-REF	5	0	rdp	0.4	EU744915	Root;Basidiomycota;Pucciniomycetes;Pucciniales;Pucciniastraceae;Pucciniastrum;Pucciniastrum_coryli	Root;Basidiomycota;Pucciniomycetes;Pucciniales;Pucciniastraceae;Melampsoridium	overclassification	5
F1-REF	5	0	rdp	0.4	EU715596	Root;Ascomycota;Pezizomycetes;Pezizales;Pyronemataceae	Root;Ascomycota;Pezizomycetes;Pezizales;Pyronemataceae;Trichophaea	match	5
F1-REF	5	0	rdp	0.4	FJ596774	Root;Basidiomycota;Agaricomycetes;Russulales;Russulaceae;Lactarius	Root;Basidiomycota;Agaricomycetes;Russulales;Russulaceae;Lactifluus	overclassification	5
F1-REF	5	0	rdp	0.4	AF079693	Root;Basidiomycota;Agaricomycetes;Agaricales;Agaricaceae;Cyphomyrmex_rimosus_symbiont_OC9;Cyphomyrmex_rimosus_symbiont_OC9	Root;Basidiomycota;Agaricomycetes;Agaricales;Agaricaceae;Cyphomyrmex_rimosus_symbiont_G9	overclassification	5
F1-REF	5	0	rdp	0.4	JF907774	Root;Basidiomycota;Agaricomycetes;Agaricales	Root;Basidiomycota;Agaricomycetes;Agaricales;Lyophyllaceae;Calocybe	underclassification	4
F1-REF	5	0	rdp	0.4	JN654921	Root;Ascomycota;Dothideomycetes;Pleosporales;Phaeosphaeriaceae	Root;Ascomycota;Dothideomycetes;Pleosporales;Phaeosphaeriaceae;Phaeosphaeriopsis	match	5
F1-REF	5	0	rdp	0.4	GQ142024	Root;Basidiomycota;Agaricomycetes;Agaricales;Pleurotaceae;Nematoctonus;Nematoctonus_concurrens	Root;Basidiomycota;Agaricomycetes;Agaricales;Pleurotaceae;Hohenbuehelia	overclassification	5
F1-REF	5	0	rdp	0.4	EU040217	Root;Ascomycota;Sordariomycetes	Root;Ascomycota;Sordariomycetes;Hypocreales;Nectriaceae;Falcocladium	underclassification	3
F1-REF	5	0	rdp	0.4	AF384861	Root;Basidiomycota;Agaricomycetes	Root;Basidiomycota;Tremellomycetes;Tremellales;Exidiaceae;Pseudohydnum	misclassification	2
F1-REF	5	0	rdp	0.4	AB190871	Root;Ascomycota;Sordariomycetes;Diaporthales;Togniniaceae;Phaeoacremonium;Phaeoacremonium_inflatipes	Root;Ascomycota;Sordariomycetes;Calosphaeriales;Pleurostomataceae;Pleurostomophora	misclassification	3
F1-REF	5	0	rdp	0.4	GQ340441	Root;Ascomycota;Saccharomycetes;Saccharomycetales;Saccharomycetaceae;Saccharomyces	Root;Ascomycota;Saccharomycetes;Saccharomycetales;Saccharomycetaceae;Lachancea	overclassification	5
F1-REF	5	0	rdp	0.4	DQ873651	Root;Basidiomycota;Agaricomycetes;Hymenochaetales;Schizoporaceae;Hyphodontia	Root;Basidiomycota;Agaricomycetes;Hymenochaetales;Schizoporaceae;Rogersella	overclassification	5
F1-REF	5	0	rdp	0.4	JN710531	Root;Basidiomycota;Agaricomycetes;Polyporales;Steccherinaceae;Antrodiella	Root;Basidiomycota;Agaricomycetes;Polyporales;Steccherinaceae;Fibricium	overclassification	5
F1-REF	5	0	rdp	0.4	EU035404	Root;Ascomycota;Eurotiomycetes;Chaetothyriales;Herpotrichiellaceae;Exophiala	Root;Ascomycota;Eurotiomycetes;Chaetothyriales;Herpotrichiellaceae;Cladophialophora	overclassification	5
F1-REF	5	0	rdp	0.4	AF351139	Root;Ascomycota;Lecanoromycetes;Peltigerales;Lobariaceae;Lobaria;Lobaria_meridionalis	Root;Ascomycota;Lecanoromycetes;Peltigerales;Lobariaceae;Pseudocyphellaria	overclassification	5
F1-REF	5	0	rdp	0.4	EF081003	Root;Ascomycota	Root;Ascomycota;Pezizomycetes;Pezizales;Morchellaceae;Morchella	underclassification	2
F1-REF	5	0	rdp	0.4	DQ885904	Root;Ascomycota;Dothideomycetes;Pleosporales;Tubeufiaceae;Helicoma;Helicoma_olivaceum	Root;Ascomycota;Dothideomycetes;Pleosporales;Venturiaceae;Sympoventuria	misclassification	4
F1-REF	5	0	rdp	0.4	FJ664848	Root;Ascomycota;Eurotiomycetes;Verrucariales;Verrucariaceae;Thelidium	Root;Ascomycota;Eurotiomycetes;Verrucariales;Verrucariaceae;Parabagliettoa	overclassification	5
F1-REF	5	0	rdp	0.4	AB445116	Root;Basidiomycota;Agaricomycetes;Cantharellales;Cantharellaceae;Craterellus;Craterellus_carolinensis	Root;Basidiomycota;Agaricomycetes;Cantharellales;Cantharellaceae;Pterygellus	overclassification	5
F1-REF	5	0	rdp	0.4	AY789355	Root;Ascomycota	Root;Ascomycota;Leotiomycetes;Helotiales;Helotiaceae;Cordierites	underclassification	2
F1-REF	5	0	rdp	0.4	GQ344614	Root;Ascomycota;Eurotiomycetes;Verrucariales;Verrucariaceae	Root;Ascomycota;Eurotiomycetes;Verrucariales;Verrucariaceae;Placidiopsis	match	5
F1-REF	5	0	rdp	0.4	AY571044	Root;Basidiomycota;Agaricomycetes;Agaricales	Root;Basidiomycota;Agaricomycetes;Agaricales;Schizophyllaceae;Henningsomyces	underclassification	4
F1-REF	5	0	rdp	0.4	HQ414605	Root;Ascomycota;Sordariomycetes;Diaporthales;Gnomoniaceae;Apiognomonia;Apiognomonia_hystrix	Root;Ascomycota;Sordariomycetes;Diaporthales;Valsaceae;Diplodina	misclassification	4
F1-REF	5	0	rdp	0.4	GU361938	Root;Ascomycota;Sordariomycetes;Hypocreales;Bionectriaceae	Root;Ascomycota;Sordariomycetes;Hypocreales;Bionectriaceae;Stephanonectria	match	5
F1-REF	5	0	rdp	0.4	AY277912	Root;Ascomycota;Sordariomycetes;Sordariales;Lasiosphaeriaceae;Podospora	Root;Ascomycota;Sordariomycetes;Sordariales;Lasiosphaeriaceae;Strattonia	overclassification	5
F1-REF	5	0	rdp	0.4	FN868479	Root;Ascomycota;Sordariomycetes;Xylariales;Amphisphaeriaceae	Root;Ascomycota;Sordariomycetes;Xylariales;Amphisphaeriaceae;Truncatella	match	5
F1-REF	5	0	rdp	0.4	AY795873	Root;Ascomycota;Eurotiomycetes	Root;Ascomycota;Eurotiomycetes;Mycocaliciales;Mycocaliciaceae;Phaeocalicium	underclassification	3
F1-REF	5	0	rdp	0.4	EU035423	Root;Ascomycota;Dothideomycetes;Pleosporales;Tubeufiaceae;Helicoma;Helicoma_olivaceum	Root;Ascomycota;Dothideomycetes;Pleosporales;Venturiaceae;Fusicladium	misclassification	4
F1-REF	5	0	rdp	0.4	AB481261	Root;Ascomycota;Leotiomycetes;Helotiales;Hyaloscyphaceae	Root;Ascomycota;Leotiomycetes;Helotiales;Hyaloscyphaceae;Incrucipulum	match	5
F1-REF	5	0	rdp	0.4	FJ481038	Root;Basidiomycota;Agaricomycetes;Agaricales;Mycenaceae;Resinomycena;Resinomycena_rhododendri	Root;Basidiomycota;Agaricomycetes;Agaricales;Mycenaceae;Panellus	overclassification	5
F1-REF	5	0	rdp	0.4	GQ267499	Root;Ascomycota;Pezizomycetes;Pezizales;Pyronemataceae	Root;Ascomycota;Pezizomycetes;Pezizales;Pyronemataceae;Wilcoxina	match	5
F1-REF	5	0	rdp	0.4	AF282108	Root;Ascomycota;Lecanoromycetes;Lecanorales;Ramalinaceae;Biatora;Biatora_carneoalbida	Root;Ascomycota;Lecanoromycetes;Lecanorales;Ramalinaceae;Toninia	overclassification	5
F1-REF	5	0	rdp	0.4	FN859431	Root;Ascomycota;Sordariomycetes;Hypocreales;Hypocreaceae	Root;Ascomycota;Sordariomycetes;Hypocreales;Hypocreaceae;Hypomyces	match	5
F1-REF	5	0	rdp	0.4	JF499851	Root;Ascomycota;Dothideomycetes;Capnodiales;Mycosphaerellaceae;Phaeothecoidea;Phaeothecoidea_proteae	Root;Ascomycota;Dothideomycetes;Capnodiales;Teratosphaeriaceae;Teratosphaeriaceae	misclassification	4
F1-REF	5	0	rdp	0.4	AF299347	Root;Ascomycota	Root;Ascomycota;Eurotiomycetes;Onygenales;Onygenaceae;Renispora	underclassification	2
F1-REF	5	0	rdp	0.4	HQ650626	Root;Ascomycota;Lecanoromycetes	Root;Ascomycota;Lecanoromycetes;Peltigerales;Placynthiaceae;Polychidium	underclassification	3
F1-REF	5	0	rdp	0.4	EU860383	Root;Ascomycota;Dothideomycetes;Botryosphaeriales;Botryosphaeriaceae;Sphaeropsis;Sphaeropsis_sapinea	Root;Ascomycota;Dothideomycetes;Botryosphaeriales;Botryosphaeriaceae;Diplodia	overclassification	5
F1-REF	5	0	rdp	0.4	DQ144611	Root;Basidiomycota;Agaricomycetes	Root;Basidiomycota;Agaricomycetes;Atheliales;Atheliaceae;Amylocorticium	underclassification	3
F1-REF	5	0	rdp	0.4	AY571032	Root;Basidiomycota;Agaricomycetes;Agaricales;Marasmiaceae;Marasmius	Root;Basidiomycota;Agaricomycetes;Agaricales;Marasmiaceae;Chaetocalathus	overclassification	5
F1-REF	5	0	rdp	0.4	AJ292401	Root;Ascomycota;Sordariomycetes;Hypocreales;Clavicipitaceae;Pochonia;Pochonia_suchlasporia	Root;Ascomycota;Sordariomycetes;Hypocreales;Nectriaceae;Aphanocladium	misclassification	4
F1-REF	5	0	rdp	0.4	EU343866	Root;Ascomycota;Saccharomycetes;Saccharomycetales;Pichiaceae;Pichia;Pichia_koratensis	Root;Ascomycota;Saccharomycetes;Saccharomycetales;Debaryomycetaceae;Millerozyma	misclassification	4
F1-REF	5	0	rdp	0.4	FJ822972	Root	Root;Chytridiomycota;Chytridiomycetes;Chytridiales;Chytridiaceae;Chytridium	underclassification	1
F1-REF	5	0	rdp	0.4	AY527405	Root;Ascomycota;Eurotiomycetes;Onygenales;Onygenaceae;Chrysosporium;Chrysosporium_lobatum	Root;Ascomycota;Eurotiomycetes;Onygenales;Ajellomycetaceae;Polytolypa	misclassification	4
F1-REF	5	0	rdp	0.4	FJ872075	Root;Ascomycota;Pezizomycetes;Pezizales;Pezizaceae;Peziza	Root;Ascomycota;Pezizomycetes;Pezizales;Pezizaceae;Chromelosporium	overclassification	5
F1-REF	5	0	rdp	0.4	DQ974799	Root	Root;Ascomycota;Pezizomycetes;Pezizales;Tuberaceae;Tuber	underclassification	1
F1-REF	5	0	rdp	0.4	GQ221126	Root;Ascomycota;Sordariomycetes;Sordariales;Chaetomiaceae;Chaetomium;Chaetomium_perlucidum	Root;Ascomycota;Sordariomycetes;Sordariales;Chaetomiaceae;Corynascus	overclassification	5
F1-REF	5	0	rdp	0.4	DQ201952	Root;Ascomycota;Lecanoromycetes;Teloschistales;Physciaceae;Buellia	Root;Ascomycota;Lecanoromycetes;Teloschistales;Caliciaceae;Tetramelas	misclassification	4
F1-REF	5	0	rdp	0.4	DQ494685	Root;Basidiomycota;Agaricomycetes;Agaricales	Root;Basidiomycota;Agaricomycetes;Agaricales;Inocybaceae;Pleuroflammula	underclassification	4
F1-REF	5	0	rdp	0.4	FJ501579	Root;Basidiomycota;Agaricomycetes;Polyporales;Polyporaceae;Wolfiporia;Wolfiporia_cocos	Root;Basidiomycota;Agaricomycetes;Polyporales;Polyporaceae;Poria	overclassification	5
F1-REF	5	0	rdp	0.4	JF908772	Root;Ascomycota	Root;Ascomycota;Pezizomycetes;Pezizales;Pezizaceae;Pachyphloeus	underclassification	2
F1-REF	5	0	rdp	0.4	AF391034	Root;Basidiomycota;Agaricomycetes;Agaricales	Root;Basidiomycota;Agaricomycetes;Agaricales;Tricholomataceae;Pseudobaeospora	underclassification	4
F1-REF	5	0	rdp	0.4	AJ537397	Root;Basidiomycota;Tremellomycetes;Tremellales;Exidiaceae;Guepinia;Guepinia_spathularia	Root;Basidiomycota;Dacrymycetes;Dacrymycetales;Dacrymycetaceae;Dacryopinax	misclassification	2
F1-REF	5	0	rdp	0.4	EU037891	Root;Ascomycota;Sordariomycetes	Root;Ascomycota;Sordariomycetes;Chaetosphaeriales;Chaetosphaeriaceae;Chaetosphaeria	underclassification	3
F1-REF	5	0	rdp	0.4	GU234142	Root;Basidiomycota;Agaricomycetes;Agaricales	Root;Basidiomycota;Agaricomycetes;Agaricales;Tricholomataceae;Fayodia	underclassification	4
F1-REF	5	0	rdp	0.4	GU594155	Root;Basidiomycota;Agaricomycetes;Polyporales	Root;Basidiomycota;Agaricomycetes;Polyporales;Hapalopilaceae;Ceriporia	underclassification	4
F1-REF	5	0	rdp	0.4	EU673370	Root;Ascomycota;Sordariomycetes;Hypocreales;Ophiocordycipitaceae;Ophiocordyceps;Ophiocordyceps_myrmecophila	Root;Ascomycota;Sordariomycetes;Hypocreales;Clavicipitaceae;Cordyceps	misclassification	4
F1-REF	5	0	rdp	0.4	U21814	Root;Ascomycota;Leotiomycetes;Helotiales	Root;Ascomycota;Leotiomycetes;Helotiales;Sclerotiniaceae;Piceomphale	underclassification	4
F1-REF	5	0	rdp	0.4	AY524843	Root;Ascomycota;Leotiomycetes;Helotiales;Hyaloscyphaceae;Bryoglossum;Bryoglossum_gracile	Root;Ascomycota;Leotiomycetes;Helotiales;Helotiaceae;Neocudoniella	misclassification	4
F1-REF	5	0	rdp	0.4	GQ981514	Root;Ascomycota;Pezizomycetes;Pezizales;Tuberaceae;Reddellomyces;Reddellomyces_donkii	Root;Ascomycota;Pezizomycetes;Pezizales;Pyronemataceae;Nothojafnea	misclassification	4
F1-REF	5	0	rdp	0.4	DQ885585	Root;Basidiomycota	Root;Microsporidia;Microsporea;Microsporida;Enterocytozoonidae;Enterocytozoon	misclassification	1
F1-REF	5	0	rdp	0.4	JF440985	Root;Ascomycota;Sordariomycetes;Hypocreales;Nectriaceae	Root;Ascomycota;Sordariomycetes;Hypocreales;Niessliaceae;Rosasphaeria_moravica	misclassification	4
F1-REF	5	0	rdp	0.4	DQ449942	Root;Basidiomycota;Agaricomycetes;Agaricales;Marasmiaceae;Marasmius;Marasmius_tricolor	Root;Basidiomycota;Agaricomycetes;Agaricales;Marasmiaceae;Tetrapyrgos	overclassification	5
F1-REF	5	0	rdp	0.4	AY176354	Root;Basidiomycota;Agaricomycetes;Agaricales;Agaricaceae;Lepiota	Root;Basidiomycota;Agaricomycetes;Agaricales;Agaricaceae;Echinoderma	overclassification	5
F1-REF	5	0	rdp	0.4	FJ356152	Root;Ascomycota;Lecanoromycetes;Lecanorales;Ramalinaceae;Ramalinopsis;Ramalinopsis_mannii	Root;Ascomycota;Lecanoromycetes;Lecanorales;Ramalinaceae;Ramalina	overclassification	5
F1-REF	5	0	rdp	0.4	EU833201	Root;Basidiomycota;Agaricomycetes;Hymenochaetales;Hymenochaetaceae;Inocutis;Inocutis_jamaicensis	Root;Ascomycota;Eurotiomycetes;Chaetothyriales;Herpotrichiellaceae;Capronia	misclassification	1
F1-REF	5	0	rdp	0.4	AM882885	Root;Basidiomycota;Agaricomycetes;Boletales;Hymenogasteraceae;Hymenogaster;Hymenogaster_tener	Root;Basidiomycota;Agaricomycetes;Agaricales;Bolbitiaceae;Naucoria	misclassification	3
F1-REF	5	0	rdp	0.4	JN710573	Root;Basidiomycota;Agaricomycetes;Polyporales;Steccherinaceae	Root;Basidiomycota;Agaricomycetes;Polyporales;Meruliaceae;Mycorrhaphium	misclassification	4
F1-REF	5	0	rdp	0.4	DQ004573	Root;Ascomycota;Lecanoromycetes;Lecanorales;Parmeliaceae;Cetrariella;Cetrariella_fastigiata	Root;Ascomycota;Lecanoromycetes;Lecanorales;Parmeliaceae;Vulpicida	overclassification	5
F1-REF	5	0	rdp	0.4	DQ004572	Root;Ascomycota;Lecanoromycetes;Lecanorales;Parmeliaceae;Kaernefeltia;Kaernefeltia_merrillii	Root;Ascomycota;Lecanoromycetes;Lecanorales;Parmeliaceae;Tuckermannopsis	overclassification	5
F1-REF	5	0	rdp	0.4	AY618667	Root;Basidiomycota;Dacrymycetes;Dacrymycetales;Dacrymycetaceae;Calocera;Calocera_furcata	Root;Basidiomycota;Dacrymycetes;Dacrymycetales;Dacrymycetaceae;Cerinosterus	overclassification	5
F1-REF	5	0	rdp	0.4	AF350290	Root;Ascomycota;Dothideomycetes;Pleosporales	Root;Ascomycota;Lecanoromycetes;Peltigerales;Pannariaceae;Degelia	misclassification	2
F1-REF	5	0	rdp	0.4	EU623677	Root;Basidiomycota;Agaricomycetes;Agaricales;Marasmiaceae;Clitocybula;Clitocybula_atroalba	Root;Basidiomycota;Agaricomycetes;Agaricales;Marasmiaceae;Megacollybia	overclassification	5
F1-REF	5	0	rdp	0.4	JF440978	Root;Ascomycota;Sordariomycetes	Root;Ascomycota;Sordariomycetes;Diaporthales;Melanconidaceae;Melogramma	underclassification	3
F1-REF	5	0	rdp	0.4	GQ355956	Root;Basidiomycota;Agaricomycetes;Polyporales;Polyporaceae	Root;Basidiomycota;Agaricomycetes;Polyporales;Polyporaceae;Grammothele	match	5
F1-REF	5	0	rdp	0.4	AJ315842	Root;Ascomycota;Eurotiomycetes	Root;Ascomycota;Eurotiomycetes;Onygenales;Onygenaceae;Neogymnomyces	underclassification	3
F1-REF	5	0	rdp	0.4	AJ315841	Root;Ascomycota	Root;Ascomycota;Eurotiomycetes;Onygenales;Gymnoascaceae;Testudomyces	underclassification	2
F1-REF	5	0	rdp	0.4	AF178417	Root;Ascomycota;Sordariomycetes;Hypocreales;Nectriaceae;Haematonectria;Fusarium_solani	Root;Ascomycota;Sordariomycetes;Hypocreales;Nectriaceae;Nectria	overclassification	5
F1-REF	5	0	rdp	0.4	EU073198	Root;Ascomycota;Sordariomycetes;Hypocreales;Hypocreaceae;Sepedonium	Root;Ascomycota;Sordariomycetes;Hypocreales;Hypocreaceae;Hypocreopsis	overclassification	5
F1-REF	5	0	rdp	0.4	EU402589	Root;Basidiomycota;Agaricomycetes	Root;Basidiomycota;Agaricomycetes;Polyporales;Polyporaceae;Pycnoporellus	underclassification	3
F1-REF	5	0	rdp	0.4	EF088656	Root;Basidiomycota;Agaricomycetes;Hymenochaetales;Hymenochaetaceae;Inonotus	Root;Basidiomycota;Agaricomycetes;Hymenochaetales;Hymenochaetaceae;Phellinus	overclassification	5
F1-REF	5	0	rdp	0.4	JF505112	Root;Ascomycota;Sordariomycetes;Hypocreales	Root;Ascomycota;Sordariomycetes;Hypocreales;Hypocreaceae;Cladobotryum	underclassification	4
F1-REF	5	0	rdp	0.4	AF020770	Root;Basidiomycota;Agaricomycetes;Thelephorales;Thelephoraceae;Tomentella	Root;Basidiomycota;Agaricomycetes;Thelephorales;Thelephoraceae;Pisonia_grandis_mycobiont	overclassification	5
F1-REF	5	0	rdp	0.4	FJ839640	Root;Ascomycota;Dothideomycetes;Pleosporales;Pleomassariaceae;Prosthemium;Prosthemium_canba	Root;Ascomycota;Dothideomycetes;Capnodiales;Mycosphaerellaceae;Xenostigmina	misclassification	3
F1-REF	5	0	rdp	0.4	FJ411100	Root;Basidiomycota;Agaricomycetes;Polyporales;Polyporaceae;Perenniporiella;Perenniporiella_pendula	Root;Basidiomycota;Agaricomycetes;Polyporales;Polyporaceae;Abundisporus	overclassification	5
F1-REF	5	0	rdp	0.4	FJ911892	Root;Ascomycota;Orbiliomycetes;Orbiliales;Orbiliaceae;Arthrobotrys;Arthrobotrys_foliicola	Root;Ascomycota;Sordariomycetes;Xylariales;Hyponectriaceae;Microdochium	misclassification	2
F1-REF	5	0	rdp	0.4	AF444551	Root;Basidiomycota;Agaricostilbomycetes;Agaricostilbales;Agaricostilbaceae;Agaricostilbum;Agaricostilbum_hyphaenes	Root;Basidiomycota;Agaricostilbomycetes;Agaricostilbales;Agaricostilbaceae;Sterigmatomyces	overclassification	5
F1-REF	5	0	rdp	0.4	GU062273	Root;Ascomycota;Leotiomycetes;Helotiales;Dermateaceae;Pezicula;Pezicula_cinnamomea	Root;Ascomycota;Leotiomycetes;Helotiales;Dermateaceae;Cryptosporiopsis	overclassification	5
F1-REF	5	0	rdp	0.4	HQ610175	Root;Ascomycota;Sordariomycetes;Diaporthales	Root;Ascomycota;Sordariomycetes;Diaporthales;Gnomoniaceae;Greeneria	underclassification	4
F1-REF	5	0	rdp	0.4	AF332127	Root;Ascomycota;Lecanoromycetes	Root;Ascomycota;Lecanoromycetes;Pertusariales;Pertusariaceae;Pertusaria	underclassification	3
F1-REF	5	0	rdp	0.4	JF433374	Root;Ascomycota	Root;Ascomycota;Leotiomycetes;Helotiales;Sclerotiniaceae;Amphobotrys	underclassification	2
F1-REF	5	0	rdp	0.4	GQ850202	Root;Basidiomycota;Tremellomycetes;Tremellales;Tremellaceae;Tsuchiyaea;Tsuchiyaea_wingfieldii	Root;Basidiomycota;Tremellomycetes;Tremellales;Tremellaceae;Filobasidiella	overclassification	5
F1-REF	5	0	rdp	0.4	EU181457	Root;Ascomycota;Eurotiomycetes;Onygenales;Arthrodermataceae;Arthroderma;Arthroderma_fulvum	Root;Ascomycota;Eurotiomycetes;Onygenales;Arthrodermataceae;Microsporum	overclassification	5
F1-REF	5	0	rdp	0.4	DQ534455	Root;Ascomycota;Lecanoromycetes	Root;Ascomycota;Lecanoromycetes;Teloschistales;Teloschistaceae;Caloplaca	underclassification	3
F1-REF	5	0	rdp	0.4	GU139172	Root;Basidiomycota;Microbotryomycetes;Microbotryales;Microbotryaceae;Sphacelotheca;Sporisorium_reilianum	Root;Basidiomycota;Ustilaginomycetes;Ustilaginales;Ustilaginaceae;Sporisorium	misclassification	2
F1-REF	5	0	rdp	0.4	HQ888720	Root	Root;Blastocladiomycota;Blastocladiomycetes;Blastocladiales;Blastocladiaceae;Allomyces	underclassification	1
F1-REF	5	0	rdp	0.4	AF231912	Root;Basidiomycota;Agaricomycetes;Russulales;Russulaceae;Lactarius	Root;Basidiomycota;Agaricomycetes;Russulales;Russulaceae;Zelleromyces	overclassification	5
F1-REF	5	0	rdp	0.4	FJ462759	Root;Ascomycota;Sordariomycetes;Diaporthales;Diaporthaceae;Diaporthe;Diaporthe_helianthi	Root;Ascomycota;Sordariomycetes;Diaporthales;Valsaceae;Phomopsis	misclassification	4
F1-REF	5	0	rdp	0.4	EF621920	Root;Basidiomycota;Microbotryomycetes;Microbotryales;Microbotryaceae;Liroa;Liroa_emodensis	Root;Basidiomycota;Microbotryomycetes;Microbotryales;Microbotryaceae;Microbotryum	overclassification	5
F1-REF	5	0	rdp	0.4	AF444425	Root;Basidiomycota;Tremellomycetes;Tremellales;Cuniculitremaceae;Fellomyces	Root;Basidiomycota;Tremellomycetes;Tremellales;Cuniculitremaceae;Kockovaella	overclassification	5
F1-REF	5	0	rdp	0.4	EU660447	Root;Ascomycota;Sordariomycetes	Root;Ascomycota;Sordariomycetes;Microascales;Ceratocystidaceae;Gondwanamyces	underclassification	3
F1-REF	5	0	rdp	0.4	FJ442633	Root;Ascomycota;Sordariomycetes;Hypocreales;Hypocreaceae;Sepedonium;Sepedonium_chalcipori	Root;Ascomycota;Sordariomycetes;Hypocreales;Hypocreaceae;Sphaerostilbella	overclassification	5
F1-REF	5	0	rdp	0.4	DQ354521	Root;Basidiomycota;Pucciniomycetes;Pucciniales;Phragmidiaceae;Phragmidium	Root;Basidiomycota;Pucciniomycetes;Pucciniales;Raveneliaceae;Sphenospora	misclassification	4
F1-REF	5	0	rdp	0.4	GQ231739	Root;Ascomycota;Pezizomycetes;Pezizales;Pezizaceae;Peziza;Peziza_lividula	Root;Ascomycota;Pezizomycetes;Pezizales;Pezizaceae;Mattirolomyces	overclassification	5
F1-REF	5	0	rdp	0.4	AF336150	Root;Basidiomycota;Agaricomycetes;Russulales	Root;Basidiomycota;Agaricomycetes;Russulales;Auriscalpiaceae;Artomyces	underclassification	4
F1-REF	5	0	rdp	0.4	JQ398742	Root;Basidiomycota	Root;Ascomycota;Saccharomycetes;Saccharomycetales;Pichiaceae;Komagataella	misclassification	1
F1-REF	5	0	rdp	0.4	EF635909	Root;Basidiomycota;Ustilaginomycetes;Urocystidales;Urocystidaceae;Vankya;Vankya_heufleri	Root;Basidiomycota;Ustilaginomycetes;Urocystidales;Urocystidaceae;Flamingomyces	overclassification	5
F1-REF	5	0	rdp	0.4	GU992337	Root;Ascomycota;Lecanoromycetes;Lecanorales;Parmeliaceae;Xanthoparmelia	Root;Ascomycota;Lecanoromycetes;Lecanorales;Parmeliaceae;Karoowia	overclassification	5
F1-REF	5	0	rdp	0.4	DQ383639	Root;Ascomycota;Lecanoromycetes;Rhizocarpales;Rhizocarpaceae;Rhizocarpon	Root;Ascomycota;Lecanoromycetes;Rhizocarpales;Rhizocarpaceae;Catolechia	overclassification	5
F1-REF	5	0	rdp	0.4	HM853977	Root;Ascomycota;Dothideomycetes;Pleosporales;Pleomassariaceae;Prosthemium;Prosthemium_stellare	Root;Ascomycota;Dothideomycetes;Pleosporales;Lophiostomataceae;Herpotrichia	misclassification	4
F1-REF	5	0	rdp	0.4	DQ780456	Root;Ascomycota	Root;Ascomycota;Dothideomycetes;Capnodiales;Mycosphaerellaceae;Guignardia	underclassification	2
F1-REF	5	0	rdp	0.4	EF635904	Root;Basidiomycota;Ustilaginomycetes;Urocystidales;Urocystidaceae;Vankya;Vankya_heufleri	Root;Basidiomycota;Ustilaginomycetes;Urocystidales;Urocystidaceae;Melanustilospora	overclassification	5
F1-REF	5	0	rdp	0.4	EU599575	Root;Ascomycota;Leotiomycetes;Helotiales	Root;Ascomycota;Leotiomycetes;Helotiales;Rutstroemiaceae;Moellerodiscus	underclassification	4
F1-REF	5	0	rdp	0.4	AB353761	Root;Ascomycota;Leotiomycetes	Root;Ascomycota;Leotiomycetes;Erysiphales;Erysiphaceae;Sawadaea	underclassification	3
F1-REF	5	0	rdp	0.4	EF029203	Root;Ascomycota;Dothideomycetes;Pleosporales;Venturiaceae;Venturia;Venturia_atriseda	Root;Ascomycota;Orbiliomycetes;Orbiliales;Orbiliaceae;Helicoon_fuscosporum	misclassification	2
F1-REF	5	0	rdp	0.4	AY854068	Root;Basidiomycota;Agaricomycetes;Boletales	Root;Basidiomycota;Agaricomycetes;Boletales;Boletaceae;Strobilomyces	underclassification	4
F1-REF	5	0	rdp	0.4	FM212666	Root;Basidiomycota;Ustilaginomycetes;Ustilaginales;Ustilaginaceae;Stegocintractia;Stegocintractia_luzulae	Root;Basidiomycota;Ustilaginomycetes;Ustilaginales;Ustilaginaceae;Schizonella	overclassification	5
F1-REF	5	0	rdp	0.4	HQ533012	Root;Basidiomycota;Agaricomycetes;Polyporales	Root;Basidiomycota;Agaricomycetes;Polyporales;Hapalopilaceae;Aurantiporus	underclassification	4
F1-REF	5	0	rdp	0.4	DQ322098	Root;Ascomycota	Root;Ascomycota;Sordariomycetes;Xylariales;Xylariaceae;Annulohypoxylon	underclassification	2
F1-REF	5	0	rdp	0.4	HQ533014	Root;Basidiomycota;Agaricomycetes;Agaricales	Root;Basidiomycota;Agaricomycetes;Agaricales;Marasmiaceae;Marasmiellus	underclassification	4
F1-REF	5	0	rdp	0.4	EU266099	Root;Ascomycota;Lecanoromycetes;Lecanorales;Parmeliaceae	Root;Ascomycota;Lecanoromycetes;Lecanorales;Parmeliaceae;Parmotrema	match	5
F1-REF	5	0	rdp	0.4	U56049	Root;Basidiomycota;Agaricomycetes;Agaricales;Cortinariaceae;Dermocybe_egmontiana;Dermocybe_egmontiana	Root;Basidiomycota;Agaricomycetes;Agaricales;Cortinariaceae;Dermocybe_olivaceopicta	overclassification	5
F1-REF	5	0	rdp	0.4	GU222294	Root;Ascomycota;Leotiomycetes;Helotiales;Sclerotiniaceae;Torrendiella	Root;Ascomycota;Leotiomycetes;Helotiales;Helotiaceae;Discinella	misclassification	4
F1-REF	5	0	rdp	0.4	AY945231	Root;Ascomycota;Sordariomycetes;Hypocreales	Root;Ascomycota;Sordariomycetes;Hypocreales;Cordycipitaceae;Pseudogibellula	underclassification	4
F1-REF	5	0	rdp	0.4	EU552133	Root;Basidiomycota;Agaricomycetes	Root;Ascomycota;Dothideomycetes;Hysteriales;Hysteriaceae;Gloniopsis	misclassification	1
F1-REF	5	0	rdp	0.4	DQ361050	Root;Ascomycota;Saccharomycetes;Saccharomycetales;Saccharomycopsidaceae;Saccharomycopsis;Saccharomycopsis_javanensis	Root;Ascomycota;Saccharomycetes;Saccharomycetales;Saccharomycopsidaceae;Arthroascus	overclassification	5
F1-REF	5	0	rdp	0.4	AJ271431	Root;Ascomycota;Eurotiomycetes	Root;Ascomycota;Eurotiomycetes;Onygenales;Onygenaceae;Amauroascus	underclassification	3
F1-REF	5	0	rdp	0.4	AB208109	Root;Ascomycota;Sordariomycetes;Hypocreales;Clavicipitaceae	Root;Ascomycota;Sordariomycetes;Hypocreales;Clavicipitaceae;Berkelella	match	5
F1-REF	5	0	rdp	0.4	FJ903297	Root;Basidiomycota;Agaricomycetes;Agaricales;Psathyrellaceae;Coprinopsis;Coprinopsis_cothurnata	Root;Basidiomycota;Agaricomycetes;Polyporales;Sistotremataceae;Sistotrema	misclassification	3
F1-REF	5	0	rdp	0.4	FJ903295	Root;Ascomycota;Lecanoromycetes	Root;Ascomycota;Lecanoromycetes;Agyriales;Agyriaceae;Sarea	underclassification	3
F1-REF	5	0	rdp	0.4	GQ396263	Root;Ascomycota	Root;Ascomycota;Lecanoromycetes;Peltigerales;Collemataceae;Collema	underclassification	2
F1-REF	5	0	rdp	0.4	HM631724	Root;Basidiomycota;Agaricomycetes;Agaricales;Tricholomataceae;Clitocybe;Clitocybe_bresadoliana	Root;Basidiomycota;Agaricomycetes;Agaricales;Tricholomataceae;Infundibulicybe	overclassification	5
F1-REF	5	0	rdp	0.4	AF229470	Root;Ascomycota;Dothideomycetes;Pleosporales;Pleosporaceae;Embellisia;Embellisia_phragmospora	Root;Ascomycota;Dothideomycetes;Pleosporales;Pleosporaceae;Alternaria	overclassification	5
F1-REF	5	0	rdp	0.4	EU683062	Root;Ascomycota;Sordariomycetes	Root;Ascomycota;Sordariomycetes;Diaporthales;Valsaceae;Anisogramma	underclassification	3
F1-REF	5	0	rdp	0.4	GU214649	Root;Ascomycota;Dothideomycetes;Capnodiales;Capnodiaceae;Capnodium;Capnodium_coffeae	Root;Ascomycota;Dothideomycetes;Capnodiales;Capnodiaceae;Polychaeton	overclassification	5
F1-REF	5	0	rdp	0.4	AJ617491	Root;Basidiomycota;Agaricomycetes;Agaricales;Lycoperdaceae;Bovista;Lycoperdon_pusillum	Root;Basidiomycota;Agaricomycetes;Agaricales;Lycoperdaceae;Handkea	overclassification	5
F1-REF	5	0	rdp	0.4	FJ608589	Root;Basidiomycota;Agaricomycetes;Polyporales;Meruliaceae;Podoscypha;Podoscypha_multizonata	Root;Basidiomycota;Agaricomycetes;Polyporales;Meripilaceae;Abortiporus	misclassification	4
F1-REF	5	0	rdp	0.4	GQ334386	Root;Ascomycota;Dothideomycetes;Capnodiales;Teratosphaeriaceae;Teratosphaeria	Root;Ascomycota;Dothideomycetes;Capnodiales;Teratosphaeriaceae;Hortaea	overclassification	5
F1-REF	5	0	rdp	0.4	EU340897	Root;Basidiomycota;Agaricomycetes;Polyporales;Ganodermataceae;Amauroderma;Amauroderma_subresinosum	Root;Basidiomycota;Agaricomycetes;Polyporales;Polyporaceae;Dichomitus	misclassification	4
F1-REF	5	0	rdp	0.4	DQ873639	Root	Root;Basidiomycota;Agaricomycetes;Polyporales;Phanerochaetaceae;Odonticium	underclassification	1
F1-REF	5	0	rdp	0.4	AF097903	Root;Ascomycota;Lecanoromycetes;Lecanorales;Parmeliaceae	Root;Ascomycota;Lecanoromycetes;Lecanorales;Parmeliaceae;Platismatia	match	5
F1-REF	5	0	rdp	0.4	EU118648	Root;Basidiomycota;Agaricomycetes;Polyporales;Phanerochaetaceae	Root;Basidiomycota;Agaricomycetes;Polyporales;Meruliaceae;Meruliopsis	misclassification	4
F1-REF	5	0	rdp	0.4	AB507400	Root;Basidiomycota	Root;Basidiomycota;Agaricomycetes;Boletales;Sclerodermataceae;Astraeus	underclassification	2
F1-REF	5	0	rdp	0.4	EU551189	Root;Ascomycota;Sordariomycetes;Sordariales;Sordariaceae;Gelasinospora	Root;Ascomycota;Sordariomycetes;Sordariales;Sordariaceae;Neurospora	overclassification	5
F1-REF	5	0	rdp	0.4	GQ292540	Root;Ascomycota;Sordariomycetes;Diaporthales;Cryphonectriaceae;Cryphonectria;Cryphonectria_macrospora	Root;Ascomycota;Sordariomycetes;Diaporthales;Cryphonectriaceae;Holocryphia	overclassification	5
F1-REF	5	0	rdp	0.4	AF451790	Root;Ascomycota;Lecanoromycetes;Lecanorales;Parmeliaceae;Ahtiana;Ahtiana_sphaerosporella	Root;Ascomycota;Lecanoromycetes;Lecanorales;Parmeliaceae;Tuckermanella	overclassification	5
F1-REF	5	0	rdp	0.4	EU486435	Root;Basidiomycota;Agaricomycetes;Agaricales;Marasmiaceae	Root;Basidiomycota;Agaricomycetes;Agaricales;Tricholomataceae;Pleurotopsis	misclassification	4
F1-REF	5	0	rdp	0.4	U35307	Root;Ascomycota;Sordariomycetes;Hypocreales;Clavicipitaceae;Elaphocordyceps;Elaphocordyceps_paradoxa	Root;Ascomycota;Sordariomycetes;Hypocreales;Ophiocordycipitaceae;Tolypocladium	misclassification	4
F1-REF	5	0	rdp	0.4	FJ596767	Root;Basidiomycota;Agaricomycetes;Agaricales;Marasmiaceae;Marasmius;Marasmius_androsaceus	Root;Basidiomycota;Agaricomycetes;Agaricales;Marasmiaceae;Gymnopus	overclassification	5
F1-REF	5	0	rdp	0.4	DQ200844	Root;Ascomycota;Pezizomycetes;Pezizales;Pezizaceae;Peziza	Root;Ascomycota;Pezizomycetes;Pezizales;Pezizaceae;Sarcosphaera	overclassification	5
F1-REF	5	0	rdp	0.4	EU040222	Root;Ascomycota;Sordariomycetes;Xylariales;Amphisphaeriaceae	Root;Ascomycota;Sordariomycetes;Xylariales;Amphisphaeriaceae;Phlogicylindrium	match	5
F1-REF	5	0	rdp	0.4	U21828	Root;Ascomycota;Leotiomycetes;Helotiales;Rutstroemiaceae;Lanzia;Lanzia_luteovirescens	Root;Ascomycota;Leotiomycetes;Helotiales;Rutstroemiaceae;Lambertella	overclassification	5
F1-REF	5	0	rdp	0.4	GQ167045	Root;Basidiomycota;Ustilaginomycetes;Ustilaginales;Ustilaginaceae;Ustilago;Ustilago_alcornii	Root;Basidiomycota;Ustilaginomycetes;Ustilaginales;Ustilaginaceae;Yenia	overclassification	5
F1-REF	5	0	rdp	0.4	FJ627527	Root;Basidiomycota;Agaricomycetes;Russulales;Stereaceae;Aleurodiscus;Aleurodiscus_aurantius	Root;Basidiomycota;Agaricomycetes;Russulales;Bondarzewiaceae;Heterobasidion	misclassification	4
F1-REF	5	0	rdp	0.4	EF619542	Root;Ascomycota;Lecanoromycetes;Lecanorales	Root;Ascomycota;Lecanoromycetes;Lecanorales;Stereocaulaceae;Lepraria	underclassification	4
F1-REF	5	0	rdp	0.4	EF492210	Root;Ascomycota;Lecanoromycetes;Lecanorales;Parmeliaceae;Hypogymnia	Root;Ascomycota;Lecanoromycetes;Lecanorales;Parmeliaceae;Usnea	overclassification	5
F1-REF	5	0	rdp	0.4	AY549983	Root;Basidiomycota;Tremellomycetes;Tremellales;Trichosporonaceae;Trichosporon	Root;Basidiomycota;Tremellomycetes;Tremellales;Trichosporonaceae;Cryptotrichosporon	overclassification	5
F1-REF	5	0	rdp	0.4	DQ407258	Root;Basidiomycota;Agaricomycetes;Boletales;Boletaceae	Root;Basidiomycota;Agaricomycetes;Boletales;Boletaceae;Pulveroboletus	match	5
F1-REF	5	0	rdp	0.4	EF191235	Root;Ascomycota;Leotiomycetes;Rhytismatales;Rhytismataceae;Coccomyces;Coccomyces_australis	Root;Ascomycota;Leotiomycetes;Rhytismatales;Rhytismataceae;Lophodermium	overclassification	5
F1-REF	5	0	rdp	0.4	FJ596780	Root;Basidiomycota;Agaricomycetes;Agaricales;Strophariaceae;Weraroa;Weraroa_virescens	Root;Basidiomycota;Agaricomycetes;Agaricales;Strophariaceae;Hypholoma	overclassification	5
F1-REF	5	0	rdp	0.4	AF097751	Root;Basidiomycota;Agaricomycetes;Agaricales	Root;Basidiomycota;Agaricomycetes;Agaricales;Phelloriniaceae;Dictyocephalos	underclassification	4
F1-REF	5	0	rdp	0.4	FJ805250	Root;Basidiomycota;Agaricomycetes;Polyporales;Polyporaceae	Root;Basidiomycota;Agaricomycetes;Polyporales;Ganodermataceae;Ganoderma	misclassification	4
F1-REF	5	0	rdp	0.4	EU819469	Root;Basidiomycota;Agaricomycetes;Agaricales	Root;Basidiomycota;Agaricomycetes;Agaricales;Bolbitiaceae;Hebeloma	underclassification	4
F1-REF	5	0	rdp	0.4	EU784214	Root;Basidiomycota;Agaricomycetes;Hymenochaetales;Hymenochaetaceae;Coltricia;Coltricia_perennis	Root;Basidiomycota;Agaricomycetes;Agaricales;Entolomataceae;Entoloma	misclassification	3
F1-REF	5	0	rdp	0.4	EU851104	Root;Ascomycota;Sordariomycetes;Diaporthales;Togniniaceae;Phaeoacremonium	Root;Ascomycota;Sordariomycetes;Diaporthales;Togniniaceae;Togninia	overclassification	5
F1-REF	5	0	rdp	0.4	GU324736	Root;Ascomycota;Sordariomycetes;Xylariales;Xylariaceae	Root;Ascomycota;Sordariomycetes;Xylariales;Xylariaceae;Xylaria	match	5
F1-REF	5	0	rdp	0.4	HM046877	Root;Basidiomycota;Agaricomycetes	Root;Basidiomycota;Agaricomycetes;Corticiales;Corticiaceae;Dendrocorticium	underclassification	3
F1-REF	5	0	rdp	0.4	AJ716159	Root;Ascomycota	Root;Basidiomycota;Agaricomycetes;Agaricales;Inocybaceae;Phaeomyces	misclassification	1
F1-REF	5	0	rdp	0.4	U66440	Root;Basidiomycota;Agaricomycetes	Root;Basidiomycota;Agaricomycetes;Agaricales;Clavariaceae;Multiclavula	underclassification	3
F1-REF	5	0	rdp	0.4	DQ425023	Root;Basidiomycota;Pucciniomycetes;Pucciniales;Pucciniaceae;Puccinia	Root;Basidiomycota;Pucciniomycetes;Pucciniales;Uropyxidaceae;Tranzschelia	misclassification	4
F1-REF	5	0	rdp	0.4	GQ344601	Root;Ascomycota;Eurotiomycetes	Root;Ascomycota;Eurotiomycetes;Verrucariales;Verrucariaceae;Catapyrenium	underclassification	3
F1-REF	5	0	rdp	0.4	AF516557	Root;Basidiomycota;Agaricomycetes;Polyporales;Polyporaceae;Pseudofavolus;Pseudofavolus_cucullatus	Root;Basidiomycota;Agaricomycetes;Polyporales;Polyporaceae;Datronia	overclassification	5
F1-REF	5	0	rdp	0.4	AM944645	Root;Ascomycota	Root;Ascomycota;Sordariomycetes;Ophiostomatales;Ophiostomataceae;Pesotum	underclassification	2
F1-REF	5	0	rdp	0.4	DQ018098	Root;Ascomycota	Root;Ascomycota;Dothideomycetes;Pleosporales;Massarinaceae;Pseudodictyosporium	underclassification	2
F1-REF	5	0	rdp	0.4	AY349109	Root;Basidiomycota	Root;Chytridiomycota;Chytridiomycetes;Chytridiales;Chytridiaceae;Diplochytridium	misclassification	1
F1-REF	5	0	rdp	0.4	AF444630	Root;Basidiomycota;Microbotryomycetes;Leucosporidiales;Leucosporidiaceae	Root;Basidiomycota;Microbotryomycetes;Leucosporidiales;Leucosporidiaceae;Mastigobasidium	match	5
F1-REF	5	0	rdp	0.4	AF506471	Root;Basidiomycota;Agaricomycetes;Polyporales;Fomitopsidaceae;Postia;Oligoporus_guttulatus	Root;Basidiomycota;Agaricomycetes;Russulales;Stereaceae;Scytinostromella	misclassification	3
F1-REF	5	0	rdp	0.4	EU118629	Root;Basidiomycota;Agaricomycetes;Cantharellales;Botryobasidiaceae;Botryobasidium;Botryobasidium_subcoronatum	Root;Basidiomycota;Agaricomycetes;Cantharellales;Botryobasidiaceae;Haplotrichum	overclassification	5
F1-REF	5	0	rdp	0.4	GQ369593	Root;Ascomycota;Sordariomycetes;Chaetosphaeriales;Chaetosphaeriaceae;Dischloridium;Dischloridium_laeense	Root;Ascomycota;Sordariomycetes;Phyllachorales;Phyllachoraceae;Colletotrichum	misclassification	3
F1-REF	5	0	rdp	0.4	FJ839613	Root;Ascomycota;Dothideomycetes;Pleosporales;Pleosporaceae	Root;Ascomycota;Dothideomycetes;Pleosporales;Pleosporaceae;Chalastospora	match	5
F1-REF	5	0	rdp	0.4	EF421111	Root;Basidiomycota;Agaricomycetes;Agaricales	Root;Basidiomycota;Agaricomycetes;Agaricales;Entolomataceae;Trichopilus	underclassification	4
F1-REF	5	0	rdp	0.4	AB439544	Root;Basidiomycota;Agaricomycetes;Agaricales	Root;Basidiomycota;Agaricomycetes;Russulales;Lachnocladiaceae;Asterostroma	misclassification	3
F1-REF	5	0	rdp	0.4	JN033218	Root;Basidiomycota;Agaricomycetes;Agaricales;Cortinariaceae;Crepidotus	Root;Basidiomycota;Agaricomycetes;Boletales;Serpulaceae;Neopaxillus	misclassification	3
F1-REF	5	0	rdp	0.4	EU784442	Root;Ascomycota	Root;Ascomycota;Leotiomycetes;Helotiales;Geoglossaceae;Trichoglossum	underclassification	2
F1-REF	5	0	rdp	0.4	EU254918	Root;Ascomycota;Sordariomycetes;Diaporthales;Gnomoniaceae;Gnomonia	Root;Ascomycota;Sordariomycetes;Diaporthales;Gnomoniaceae;Plagiostoma	overclassification	5
F1-REF	5	0	rdp	0.4	DQ534567	Root;Basidiomycota;Agaricomycetes;Boletales;Suillaceae;Truncocolumella;Truncocolumella_rubra	Root;Basidiomycota;Agaricomycetes;Boletales;Boletaceae;Boletus	misclassification	4
F1-REF	5	0	rdp	0.4	JN194152	Root;Glomeromycota;Glomeromycetes;Glomerales;Glomeraceae;Glomus;Glomus_intraradices	Root;Glomeromycota;Glomeromycetes;Glomerales;Glomeraceae;Rhizophagus	overclassification	5
F1-REF	5	0	rdp	0.4	GQ267480	Root;Basidiomycota;Agaricomycetes;Thelephorales;Thelephoraceae;Polyozellus;Polyozellus_multiplex	Root;Basidiomycota;Agaricomycetes;Thelephorales;Thelephoraceae;Pseudotomentella	overclassification	5
F1-REF	5	0	rdp	0.4	GU570110	Root;Ascomycota	Root;Ascomycota;Lecanoromycetes;Peltigerales;Pannariaceae;Parmeliella	underclassification	2
F1-REF	5	0	rdp	0.4	AF350303	Root;Ascomycota;Lecanoromycetes;Peltigerales;Lobariaceae;Sticta;Sticta_squamata	Root;Ascomycota;Lecanoromycetes;Peltigerales;Lobariaceae;Dendriscocaulon	overclassification	5
F1-REF	5	0	rdp	0.4	EU012333	Root;Ascomycota;Leotiomycetes;Helotiales;Sclerotiniaceae;Sclerotinia;Sclerotinia_trifoliorum	Root;Ascomycota;Leotiomycetes;Helotiales;Sclerotiniaceae;Streptobotrys	overclassification	5
F1-REF	5	0	rdp	0.4	U38898	Root;Ascomycota;Pezizomycetes;Pezizales;Pezizaceae;Peziza	Root;Ascomycota;Pezizomycetes;Pezizales;Pezizaceae;Plicaria	overclassification	5
F1-REF	5	0	rdp	0.4	AJ419192	Root;Basidiomycota;Agaricomycetes;Boletales	Root;Basidiomycota;Agaricomycetes;Boletales;Boletaceae;Boletinellus	underclassification	4
F1-REF	5	0	rdp	0.4	HQ650638	Root;Ascomycota;Lecanoromycetes;Lecanorales;Hymeneliaceae;Aspicilia	Root;Ascomycota;Lecanoromycetes;Lecanorales;Lecanoraceae;Circinaria	misclassification	4
F1-REF	5	0	rdp	0.4	JN871718	Root;Basidiomycota;Ustilaginomycetes;Ustilaginales;Ustilaginaceae;Macalpinomyces;Macalpinomyces_mackinlayi	Root;Basidiomycota;Ustilaginomycetes;Ustilaginales;Ustilaginaceae;Tubisorus_pachycarpus	overclassification	5
F1-REF	5	0	rdp	0.4	FJ357310	Root;Ascomycota;Dothideomycetes;Pleosporales;Pleosporaceae;Ulocladium;Ulocladium_alternariae	Root;Ascomycota;Dothideomycetes;Pleosporales;Pleosporaceae;Brachycladium	overclassification	5
F1-REF	5	0	rdp	0.4	GU187522	Root;Basidiomycota;Agaricomycetes	Root;Basidiomycota;Agaricomycetes;Boletales;Coniophoraceae;Gyrodontium	underclassification	3
F1-REF	5	0	rdp	0.4	DQ873595	Root;Basidiomycota;Agaricomycetes;Hymenochaetales;Schizoporaceae;Hyphodontia	Root;Basidiomycota;Agaricomycetes;Agaricales;Cyphellaceae;Globulicium	misclassification	3
F1-REF	5	0	rdp	0.4	AY785274	Root;Ascomycota;Lecanoromycetes;Lecanorales;Parmeliaceae	Root;Ascomycota;Lecanoromycetes;Lecanorales;Parmeliaceae;Relicina	match	5
F1-REF	5	0	rdp	0.4	HQ897823	Root;Ascomycota;Sordariomycetes;Hypocreales	Root;Ascomycota;Sordariomycetes;Hypocreales;Nectriaceae;Stylonectria	underclassification	4
F1-REF	5	0	rdp	0.4	EU683655	Root;Ascomycota;Dothideomycetes;Botryosphaeriales;Botryosphaeriaceae	Root;Ascomycota;Dothideomycetes;Botryosphaeriales;Botryosphaeriaceae;Endomelanconiopsis	match	5
F1-REF	5	0	rdp	0.4	FJ914867	Root;Ascomycota;Eurotiomycetes;Onygenales;Onygenaceae;Chrysosporium;Chrysosporium_queenslandicum	Root;Ascomycota;Eurotiomycetes;Onygenales;Onygenaceae;Coccidioides	overclassification	5
F1-REF	5	0	rdp	0.4	DQ865092	Root;Ascomycota;Eurotiomycetes;Chaetothyriales;Herpotrichiellaceae;Phialophora;Phialophora_geniculata	Root;Ascomycota;Sordariomycetes;Microascales;Microascaceae;Acremonium_furcatum	misclassification	2
F1-REF	5	0	rdp	0.4	EU162052	Root;Basidiomycota;Agaricomycetes;Polyporales;Fomitopsidaceae;Fomitopsis;Fomitopsis_rosea	Root;Basidiomycota;Agaricomycetes;Polyporales;Meripilaceae;Antrodia	misclassification	4
F1-REF	5	0	rdp	0.4	GU994566	Root;Ascomycota;Lecanoromycetes;Lecanorales;Parmeliaceae	Root;Ascomycota;Lecanoromycetes;Lecanorales;Parmeliaceae;Melanohalea	match	5
F1-REF	5	0	rdp	0.4	GQ458022	Root;Ascomycota;Saccharomycetes;Saccharomycetales	Root;Ascomycota;Saccharomycetes;Saccharomycetales;Dipodascaceae;Galactomyces	underclassification	4
F1-REF	5	0	rdp	0.4	AF485078	Root;Ascomycota;Sordariomycetes;Sordariales;Chaetomiaceae;Trichocladium;Trichocladium_opacum	Root;Ascomycota;Pezizomycetes;Pezizales;Sarcosomataceae;Strumella	misclassification	2
F1-REF	5	0	rdp	0.4	EF081374	Root;Ascomycota	Root;Ascomycota;Arthoniomycetes;Arthoniales;Roccellaceae;Hubbsia	underclassification	2
F1-REF	5	0	rdp	0.4	EF585539	Root;Ascomycota;Dothideomycetes;Botryosphaeriales;Botryosphaeriaceae;Neofusicoccum;Neofusicoccum_mangiferae	Root;Ascomycota;Dothideomycetes;Botryosphaeriales;Botryosphaeriaceae;Neoscytalidium	overclassification	5
F1-REF	5	0	rdp	0.4	EU401714	Root;Basidiomycota;Agaricomycetes;Agaricales;Tricholomataceae;Phaeolepiota;Gymnopilus_spectabilis	Root;Basidiomycota;Agaricomycetes;Agaricales;Cortinariaceae;Gymnopilus	misclassification	4
F1-REF	5	0	rdp	0.4	FJ810128	Root;Basidiomycota;Agaricomycetes;Polyporales;Polyporaceae;Pseudofavolus;Pseudofavolus_cucullatus	Root;Basidiomycota;Agaricomycetes;Polyporales;Polyporaceae;Favolus	overclassification	5
F1-REF	5	0	rdp	0.4	AB273560	Root;Ascomycota;Leotiomycetes;Erysiphales;Erysiphaceae	Root;Ascomycota;Leotiomycetes;Erysiphales;Erysiphaceae;Blumeria	match	5
F1-REF	5	0	rdp	0.4	FJ941882	Root;Ascomycota;Dothideomycetes;Botryosphaeriales;Botryosphaeriaceae;Lasiodiplodia;Lasiodiplodia_theobromae	Root;Ascomycota;Dothideomycetes;Botryosphaeriales;Botryosphaeriaceae;Botryosphaeria	overclassification	5
F1-REF	5	0	rdp	0.4	EF051729	Root;Ascomycota;Sordariomycetes;Hypocreales;Clavicipitaceae;Metacordyceps;Metarhizium_majus	Root;Ascomycota;Sordariomycetes;Hypocreales;Clavicipitaceae;Metarhizium	overclassification	5
F1-REF	5	0	rdp	0.4	GU138755	Root;Ascomycota;Leotiomycetes;Rhytismatales;Rhytismataceae;Coccomyces;Coccomyces_delta	Root;Ascomycota;Leotiomycetes;Rhytismatales;Rhytismataceae;Soleella	overclassification	5
F1-REF	5	0	rdp	0.4	GQ981509	Root;Basidiomycota;Agaricomycetes;Cantharellales;Clavulinaceae;Clavulina	Root;Basidiomycota;Agaricomycetes;Cantharellales;Clavulinaceae;Membranomyces	overclassification	5
F1-REF	5	0	rdp	0.4	GQ913398	Root;Basidiomycota;Agaricomycetes;Agaricales;Marasmiaceae;Xerula;Xerula_furfuracea	Root;Basidiomycota;Agaricomycetes;Agaricales;Physalacriaceae;Hymenopellis_orientalis	misclassification	4
F1-REF	5	0	rdp	0.4	AB524794	Root;Ascomycota;Dothideomycetes;Pleosporales;Tetraplosphaeriaceae;Triplosphaeria;Triplosphaeria_yezoensis	Root;Ascomycota;Dothideomycetes;Pleosporales;Tetraplosphaeriaceae;Pseudotetraploa	overclassification	5
F1-REF	5	0	rdp	0.4	EF105411	Root;Ascomycota;Lecanoromycetes;Lecanorales;Parmeliaceae	Root;Ascomycota;Lecanoromycetes;Lecanorales;Parmeliaceae;Everniopsis	match	5
F1-REF	5	0	rdp	0.4	EF121328	Root;Ascomycota;Eurotiomycetes;Eurotiales	Root;Ascomycota;Eurotiomycetes;Eurotiales;Trichocomaceae;Aspergillus	underclassification	4
F1-REF	5	0	rdp	0.4	GQ250004	Root;Ascomycota;Sordariomycetes;Hypocreales	Root;Ascomycota;Sordariomycetes;Hypocreales;Clavicipitaceae;Akanthomyces	underclassification	4
F1-REF	5	0	rdp	0.4	AY176347	Root;Basidiomycota;Agaricomycetes;Agaricales;Agaricaceae;Chamaemyces	Root;Basidiomycota;Agaricomycetes;Agaricales;Psathyrellaceae;Cystoagaricus	misclassification	4
F1-REF	5	0	rdp	0.4	FJ545249	Root;Ascomycota	Root;Ascomycota;Saccharomycetes;Saccharomycetales;Pichiaceae;Dekkera	underclassification	2
F1-REF	5	0	rdp	0.4	FJ596893	Root;Basidiomycota;Agaricomycetes;Agaricales	Root;Basidiomycota;Agaricomycetes;Agaricales;Tricholomataceae;Resupinatus	underclassification	4
F1-REF	5	0	rdp	0.4	AY961602	Root;Ascomycota;Lecanoromycetes	Root;Ascomycota;Lecanoromycetes;Pertusariales;Icmadophilaceae;Thamnolia	underclassification	3
F1-REF	5	0	rdp	0.4	EU330178	Root;Neocallimastigomycota;Neocallimastigomycetes;Neocallimastigales;Neocallimastigaceae;Neocallimastix;Neocallimastix_hurleyensis	Root;Neocallimastigomycota;Neocallimastigomycetes;Neocallimastigales;Neocallimastigaceae;Piromyces	overclassification	5
F1-REF	5	0	rdp	0.4	EU652341	Root;Basidiomycota;Agaricomycetes	Root;Basidiomycota;Agaricomycetes;Gomphales;Gomphaceae;Ramaria	underclassification	3
F1-REF	5	0	rdp	0.4	EU685112	Root;Basidiomycota;Agaricomycetes;Boletales;Boletaceae;Tylopilus;Tylopilus_sordidus	Root;Basidiomycota;Agaricomycetes;Boletales;Boletaceae;Porphyrellus	overclassification	5
F1-REF	5	0	rdp	0.4	AF451767	Root;Ascomycota;Lecanoromycetes;Lecanorales;Parmeliaceae	Root;Ascomycota;Lecanoromycetes;Lecanorales;Parmeliaceae;Asahinea	match	5
F1-REF	5	0	rdp	0.4	JF419904	Root;Ascomycota;Dothideomycetes;Pleosporales;Lindgomycetaceae;Lindgomyces_apiculatus;Lindgomyces_apiculatus	Root;Ascomycota;Dothideomycetes;Pleosporales;Lindgomycetaceae;Lindgomyces_rotundatus	overclassification	5
F1-REF	5	0	rdp	0.4	AB260936	Root;Basidiomycota;Tremellomycetes;Tremellales;Trichosporonaceae;Trichosporon;Trichosporon_mucoides	Root;Basidiomycota;Tremellomycetes;Filobasidiales;Filobasidiaceae;Cryptococcus	misclassification	3
F1-REF	5	0	rdp	0.4	JF908791	Root;Basidiomycota;Agaricomycetes;Boletales;Boletaceae;Phylloporus;Phylloporus_rhodoxanthus	Root;Basidiomycota;Agaricomycetes;Boletales;Boletaceae;Tubosaeta	overclassification	5
F1-REF	5	0	rdp	0.4	JF908497	Root;Basidiomycota;Agaricomycetes;Agaricales	Root;Basidiomycota;Agaricomycetes;Agaricales;Tricholomataceae;Mycenella	underclassification	4
F1-REF	5	0	rdp	0.4	FJ903377	Root;Ascomycota;Sordariomycetes;Coniochaetales;Coniochaetaceae;Coniochaeta;Coniochaeta_ligniaria	Root;Ascomycota;Sordariomycetes;Coniochaetales;Coniochaetaceae;Lecythophora	overclassification	5
F1-REF	5	0	rdp	0.4	AJ302444	Root;Ascomycota;Sordariomycetes;Xylariales;Diatrypaceae;Diatrype;Diatrype_stigma	Root;Ascomycota;Sordariomycetes;Xylariales;Diatrypaceae;Diatrypella	overclassification	5
F1-REF	5	0	rdp	0.4	AB551948	Root;Ascomycota	Root;Ascomycota;Dothideomycetes;Pleosporales;Pleomassariaceae;Helminthosporium	underclassification	2
F1-REF	5	0	rdp	0.4	AM774156	Root;Ascomycota;Sordariomycetes;Microascales;Microascaceae;Graphium;Graphium_dubautiae	Root;Ascomycota;Sordariomycetes;Microascales;Microascaceae;Microascus	overclassification	5
F1-REF	5	0	rdp	0.4	EU622257	Root;Ascomycota;Sordariomycetes;Sordariales;Chaetomiaceae;Chaetomium;Chaetomium_atrobrunneum	Root;Basidiomycota;Agaricomycetes;Agaricales;Lycoperdaceae;Lycoperdon	misclassification	1
F1-REF	5	0	rdp	0.4	JN819280	Root;Ascomycota	Root;Ascomycota;Dothideomycetes;Jahnulales;Aliquandostipitaceae;Jahnula	underclassification	2
F1-REF	5	0	rdp	0.4	JN819283	Root;Ascomycota	Root;Ascomycota;Dothideomycetes;Jahnulales;Aliquandostipitaceae;Manglicola	underclassification	2
F1-REF	5	0	rdp	0.4	EF394866	Root;Ascomycota;Dothideomycetes;Capnodiales;Teratosphaeriaceae;Teratosphaeria	Root;Ascomycota;Dothideomycetes;Capnodiales;Teratosphaeriaceae;Batcheloromyces	overclassification	5
F1-REF	5	0	rdp	0.4	DQ872858	Root;Ascomycota;Saccharomycetes;Saccharomycetales;Saccharomycetaceae	Root;Ascomycota;Saccharomycetes;Saccharomycetales;Saccharomycetaceae;Zygosaccharomyces	match	5
F1-REF	5	0	rdp	0.4	EU157728	Root;Basidiomycota;Agaricomycetes;Agaricales;Pleurotaceae;Pleurotus;Pleurotus_ostreatus	Root;Basidiomycota;Agaricomycetes;Polyporales;Polyporaceae;Laccocephalum	misclassification	3
F1-REF	5	0	rdp	0.4	EU076919	Root;Ascomycota;Sordariomycetes;Hypocreales;Hypocreaceae;Hypocrea;Hypocrea_lutea	Root;Ascomycota;Sordariomycetes;Hypocreales;Hypocreaceae;Gliocladium	overclassification	5
F1-REF	5	0	rdp	0.4	DQ826735	Root;Ascomycota;Eurotiomycetes;Verrucariales;Verrucariaceae;Placopyrenium	Root;Ascomycota;Eurotiomycetes;Verrucariales;Verrucariaceae;Endocarpon	overclassification	5
F1-REF	5	0	rdp	0.4	GU233360	Root;Basidiomycota;Agaricomycetes;Agaricales;Cortinariaceae;Inocybe;Inocybe_assimilata	Root;Basidiomycota;Agaricomycetes;Agaricales;Cortinariaceae;Astrosporina	overclassification	5
F1-REF	5	0	rdp	0.4	FJ861375	Root;Ascomycota;Eurotiomycetes;Eurotiales;Trichocomaceae;Paecilomyces;Paecilomyces_anatarcticus	Root;Ascomycota;Sordariomycetes;Hypocreales;Cordycipitaceae;Simplicillium	misclassification	2
F1-REF	5	0	rdp	0.4	DQ677496	Root;Basidiomycota;Agaricomycetes;Agaricales;Bolbitiaceae;Agrocybe;Agrocybe_erebia	Root;Basidiomycota;Agaricomycetes;Polyporales;Hyphodermataceae;Hyphoderma	misclassification	3
F1-REF	5	0	rdp	0.4	AF373985	Root;Ascomycota	Root;Ascomycota;Eurotiomycetes;Pyrenulales;Xanthopyreniaceae;Collemopsidium	underclassification	2
F1-REF	5	0	rdp	0.4	GQ203770	Root;Ascomycota	Root;Ascomycota;Dothideomycetes;Pleosporales;Sporormiaceae;Sporormiella	underclassification	2
F1-REF	5	0	rdp	0.4	HM536085	Root;Basidiomycota;Agaricomycetes	Root;Basidiomycota;Agaricomycetes;Gloeophyllales;Gloeophyllaceae;Boreostereum	underclassification	3
F1-REF	5	0	rdp	0.4	AF506444	Root;Basidiomycota;Agaricomycetes;Russulales	Root;Basidiomycota;Agaricomycetes;Russulales;Bondarzewiaceae;Gloeodontia	underclassification	4
F1-REF	5	0	rdp	0.4	AY636061	Root;Basidiomycota;Agaricomycetes;Polyporales	Root;Basidiomycota;Agaricomycetes;Polyporales;Polyporaceae;Tyromyces	underclassification	4
F1-REF	5	0	rdp	0.4	EU669382	Root;Basidiomycota;Agaricomycetes;Agaricales	Root;Basidiomycota;Agaricomycetes;Agaricales;Tricholomataceae;Gamundia	underclassification	4
F1-REF	5	0	rdp	0.4	EU669383	Root;Ascomycota	Root;Ascomycota;Pezizomycetes;Pezizales;Helvellaceae;Balsamia	underclassification	2
F1-REF	5	0	rdp	0.4	AY916464	Root;Ascomycota;Dothideomycetes;Pleosporales;Tubeufiaceae;Helicoma	Root;Ascomycota;Dothideomycetes;Pleosporales;Tubeufiaceae;Helicomyces	overclassification	5
F1-REF	5	0	rdp	0.4	EU295634	Root;Ascomycota;Dothideomycetes;Pleosporales;Leptosphaeriaceae;Leptosphaeria;Coniothyrium_fuckelii	Root;Ascomycota;Dothideomycetes;Pleosporales;Montagnulaceae;Paraconiothyrium	misclassification	4
F1-REF	5	0	rdp	0.4	EF029190	Root;Ascomycota;Sordariomycetes;Sordariales;Helminthosphaeriaceae;Spadicoides;Spadicoides_bina	Root;Ascomycota;Sordariomycetes;Chaetosphaeriales;Chaetosphaeriaceae;Kylindria	misclassification	3
F1-REF	5	0	rdp	0.4	AM269795	Root;Basidiomycota;Agaricomycetes	Root;Basidiomycota;Agaricomycetes;Hymenochaetales;Hymenochaetaceae;Fuscoporia	underclassification	3
F1-REF	5	0	rdp	0.4	AF377057	Root;Basidiomycota;Agaricomycetes	Root;Basidiomycota;Agaricomycetes;Gomphales;Gomphaceae;Gautieria	underclassification	3
F1-REF	5	0	rdp	0.4	Z81428	Root;Ascomycota;Leotiomycetes;Helotiales;Sclerotiniaceae;Botryotinia;Botryotinia_calthae	Root;Ascomycota;Leotiomycetes;Helotiales;Sclerotiniaceae;Coprotinia	overclassification	5
F1-REF	5	0	rdp	0.4	EU552123	Root;Ascomycota	Root;Ascomycota;Dothideomycetes;Pleosporales;Didymosphaeriaceae;Didymosphaeria	underclassification	2
F1-REF	5	0	rdp	0.4	AJ271422	Root;Ascomycota;Eurotiomycetes	Root;Ascomycota;Eurotiomycetes;Onygenales;Onygenaceae;Auxarthron	underclassification	3
F1-REF	5	0	rdp	0.4	EU552127	Root;Ascomycota;Sordariomycetes	Root;Ascomycota;Sordariomycetes;Calosphaeriales;Calosphaeriaceae;Jattaea	underclassification	3
F1-REF	5	0	rdp	0.4	GQ131880	Root;Ascomycota;Eurotiomycetes;Chaetothyriales;Herpotrichiellaceae;Phialophora;Phialophora_geniculata	Root;Ascomycota;Sordariomycetes;Hypocreales;Hypocreaceae;Acrostalagmus	misclassification	2
F1-REF	5	0	rdp	0.4	AF079716	Root;Basidiomycota;Agaricomycetes;Agaricales;Agaricaceae;Apterostigma_auriculatum_symbiont_S1;Apterostigma_auriculatum_symbiont_S1	Root;Basidiomycota;Agaricomycetes;Agaricales;Agaricaceae;Myrmicocrypta_infuscata_symbiont_G11	overclassification	5
F1-REF	5	0	rdp	0.4	GU234033	Root;Basidiomycota;Agaricomycetes;Agaricales;Tricholomataceae	Root;Basidiomycota;Agaricomycetes;Agaricales;Tricholomataceae;Arrhenia	match	5
F1-REF	5	0	rdp	0.4	HQ714768	Root;Basidiomycota;Agaricomycetes;Boletales;Melanogastraceae;Melanogaster	Root;Basidiomycota;Agaricomycetes;Boletales;Paxillaceae;Alpova	misclassification	4
F1-REF	5	0	rdp	0.4	DQ000299	Root;Basidiomycota;Agaricomycetes;Hymenochaetales;Hymenochaetaceae;Inocutis;Inocutis_jamaicensis	Root;Basidiomycota;Agaricomycetes;Polyporales;Polyporaceae;Funalia	misclassification	3
F1-REF	5	0	rdp	0.4	HQ650602	Root;Ascomycota;Lecanoromycetes	Root;Ascomycota;Lecanoromycetes;Lecanorales;Lecanoraceae;Candelariella	underclassification	3
F1-REF	5	0	rdp	0.4	AF009814	Root;Ascomycota;Sordariomycetes;Xylariales;Amphisphaeriaceae;Seimatosporium;Seimatosporium_discosioides	Root;Ascomycota;Sordariomycetes;Xylariales;Amphisphaeriaceae;Discostroma	overclassification	5
F1-REF	5	0	rdp	0.4	AY428793	Root;Ascomycota;Sordariomycetes;Hypocreales;Nectriaceae;Fusarium;Fusarium_ciliatum	Root;Ascomycota;Sordariomycetes;Hypocreales;Nectriaceae;Nalanthamala	overclassification	5
F1-REF	5	0	rdp	0.4	DQ241463	Root;Basidiomycota;Pucciniomycetes	Root;Basidiomycota;Pucciniomycetes;Septobasidiales;Septobasidiaceae;Septobasidium	underclassification	3
F1-REF	5	0	rdp	0.4	EU041820	Root;Ascomycota	Root;Ascomycota;Dothideomycetes;Pleosporales;Venturiaceae;Veronaeopsis	underclassification	2
F1-REF	5	0	rdp	0.4	AJ292391	Root;Ascomycota;Sordariomycetes;Hypocreales;Cordycipitaceae	Root;Ascomycota;Sordariomycetes;Hypocreales;Cordycipitaceae;Lecanicillium	match	5
F1-REF	5	0	rdp	0.4	AF250780	Root;Ascomycota;Lecanoromycetes;Teloschistales;Physciaceae;Buellia;Buellia_frigida	Root;Ascomycota;Lecanoromycetes;Teloschistales;Physciaceae;Amandinea	overclassification	5
F1-REF	5	0	rdp	0.4	HM436649	Root;Basidiomycota;Agaricomycetes;Agaricales;Agaricaceae;Agaricus	Root;Basidiomycota;Agaricomycetes;Agaricales;Agaricaceae;Hymenagaricus	overclassification	5
F1-REF	5	0	rdp	0.4	EU525946	Root;Basidiomycota;Agaricomycetes;Agaricales;Cortinariaceae;Dermocybe_fervida;Dermocybe_fervida	Root;Basidiomycota;Agaricomycetes;Agaricales;Cortinariaceae;Cortinarius	overclassification	5
F1-REF	5	0	rdp	0.4	AJ006677	Root;Basidiomycota;Agaricomycetes;Polyporales	Root;Basidiomycota;Agaricomycetes;Polyporales;Polyporaceae;Skeletocutis	underclassification	4
F1-REF	5	0	rdp	0.4	JN197292	Root;Ascomycota;Dothideomycetes;Capnodiales;Mycosphaerellaceae	Root;Ascomycota;Dothideomycetes;Dothideales;Dothideaceae;Scirrhia	misclassification	3
F1-REF	5	0	rdp	0.4	AJ006671	Root;Basidiomycota;Agaricomycetes;Polyporales	Root;Basidiomycota;Agaricomycetes;Polyporales;Hapalopilaceae;Spongipellis	underclassification	4
F1-REF	5	0	rdp	0.4	EF373570	Root;Ascomycota;Lecanoromycetes;Lecanorales;Parmeliaceae;Kaernefeltia;Kaernefeltia_merrillii	Root;Ascomycota;Lecanoromycetes;Lecanorales;Parmeliaceae;Arctocetraria	overclassification	5
F1-REF	5	0	rdp	0.4	AF514292	Root;Ascomycota	Root;Ascomycota;Saccharomycetes;Saccharomycetales;Metschnikowiaceae;Metschnikowia	underclassification	2
F1-REF	5	0	rdp	0.4	EU075539	Root;Ascomycota;Lecanoromycetes;Lecanorales;Parmeliaceae	Root;Ascomycota;Lecanoromycetes;Lecanorales;Parmeliaceae;Protoparmelia	match	5
F1-REF	5	0	rdp	0.4	HQ650696	Root;Ascomycota;Lecanoromycetes;Peltigerales;Lobariaceae;Lobaria;Lobaria_adscripta	Root;Ascomycota;Lecanoromycetes;Peltigerales;Lobariaceae;Lobariella	overclassification	5
F1-REF	5	0	rdp	0.4	GQ152145	Root;Ascomycota;Leotiomycetes;Helotiales;Hyaloscyphaceae	Root;Ascomycota;Leotiomycetes;Helotiales;Helotiaceae;Hymenoscyphus	misclassification	4
F1-REF	5	0	rdp	0.4	AF357052	Root;Basidiomycota;Agaricomycetes;Agaricales;Lyophyllaceae;Tephrocybe;Lyophyllum_atratum	Root;Basidiomycota;Agaricomycetes;Agaricales;Lyophyllaceae;Lyophyllum	overclassification	5
F1-REF	5	0	rdp	0.4	AJ247562	Root;Ascomycota;Lecanoromycetes;Lecanorales;Ramalinaceae;Biatora;Biatora_carneoalbida	Root;Ascomycota;Lecanoromycetes;Lecideales;Porpidiaceae;Mycobilimbia	misclassification	3
F1-REF	5	0	rdp	0.4	EF446017	Root;Ascomycota;Orbiliomycetes;Orbiliales;Orbiliaceae;Drechslerella;Drechslerella_dactyloides	Root;Ascomycota;Orbiliomycetes;Orbiliales;Orbiliaceae;Dactylellina	overclassification	5
F1-REF	5	0	rdp	0.4	FJ627021	Root;Basidiomycota;Agaricomycetes	Root;Basidiomycota;Agaricomycetes;Agaricales;Hygrophoraceae;Ampulloclitocybe	underclassification	3
F1-REF	5	0	rdp	0.4	DQ830803	Root;Basidiomycota;Agaricomycetes;Agaricales;Tricholomataceae;Clitocybe;Clitocybe_festiva	Root;Basidiomycota;Agaricomycetes;Agaricales;Tricholomataceae;Collybia	overclassification	5
F1-REF	5	0	rdp	0.4	AF451744	Root;Ascomycota;Lecanoromycetes;Lecanorales	Root;Ascomycota;Lecanoromycetes;Lecanorales;Parmeliaceae;Omphalodium	underclassification	4
F1-REF	5	0	rdp	0.4	FM206390	Root;Basidiomycota;Agaricomycetes;Agaricales	Root;Ascomycota;Pezizomycetes;Pezizales;Pyronemataceae;Geopora	misclassification	1
F1-REF	5	0	rdp	0.4	EU833660	Root;Basidiomycota;Agaricomycetes;Agaricales;Lycoperdaceae;Bovista;Lycoperdon_pusillum	Root;Basidiomycota;Agaricomycetes;Agaricales;Agaricaceae;Holocotylon	misclassification	4
F1-REF	5	0	rdp	0.4	HQ833460	Root;Ascomycota	Root;Ascomycota;Leotiomycetes;Helotiales;Sclerotiniaceae;Ciboria	underclassification	2
F1-REF	5	0	rdp	0.4	GU291281	Root;Basidiomycota;Agaricostilbomycetes;Agaricostilbales;Chionosphaeraceae;Kurtzmanomyces;Kurtzmanomyces_nectairei	Root;Basidiomycota;Agaricostilbomycetes;Agaricostilbales;Chionosphaeraceae;Stilbum	overclassification	5
F1-REF	5	0	rdp	0.4	DQ497617	Root;Ascomycota;Taphrinomycetes;Taphrinales;Taphrinaceae;Taphrina	Root;Ascomycota;Taphrinomycetes;Taphrinales;Protomycetaceae;Protomyces	misclassification	4
F1-REF	5	0	rdp	0.4	DQ238719	Root;Basidiomycota;Microbotryomycetes;Microbotryales;Microbotryaceae;Liroa;Liroa_emodensis	Root;Basidiomycota;Microbotryomycetes;Microbotryales;Ustilentylomataceae;Bauerago	misclassification	4
F1-REF	5	0	rdp	0.4	AY555731	Root;Ascomycota;Sordariomycetes;Xylariales;Xylariaceae	Root;Ascomycota;Sordariomycetes;Xylariales;Xylariaceae;Muscodor	match	5
F1-REF	5	0	rdp	0.4	FJ822973	Root	Root;Chytridiomycota;Chytridiomycetes;Chytridiales;Chytridiaceae;Polyphlyctis	underclassification	1
F1-REF	5	0	rdp	0.4	GQ919281	Root;Ascomycota;Lecanoromycetes;Lecanorales;Parmeliaceae	Root;Ascomycota;Lecanoromycetes;Lecanorales;Parmeliaceae;Remototrachyna_kingii	match	5
F1-REF	5	0	rdp	0.4	GU292821	Root;Ascomycota;Sordariomycetes;Xylariales;Xylariaceae	Root;Ascomycota;Sordariomycetes;Xylariales;Xylariaceae;Euepixylon	match	5
F1-REF	5	0	rdp	0.4	JF681957	Root;Ascomycota;Sordariomycetes;Diaporthales	Root;Ascomycota;Sordariomycetes;Diaporthales;Sydowiellaceae;Chapeckia	underclassification	4
F1-REF	5	0	rdp	0.4	GU233325	Root;Basidiomycota;Agaricomycetes;Agaricales;Cortinariaceae	Root;Basidiomycota;Agaricomycetes;Agaricales;Cortinariaceae;Dermocybe_leptospermorum	match	5
F1-REF	5	0	rdp	0.4	EU254889	Root;Ascomycota;Sordariomycetes;Diaporthales;Gnomoniaceae;Gnomonia;Gnomonia_ischnostyla	Root;Ascomycota;Sordariomycetes;Diaporthales;Valsaceae;Ophiognomonia	misclassification	4
F1-REF	5	0	rdp	0.4	AY129365	Root;Basidiomycota;Agaricomycetes;Agaricales;Strophariaceae;Psilocybe;Psilocybe_australiana	Root;Basidiomycota;Agaricomycetes;Agaricales;Strophariaceae;Melanotus	overclassification	5
F1-REF	5	0	rdp	0.4	HQ414538	Root;Basidiomycota;Agaricomycetes	Root;Basidiomycota;Agaricomycetes;Phallales;Phallaceae;Dictyophora	underclassification	3
F1-REF	5	0	rdp	0.4	AF505780	Root;Basidiomycota;Agaricomycetes;Agaricales;Marasmiaceae;Marasmius;Marasmius_androsaceus	Root;Basidiomycota;Agaricomycetes;Agaricales;Marasmiaceae;Micromphale	overclassification	5
F1-REF	5	0	rdp	0.4	EU708340	Root;Basidiomycota;Agaricomycetes;Agaricales;Lyophyllaceae;Tephrocybe;Tephrocybe_rancida	Root;Basidiomycota;Agaricomycetes;Agaricales;Lyophyllaceae;Blastosporella	overclassification	5
F1-REF	5	0	rdp	0.4	AY239213	Root;Ascomycota;Taphrinomycetes;Taphrinales;Taphrinaceae;Taphrina;Taphrina_carpini	Root;Ascomycota;Taphrinomycetes;Taphrinales;Taphrinaceae;Lalaria	overclassification	5
F1-REF	5	0	rdp	0.4	EU520120	Root;Ascomycota;Sordariomycetes;Sordariales	Root;Ascomycota;Dothideomycetes;Botryosphaeriales;Botryosphaeriaceae;Macrophoma	misclassification	2
F1-REF	5	0	rdp	0.4	FJ845424	Root;Basidiomycota;Agaricomycetes;Thelephorales;Bankeraceae;Bankera;Bankera_violascens	Root;Basidiomycota;Agaricomycetes;Thelephorales;Bankeraceae;Phellodon	overclassification	5
F1-REF	5	0	rdp	0.4	GU367909	Root;Ascomycota;Leotiomycetes;Rhytismatales;Rhytismataceae;Coccomyces;Coccomyces_leptideus	Root;Ascomycota;Leotiomycetes;Rhytismatales;Rhytismataceae;Hypohelion	overclassification	5
F1-REF	5	0	rdp	0.4	GU590877	Root;Basidiomycota;Agaricomycetes	Root;Basidiomycota;Agaricomycetes;Corticiales;Corticiaceae;Corticium	underclassification	3
F1-REF	5	0	rdp	0.4	HM005139	Root;Basidiomycota;Agaricomycetes;Agaricales;Physalacriaceae;Hymenopellis_gigaspora;Hymenopellis_gigaspora	Root;Basidiomycota;Agaricomycetes;Agaricales;Physalacriaceae;Hymenopellis_colensoi	overclassification	5
F1-REF	5	0	rdp	0.4	AY194555	Root;Basidiomycota;Agaricomycetes;Agaricales;Bolbitiaceae;Conocybe;Conocybe_bulbifera	Root;Basidiomycota;Agaricomycetes;Agaricales;Bolbitiaceae;Gastrocybe	overclassification	5
F1-REF	5	0	rdp	0.4	EF017208	Root;Ascomycota;Dothideomycetes;Botryosphaeriales;Botryosphaeriaceae;Neofusicoccum;Neofusicoccum_mangiferae	Root;Ascomycota;Dothideomycetes;Botryosphaeriales;Botryosphaeriaceae;Macrophomina	overclassification	5
F1-REF	5	0	rdp	0.4	AF448458	Root;Ascomycota;Lecanoromycetes	Root;Ascomycota;Lecanoromycetes;Baeomycetales;Baeomycetaceae;Baeomyces	underclassification	3
F1-REF	5	0	rdp	0.4	AF324254	Root;Basidiomycota;Agaricomycetes;Polyporales;Polyporaceae	Root;Basidiomycota;Agaricomycetes;Polyporales;Polyporaceae;Polyporus	match	5
F1-REF	5	0	rdp	0.4	FN907920	Root;Basidiomycota;Agaricomycetes;Hymenochaetales;Schizoporaceae;Hyphodontia	Root;Basidiomycota;Agaricomycetes;Hymenochaetales;Schizoporaceae;Poriodontia	overclassification	5
F1-REF	5	0	rdp	0.4	DQ202270	Root;Basidiomycota	Root;Basidiomycota;Microbotryomycetes;Heterogastridiales;Heterogastridiaceae;Colacogloea	underclassification	2
F1-REF	5	0	rdp	0.4	AF407163	Root;Basidiomycota;Agaricomycetes;Agaricales;Cortinariaceae	Root;Basidiomycota;Agaricomycetes;Agaricales;Bolbitiaceae;Anamika	misclassification	4
F1-REF	5	0	rdp	0.4	FJ403215	Root;Basidiomycota;Agaricomycetes;Polyporales;Fomitopsidaceae;Fomitopsis;Fomitopsis_rosea	Root;Basidiomycota;Agaricomycetes;Polyporales;Fomitopsidaceae;Daedalea	overclassification	5
F1-REF	5	0	rdp	0.4	AY078151	Root;Ascomycota;Leotiomycetes;Helotiales;Vibrisseaceae;Phialocephala;Phialocephala_turiciensis	Root;Ascomycota;Leotiomycetes;Helotiales;Vibrisseaceae;Acephala	overclassification	5
F1-REF	5	0	rdp	0.4	EF197068	Root;Ascomycota;Sordariomycetes;Sordariales;Lasiosphaeriaceae	Root;Ascomycota;Sordariomycetes;Sordariales;Lasiosphaeriaceae;Cercophora	match	5
F1-REF	5	0	rdp	0.4	EF121334	Root;Ascomycota;Dothideomycetes;Capnodiales;Mycosphaerellaceae;Ramichloridium;Ramichloridium_cerophilum	Root;Ascomycota;Eurotiomycetes;Eurotiales;Trichocomaceae;Emericella	misclassification	2
F1-REF	5	0	rdp	0.4	HQ406808	Root;Ascomycota;Sordariomycetes;Coniochaetales;Coniochaetaceae;Coniochaeta;Coniochaeta_savoryi	Root;Ascomycota;Sordariomycetes;Sordariales;Lasiosphaeriaceae;Fimetariella	misclassification	3
F1-REF	5	0	rdp	0.4	FN185985	Root;Ascomycota;Lecanoromycetes;Umbilicariales;Umbilicariaceae;Umbilicaria	Root;Ascomycota;Lecanoromycetes;Umbilicariales;Umbilicariaceae;Lasallia	overclassification	5
F1-REF	5	0	rdp	0.4	EU819470	Root;Ascomycota;Pezizomycetes;Pezizales;Pyronemataceae;Genea	Root;Ascomycota;Pezizomycetes;Pezizales;Pyronemataceae;Humaria	overclassification	5
F1-REF	5	0	rdp	0.4	JN009733	Root;Ascomycota;Lecanoromycetes	Root;Ascomycota;Lecanoromycetes;Lecanorales;Tephromelataceae;Violella_fucata	underclassification	3
F1-REF	5	0	rdp	0.4	GU234077	Root;Basidiomycota;Agaricomycetes;Agaricales	Root;Basidiomycota;Agaricomycetes;Agaricales;Tricholomataceae;Melanoleuca	underclassification	4
F1-REF	5	0	rdp	0.4	FJ789599	Root;Ascomycota;Pezizomycetes;Pezizales;Pyronemataceae	Root;Ascomycota;Pezizomycetes;Pezizales;Pyronemataceae;Gilkeya	match	5
F1-REF	5	0	rdp	0.4	FJ196771	Root;Ascomycota;Sordariomycetes;Sordariales;Lasiosphaeriaceae	Root;Ascomycota;Sordariomycetes;Sordariales;Lasiosphaeriaceae;Arnium	match	5
F1-REF	5	0	rdp	0.4	FJ538352	Root;Ascomycota;Sordariomycetes;Hypocreales;Niessliaceae;Melanopsamma;Guignardia_philoprina	Root;Ascomycota;Dothideomycetes;Botryosphaeriales;Botryosphaeriaceae;Phyllosticta	misclassification	2
F1-REF	5	0	rdp	0.4	EF600974	Root;Ascomycota;Dothideomycetes;Pleosporales	Root;Ascomycota;Dothideomycetes;Pleosporales;Phaeosphaeriaceae;Eudarluca	underclassification	4
F1-REF	5	0	rdp	0.4	AY509552	Root;Basidiomycota	Root;Basidiomycota;Tremellomycetes;Tremellales;Exidiaceae;Heterochaetella	underclassification	2
F1-REF	5	0	rdp	0.4	EU375546	Root;Basidiomycota;Agaricomycetes;Cantharellales;Ceratobasidiaceae;Ceratobasidium	Root;Basidiomycota;Agaricomycetes;Corticiales;Corticiaceae;Rhizoctonia	misclassification	3
F1-REF	5	0	rdp	0.4	EU045422	Root;Ascomycota;Lecanoromycetes;Teloschistales;Physciaceae;Phaeophyscia	Root;Ascomycota;Lecanoromycetes;Teloschistales;Physciaceae;Heterodermia	overclassification	5
F1-REF	5	0	rdp	0.4	DQ494696	Root;Basidiomycota;Agaricomycetes;Agaricales;Cortinariaceae	Root;Basidiomycota;Agaricomycetes;Agaricales;Cortinariaceae;Simocybe	match	5
F1-REF	5	0	rdp	0.4	GQ503036	Root;Basidiomycota;Agaricomycetes;Agaricales	Root;Basidiomycota;Agaricomycetes;Boletales;Hygrophoropsidaceae;Tapinella	misclassification	3
F1-REF	5	0	rdp	0.4	EF029224	Root;Ascomycota;Leotiomycetes;Helotiales;Hyaloscyphaceae;Hyaloscypha;Hyaloscypha_albohyalina_var_spiralis	Root;Ascomycota;Leotiomycetes;Helotiales;Hyaloscyphaceae;Pseudaegerita	overclassification	5
F1-REF	5	0	rdp	0.4	DQ389701	Root;Basidiomycota;Agaricomycetes;Agaricales;Psathyrellaceae;Coprinellus;Coprinellus_radicellus	Root;Basidiomycota;Agaricomycetes;Agaricales;Psathyrellaceae;Psathyrella	overclassification	5
F1-REF	5	0	rdp	0.4	AY259137	Root;Ascomycota;Leotiomycetes;Helotiales;Vibrisseaceae;Vibrissea;Vibrissea_flavovirens	Root;Ascomycota;Leotiomycetes;Helotiales;Dermateaceae;Mollisia	misclassification	4
F1-REF	5	0	rdp	0.4	EU021600	Root;Ascomycota;Eurotiomycetes;Eurotiales;Trichocomaceae	Root;Ascomycota;Eurotiomycetes;Eurotiales;Trichocomaceae;Trichocoma	match	5
F1-REF	5	0	rdp	0.4	JN864881	Root;Ascomycota;Eurotiomycetes;Eurotiales;Trichocomaceae;Penicillium;Penicillium_brasilianum	Root;Ascomycota;Eurotiomycetes;Eurotiales;Trichocomaceae;Penicilliopsis	overclassification	5
F1-REF	5	0	rdp	0.4	JF908719	Root;Ascomycota;Pezizomycetes;Pezizales;Pyronemataceae;Scutellinia;Scutellinia_heterosculpturata	Root;Ascomycota;Pezizomycetes;Pezizales;Pyronemataceae;Ramsbottomia	overclassification	5
F1-REF	5	0	rdp	0.4	EU552114	Root;Ascomycota	Root;Ascomycota;Pezizomycetes;Pezizales;Sarcosomataceae;Conoplea	underclassification	2
F1-REF	5	0	rdp	0.4	AF260224	Root;Ascomycota;Dothideomycetes;Dothideales;Dothideaceae;Dothidea;Dothidea_insculpta	Root;Ascomycota;Dothideomycetes;Dothideales;Dothioraceae;Kabatina	misclassification	4
F1-REF	5	0	rdp	0.4	HQ650650	Root;Ascomycota;Lecanoromycetes;Lecanorales;Psoraceae;Protoblastenia	Root;Ascomycota;Lecanoromycetes;Lecanorales;Ramalinaceae;Bacidina	misclassification	4
F1-REF	5	0	rdp	0.4	EU784183	Root;Basidiomycota;Agaricomycetes;Agaricales;Agaricaceae;Lepiota	Root;Basidiomycota;Agaricomycetes;Agaricales;Agaricaceae;Battarrea	overclassification	5
F1-REF	5	0	rdp	0.4	AB481288	Root;Ascomycota;Leotiomycetes;Helotiales;Hyaloscyphaceae	Root;Ascomycota;Leotiomycetes;Helotiales;Hyaloscyphaceae;Trichopezizella	match	5
F1-REF	5	0	rdp	0.4	EU352773	Root	Root;Chytridiomycota;Chytridiomycetes;Lobulomycetales;Lobulomycetaceae;Clydaea	underclassification	1
F1-REF	5	0	rdp	0.4	GQ267191	Root;Ascomycota;Lecanoromycetes;Lecanorales;Parmeliaceae;Parmelia	Root;Ascomycota;Lecanoromycetes;Lecanorales;Parmeliaceae;Parmelinella	overclassification	5
F1-REF	5	0	rdp	0.4	U59145	Root;Ascomycota;Leotiomycetes;Helotiales;Hyaloscyphaceae;Lachnum	Root;Ascomycota;Leotiomycetes;Helotiales;Hyaloscyphaceae;Lachnellula	overclassification	5
F1-REF	5	0	rdp	0.4	EU669233	Root;Basidiomycota;Agaricomycetes;Agaricales;Cortinariaceae	Root;Basidiomycota;Agaricomycetes;Agaricales;Cortinariaceae;Dermocybe_humboldtensis	match	5
F1-REF	5	0	rdp	0.4	EU784188	Root;Basidiomycota;Agaricomycetes;Agaricales;Tricholomataceae	Root;Basidiomycota;Agaricomycetes;Agaricales;Nidulariaceae;Crucibulum	misclassification	4
F1-REF	5	0	rdp	0.4	GQ304945	Root;Ascomycota;Pezizomycetes;Pezizales	Root;Ascomycota;Pezizomycetes;Pezizales;Morchellaceae;Ptychoverpa	underclassification	4
F1-REF	5	0	rdp	0.4	FM202494	Root;Basidiomycota;Agaricomycetes	Root;Basidiomycota;Agaricomycetes;Polyporales;Meripilaceae;Physisporinus	underclassification	3
F1-REF	5	0	rdp	0.4	EU254750	Root;Ascomycota;Sordariomycetes;Diaporthales;Gnomoniaceae;Linospora;Linospora_ceuthocarpa	Root;Ascomycota;Sordariomycetes;Diaporthales;Gnomoniaceae;Apioplagiostoma	overclassification	5
F1-REF	5	0	rdp	0.4	AF540507	Root;Ascomycota;Lecanoromycetes	Root;Ascomycota;Lecanoromycetes;Teloschistales;Caliciaceae;Dermatiscum	underclassification	3
F1-REF	5	0	rdp	0.4	FJ380935	Root;Ascomycota;Sordariomycetes;Hypocreales;Clavicipitaceae	Root;Ascomycota;Sordariomycetes;Hypocreales;Clavicipitaceae;Harposporium	match	5
F1-REF	5	0	rdp	0.4	JF340250	Root;Ascomycota;Sordariomycetes;Hypocreales;Clavicipitaceae;Elaphocordyceps;Elaphocordyceps_paradoxa	Root;Ascomycota;Sordariomycetes;Hypocreales;Ophiocordycipitaceae;Chaunopycnis	misclassification	4
F1-REF	5	0	rdp	0.4	AY204590	Root;Ascomycota;Sordariomycetes;Hypocreales;Nectriaceae;Flagellospora;Flagellospora_curvula	Root;Ascomycota;Leotiomycetes;Leotiales;Leotiaceae;Alatospora	misclassification	2
F1-REF	5	0	rdp	0.4	AB524804	Root;Ascomycota;Dothideomycetes;Pleosporales;Tetraplosphaeriaceae;Triplosphaeria;Triplosphaeria_yezoensis	Root;Ascomycota;Dothideomycetes;Pleosporales;Tetraplosphaeriaceae;Quadricrura	overclassification	5
F1-REF	5	0	rdp	0.4	AY204610	Root;Ascomycota;Leotiomycetes;Helotiales;Hyaloscyphaceae;Discocistella;Cistella_grevillei	Root;Ascomycota;Leotiomycetes;Helotiales;Helotiaceae;Tricladium	misclassification	4
F1-REF	5	0	rdp	0.4	AJ877224	Root;Ascomycota;Eurotiomycetes	Root;Ascomycota;Eurotiomycetes;Onygenales;Arthrodermataceae;Keratinomyces	underclassification	3
F1-REF	5	0	rdp	0.4	AJ877222	Root;Ascomycota;Eurotiomycetes;Onygenales;Arthrodermataceae	Root;Ascomycota;Eurotiomycetes;Onygenales;Arthrodermataceae;Ctenomyces	match	5
F1-REF	5	0	rdp	0.4	AF482859	Root;Basidiomycota;Agaricomycetes;Agaricales;Agaricaceae;Leucoagaricus;Leucoagaricus_birnbaumii	Root;Basidiomycota;Agaricomycetes;Agaricales;Agaricaceae;Leucocoprinus	overclassification	5
F1-REF	5	0	rdp	0.4	U21830	Root;Ascomycota;Leotiomycetes;Helotiales;Sclerotiniaceae	Root;Ascomycota;Leotiomycetes;Helotiales;Sclerotiniaceae;Ciborinia	match	5
F1-REF	5	0	rdp	0.4	U85789	Root;Basidiomycota;Agaricomycetes;Agaricales;Typhulaceae;Typhula;Typhula_variabilis	Root;Basidiomycota;Agaricomycetes;Atheliales;Atheliaceae;Fibulorhizoctonia	misclassification	3
F1-REF	5	0	rdp	0.4	AF482855	Root;Basidiomycota;Agaricomycetes;Agaricales;Agaricaceae	Root;Basidiomycota;Agaricomycetes;Agaricales;Agaricaceae;Chlorophyllum	match	5
F1-REF	5	0	rdp	0.4	GQ981497	Root;Ascomycota	Root;Basidiomycota;Agaricomycetes;Hysterangiales;Mesophelliaceae;Nothocastoreum	misclassification	1
F1-REF	5	0	rdp	0.4	EU118666	Root;Basidiomycota;Agaricomycetes	Root;Basidiomycota;Agaricomycetes;Polyporales;Sistotremataceae;Sistotremastrum	underclassification	3
F1-REF	5	0	rdp	0.4	AF435825	Root;Ascomycota;Pezizomycetes;Pezizales;Pezizaceae;Peziza;Peziza_kallioi	Root;Ascomycota;Pezizomycetes;Pezizales;Pezizaceae;Eremiomyces	overclassification	5
F1-REF	5	0	rdp	0.4	AB022351	Root;Ascomycota;Leotiomycetes;Erysiphales;Erysiphaceae;Erysiphe	Root;Ascomycota;Leotiomycetes;Erysiphales;Erysiphaceae;Brasiliomyces	overclassification	5
F1-REF	5	0	rdp	0.4	EF064155	Root;Ascomycota;Saccharomycetes;Saccharomycetales;Pichiaceae;Pichia;Pichia_pilisensis	Root;Ascomycota;Saccharomycetes;Saccharomycetales;Pichiaceae;Ogataea	overclassification	5
F1-REF	5	0	rdp	0.4	EF155483	Root;Ascomycota;Sordariomycetes;Xylariales;Diatrypaceae;Eutypella	Root;Ascomycota;Sordariomycetes;Xylariales;Diatrypaceae;Eutypa	overclassification	5
F1-REF	5	0	rdp	0.4	EU553340	Root;Ascomycota;Eurotiomycetes;Eurotiales;Trichocomaceae;Penicillium;Penicillium_pittii	Root;Ascomycota;Sordariomycetes;Hypocreales;Clavicipitaceae;Nomuraea	misclassification	2
F1-REF	5	0	rdp	0.4	EU078628	Root;Ascomycota;Eurotiomycetes;Eurotiales;Trichocomaceae;Neosartorya;Neosartorya_fischeri	Root;Ascomycota;Eurotiomycetes;Eurotiales;Trichocomaceae;Neocarpenteles	overclassification	5
F1-REF	5	0	rdp	0.4	AY725552	Root;Ascomycota;Dothideomycetes;Capnodiales;Mycosphaerellaceae;Mycosphaerella;Mycosphaerella_communis	Root;Ascomycota;Dothideomycetes;Capnodiales;Mycosphaerellaceae;Dissoconium	overclassification	5
F1-REF	5	0	rdp	0.4	HQ647144	Root;Basidiomycota;Agaricomycetes;Boletales;Boletaceae;Leccinum	Root;Basidiomycota;Agaricomycetes;Boletales;Boletaceae;Octaviania	overclassification	5
F1-REF	5	0	rdp	0.4	AF389161	Root;Basidiomycota;Agaricomycetes;Agaricales;Cortinariaceae;Dermocybe_cardinalis;Dermocybe_cardinalis	Root;Basidiomycota;Agaricomycetes;Agaricales;Cortinariaceae;Dermocybe_austronanceiensis	overclassification	5
F1-REF	5	0	rdp	0.4	AJ439439	Root;Ascomycota;Eurotiomycetes;Onygenales;Onygenaceae;Chrysosporium;Chrysosporium_articulatum	Root;Ascomycota;Eurotiomycetes;Onygenales;Onygenaceae;Aphanoascus	overclassification	5
F1-REF	5	0	rdp	0.4	AY035661	Root;Glomeromycota;Glomeromycetes;Diversisporales;Gigasporaceae;Scutellospora	Root;Glomeromycota;Glomeromycetes;Diversisporales;Gigasporaceae;Gigaspora	overclassification	5