dataset	level	iteration	method	parameters	seq_id               	observed_taxonomy	expected_taxonomy	result	mismatch_level
F1-REF	4	0	rdp	0.0	AF433147	Root;Ascomycota;Leotiomycetes;Rhytismatales;Rhytismataceae;Lophodermium;Lophodermium_jiangnanense	Root;Ascomycota;Leotiomycetes;Rhytismatales;Cudoniaceae	overclassification	4
F1-REF	4	0	rdp	0.0	EU846311	Root;Ascomycota;Eurotiomycetes;Eurotiales;Trichocomaceae;Aspergillus;Aspergillus_heteromorphus	Root;Ascomycota;Eurotiomycetes;Eurotiales;Elaphomycetaceae	overclassification	4
F1-REF	4	0	rdp	0.0	AF166504	Root;Basidiomycota;Agaricomycetes;Boletales;Gomphidiaceae;Gomphidius;Gomphidius_glutinosus	Root;Basidiomycota;Agaricomycetes;Boletales;Suillaceae	overclassification	4
F1-REF	4	0	rdp	0.0	HQ455532	Root;Ascomycota;Lecanoromycetes;Umbilicariales;Umbilicariaceae;Umbilicaria;Umbilicaria_aprina	Root;Ascomycota;Lecanoromycetes;Umbilicariales;Ophioparmaceae	overclassification	4
F1-REF	4	0	rdp	0.0	GU973533	Root;Ascomycota;Sordariomycetes;Diaporthales;Diaporthaceae;Diaporthe;Diaporthe_meridionalis	Root;Ascomycota;Sordariomycetes;Diaporthales;Pseudoplagiostoma_eucalypti	overclassification	4
F1-REF	4	0	rdp	0.0	EU784433	Root;Basidiomycota;Agaricomycetes;Agaricales;Cortinariaceae;Cortinarius;Cortinarius_flexipes	Root;Basidiomycota;Agaricomycetes;Agaricales;Tulostomataceae	overclassification	4
F1-REF	4	0	rdp	0.0	DQ323922	Root;Basidiomycota;Pucciniomycetes;Pucciniales;Pucciniaceae;Puccinia;Puccinia_sparganioidis	Root;Basidiomycota;Pucciniomycetes;Pucciniales;Pileolariaceae	overclassification	4
F1-REF	4	0	rdp	0.0	JF951136	Root;Ascomycota;Dothideomycetes;Pleosporales;Didymosphaeriaceae;Didymosphaeria;Didymosphaeria_futilis	Root;Ascomycota;Dothideomycetes;Pleosporales;Funbolia_dimorpha	overclassification	4
F1-REF	4	0	rdp	0.0	DQ497617	Root;Ascomycota;Taphrinomycetes;Taphrinales;Taphrinaceae;Taphrina;Taphrina_sadebeckii	Root;Ascomycota;Taphrinomycetes;Taphrinales;Protomycetaceae	overclassification	4
F1-REF	4	0	rdp	0.0	AF138833	Root;Basidiomycota;Microbotryomycetes;Microbotryales;Microbotryaceae;Microbotryum;Microbotryum_adenopetalae	Root;Ascomycota;Arthoniomycetes;Arthoniales;Arthoniaceae	misclassification	1
F1-REF	4	0	rdp	0.0	DQ974688	Root;Basidiomycota;Agaricomycetes;Agaricales;Mycenaceae;Panellus;Panellus_mitis	Root;Basidiomycota;Agaricomycetes;Cantharellales;Cantharellaceae	misclassification	3
F1-REF	4	0	rdp	0.0	EU552127	Root;Ascomycota;Sordariomycetes;Sordariales;Lasiosphaeriaceae;Strattonia;Strattonia_insignis	Root;Ascomycota;Sordariomycetes;Calosphaeriales;Calosphaeriaceae	misclassification	3
F1-REF	4	0	rdp	0.0	AF178417	Root;Ascomycota;Sordariomycetes;Hypocreales;Ophiocordycipitaceae;Chaunopycnis;Chaunopycnis_alba	Root;Ascomycota;Sordariomycetes;Hypocreales;Nectriaceae	overclassification	4
F1-REF	4	0	rdp	0.0	DQ911605	Root;Basidiomycota;Agaricomycetes;Polyporales;Meripilaceae;Antrodia;Antrodia_albobrunnea	Root;Basidiomycota;Agaricomycetes;Russulales;Albatrellaceae	misclassification	3
F1-REF	4	0	rdp	0.0	FJ426395	Root;Basidiomycota;Agaricomycetes;Auriculariales;Auriculariaceae;Auricularia;Auricularia_polytricha	Root;Basidiomycota;Agaricomycetes;Agaricales;Schizophyllaceae	misclassification	3
F1-REF	4	0	rdp	0.0	FJ603607	Root;Basidiomycota;Agaricomycetes;Agaricales;Cortinariaceae;Cortinarius;Cortinarius_rufostriatus	Root;Ascomycota;Sordariomycetes;Xylariales;Hyponectriaceae	misclassification	1
F1-REF	4	0	rdp	0.0	AY839755	Root;Ascomycota;Lecanoromycetes;Lecanorales;Parmeliaceae;Anzia;Anzia_hypoleucoides	Root;Ascomycota;Dothideomycetes;Capnodiales;Piedraiaceae	misclassification	2
F1-REF	4	0	rdp	0.0	AJ005367	Root;Ascomycota;Eurotiomycetes;Onygenales;Arthrodermataceae;Ctenomyces;Ctenomyces_serratus	Root;Ascomycota;Eurotiomycetes;Onygenales;Onygenaceae	overclassification	4
F1-REF	4	0	rdp	0.0	FJ869184	Root;Basidiomycota;Agaricomycetes;Agaricales;Tricholomataceae;Leucopaxillus;Leucopaxillus_nauseosodulcis	Root;Basidiomycota;Agaricomycetes;Agaricales;Bolbitiaceae	overclassification	4
F1-REF	4	0	rdp	0.0	EF081003	Root;Ascomycota;Eurotiomycetes;Coryneliales;Coryneliaceae;Corynelia;Corynelia_uberata	Root;Ascomycota;Pezizomycetes;Pezizales;Morchellaceae	misclassification	2
F1-REF	4	0	rdp	0.0	EU589152	Root;Ascomycota;Sordariomycetes;Hypocreales;Ophiocordycipitaceae;Ophiocordyceps;Ophiocordyceps_sobolifera	Root;Ascomycota;Sordariomycetes;Hypocreales;Bionectriaceae	overclassification	4
F1-REF	4	0	rdp	0.0	FJ493249	Root;Ascomycota;Lecanoromycetes;Lecanorales;Hymeneliaceae;Aspicilia;Aspicilia_aschabadensis	Root;Ascomycota;Leotiomycetes;Helotiales;Dermateaceae	misclassification	2
F1-REF	4	0	rdp	0.0	FJ627527	Root;Basidiomycota;Agaricomycetes;Russulales;Stereaceae;Aleurodiscus;Aleurodiscus_aurantius	Root;Basidiomycota;Agaricomycetes;Russulales;Bondarzewiaceae	overclassification	4
F1-REF	4	0	rdp	0.0	EF619542	Root;Ascomycota;Lecanoromycetes;Lecanorales;Parmeliaceae;Arctocetraria;Arctocetraria_nigricascens	Root;Ascomycota;Lecanoromycetes;Lecanorales;Stereocaulaceae	overclassification	4
F1-REF	4	0	rdp	0.0	DQ066710	Root;Ascomycota;Lecanoromycetes;Lecanorales;Parmeliaceae;Oropogon;Oropogon_secalonicus	Root;Ascomycota;Lecanoromycetes;Peltigerales;Nephromataceae	misclassification	3
F1-REF	4	0	rdp	0.0	DQ517384	Root;Basidiomycota;Agaricomycetes;Boletales;Gomphidiaceae;Gomphidius;Gomphidius_borealis	Root;Basidiomycota;Agaricomycetes;Boletales;Rhizopogonaceae	overclassification	4
F1-REF	4	0	rdp	0.0	GQ340430	Root;Ascomycota;Saccharomycetes;Saccharomycetales;Pichiaceae;Pichia;Pichia_guilliermondii	Root;Ascomycota;Saccharomycetes;Saccharomycetales;Debaryomycetaceae	overclassification	4
F1-REF	4	0	rdp	0.0	EF605270	Root;Ascomycota;Lecanoromycetes;Lecanorales;Parmeliaceae;Tuckermannopsis;Tuckermannopsis_orbata	Root;Ascomycota;Lecanoromycetes;Peltigerales;Lobariaceae	misclassification	3
F1-REF	4	0	rdp	0.0	FJ167356	Root;Basidiomycota;Ustilaginomycetes;Ustilaginales;Melanopsichiaceae;Melanopsichium;Melanopsichium_pennsylvanicum	Root;Basidiomycota;Ustilaginomycetes;Ustilaginales;Ustilaginaceae	overclassification	4
F1-REF	4	0	rdp	0.0	AJ421007	Root;Basidiomycota;Agaricomycetes;Agaricales;Tricholomataceae;Pseudoarmillariella;Pseudoarmillariella_ectypoides	Root;Basidiomycota;Agaricomycetes;Polyporales;Polyporaceae	misclassification	3
F1-REF	4	0	rdp	0.0	AF228650	Root;Basidiomycota;Agaricomycetes;Boletales;Boletaceae;Boletinellus;Boletinellus_rompelii	Root;Basidiomycota;Agaricomycetes;Boletales;Sclerodermataceae	overclassification	4
F1-REF	4	0	rdp	0.0	GU222329	Root;Basidiomycota;Agaricomycetes;Boletales;Coniophoraceae;Leucogyrophana;Leucogyrophana_arizonica	Root;Basidiomycota;Agaricomycetes;Boletales;Serpulaceae	overclassification	4
F1-REF	4	0	rdp	0.0	DQ485612	Root;Ascomycota;Saccharomycetes;Saccharomycetales;Pichiaceae;Pichia;Pichia_hampshirensis	Root;Chytridiomycota;Chytridiomycetes;Rhizophydiales;Rhizophydiaceae	misclassification	1
F1-REF	4	0	rdp	0.0	UDB004285	Root;Basidiomycota;Agaricomycetes;Agaricales;Mycenaceae;Xeromphalina;Xeromphalina_aff_parvibulbosa_TENN61775	Root;Basidiomycota;Agaricomycetes;Atheliales;Atheliales	misclassification	3
F1-REF	4	0	rdp	0.0	AY218427	Root;Basidiomycota;Agaricomycetes;Polyporales;Ganodermataceae;Ganoderma;Ganoderma_boninense	Root;Basidiomycota;Agaricomycetes;Polyporales;Sparassidaceae	overclassification	4
F1-REF	4	0	rdp	0.0	EU833666	Root;Basidiomycota;Agaricomycetes;Agaricales;Lycoperdaceae;Calvatia;Calvatia_fenzlii	Root;Basidiomycota;Agaricomycetes;Agaricales;Mycenastraceae	overclassification	4
F1-REF	4	0	rdp	0.0	AF394020	Root;Ascomycota;Dothideomycetes;Botryosphaeriales;Botryosphaeriaceae;Phaeobotryon;Phaeobotryon_mamane	Root;Ascomycota;Pezizomycetes;Pezizales;Sarcoscyphaceae	misclassification	2
F1-REF	4	0	rdp	0.0	JN882326	Root;Neocallimastigomycota;Neocallimastigomycetes;Neocallimastigales;Neocallimastigaceae;Neocallimastix;Neocallimastix_patriciarum	Root;Chytridiomycota;Monoblepharidomycetes;Monoblepharidales;Gonapodyaceae	misclassification	1
F1-REF	4	0	rdp	0.0	EU118629	Root;Basidiomycota;Tremellomycetes;Tremellales;Tremellodendropsidaceae;Tremellodendropsis;Tremellodendropsis_tuberosa	Root;Basidiomycota;Agaricomycetes;Cantharellales;Botryobasidiaceae	misclassification	2
F1-REF	4	0	rdp	0.0	AB439544	Root;Basidiomycota;Agaricomycetes;Agaricales;Amanitaceae;Amanita;Amanita_torrendii	Root;Basidiomycota;Agaricomycetes;Russulales;Lachnocladiaceae	misclassification	3
F1-REF	4	0	rdp	0.0	EU427035	Root;Ascomycota;Sordariomycetes;Xylariales;Amphisphaeriaceae;Sarcostroma;Sarcostroma_bisetulatum	Root;Basidiomycota;Agaricomycetes;Polyporales;Fomitopsidaceae	misclassification	1
F1-REF	4	0	rdp	0.0	EF080868	Root;Basidiomycota;Agaricomycetes;Agaricales;Lycoperdaceae;Lycoperdon;Lycoperdon_ericaeum	Root;Basidiomycota;Agaricomycetes;Agaricales;Agaricaceae	overclassification	4
F1-REF	4	0	rdp	0.0	EU295634	Root;Ascomycota;Dothideomycetes;Pleosporales;Leptosphaeriaceae;Leptosphaeria;Coniothyrium_fuckelii	Root;Ascomycota;Dothideomycetes;Pleosporales;Montagnulaceae	overclassification	4
F1-REF	4	0	rdp	0.0	EU784364	Root;Basidiomycota;Agaricomycetes;Agaricales;Cortinariaceae;Protoglossum;Hymenogaster_niveus	Root;Basidiomycota;Agaricomycetes;Boletales;Hymenogasteraceae	misclassification	3
F1-REF	4	0	rdp	0.0	GQ389623	Root;Basidiomycota;Agaricomycetes;Boletales;Melanogastraceae;Melanogaster;Melanogaster_intermedius	Root;Basidiomycota;Agaricomycetes;Boletales;Paxillaceae	overclassification	4
F1-REF	4	0	rdp	0.0	DQ534485	Root;Ascomycota;Lecanoromycetes;Lecanorales;Ramalinaceae;Japewia;Japewia_subaurifera	Root;Ascomycota;Lecanoromycetes;Lecanorales;Sphaerophoraceae	overclassification	4
F1-REF	4	0	rdp	0.0	AJ972459	Root;Glomeromycota;Glomeromycetes;Diversisporales;Gigasporaceae;Scutellospora;Scutellospora_verrucosa	Root;Glomeromycota;Glomeromycetes;Glomerales;Glomeraceae	misclassification	3
F1-REF	4	0	rdp	0.0	JF744951	Root;Ascomycota;Lecanoromycetes;Lecanorales;Parmeliaceae;Tuckermannopsis;Tuckermannopsis_americana	Root;Ascomycota;Lecanoromycetes;Lecanorales;Mycoblastaceae	overclassification	4
F1-REF	4	0	rdp	0.0	AF332117	Root;Ascomycota;Lecanoromycetes;Lecideales;Lecideaceae;Lecidea;Lecidea_confluens	Root;Ascomycota;Lecanoromycetes;Lecideales;Porpidiaceae	overclassification	4
F1-REF	4	0	rdp	0.0	DQ875344	Root;Basidiomycota;Ustilaginomycetes;Urocystidales;Glomosporiaceae;Thecaphora;Thecaphora_amaranthi	Root;Basidiomycota;Ustilaginomycetes;Urocystidales;Doassansiopsidaceae	overclassification	4
F1-REF	4	0	rdp	0.0	DQ875343	Root;Basidiomycota;Ustilaginomycetes;Ustilaginales;Cintractiaceae;Cintractia;Cintractia_amazonica	Root;Basidiomycota;Ustilaginomycetes;Ustilaginales;Anthracoideaceae	overclassification	4
F1-REF	4	0	rdp	0.0	U33070	Root;Basidiomycota;Agaricomycetes;Agaricales;Tricholomataceae;Tricholomataceae_aff_Rhodocollybia_TENN59896;Tricholomataceae_aff_Rhodocollybia_TENN59896	Root;Basidiomycota;Agaricomycetes;Agaricales;Marasmiaceae	overclassification	4
F1-REF	4	0	rdp	0.0	AJ508681	Root;Ascomycota;Sordariomycetes;Microascales;Ceratocystidaceae;Sporendocladia;Sporendocladia_foliicola	Root;Ascomycota;Lecanoromycetes;Ostropales;Thelotremataceae	misclassification	2
F1-REF	4	0	rdp	0.0	AF126877	Root;Basidiomycota;Agaricomycetes;Polyporales;Meruliaceae;Mycorrhaphium;Mycorrhaphium_adustum	Root;Basidiomycota;Agaricomycetes;Polyporales;Steccherinaceae	overclassification	4
F1-REF	4	0	rdp	0.0	EU718127	Root;Basidiomycota;Agaricomycetes;Boletales;Boletaceae;Boletus;Boletus_pulcherrimus	Root;Basidiomycota;Agaricomycetes;Boletales;Diplocystidiaceae	overclassification	4
F1-REF	4	0	rdp	0.0	AB623036	Root;Ascomycota;Dothideomycetes;Pleosporales;Tubeufiaceae;Helicoma;Helicoma_violaceum	Root;Microsporidia;Microsporea;Microsporida;Pleistophoridae	misclassification	1
F1-REF	4	0	rdp	0.0	AY078151	Root;Ascomycota;Leotiomycetes;Helotiales;Hyaloscyphaceae;Lachnellula;Lachnellula_pulverulenta	Root;Ascomycota;Leotiomycetes;Helotiales;Vibrisseaceae	overclassification	4
F1-REF	4	0	rdp	0.0	GQ458022	Root;Basidiomycota;Pucciniomycetes;Pucciniales;Pucciniaceae;Puccinia;Puccinia_bartholomaei	Root;Ascomycota;Saccharomycetes;Saccharomycetales;Dipodascaceae	misclassification	1
F1-REF	4	0	rdp	0.0	DQ872370	Root;Ascomycota;Sordariomycetes;Hypocreales;Clavicipitaceae;Pochonia;Pochonia_chlamydosporia	Root;Ascomycota;Sordariomycetes;Hypocreales;Cordycipitaceae	overclassification	4
F1-REF	4	0	rdp	0.0	AF332122	Root;Ascomycota;Lecanoromycetes;Lecanorales;Hymeneliaceae;Aspicilia;Aspicilia_aschabadensis	Root;Ascomycota;Lecanoromycetes;Pertusariales;Megasporaceae	misclassification	3
F1-REF	4	0	rdp	0.0	AJ271578	Root;Ascomycota;Sordariomycetes;Sordariales;Lasiosphaeriaceae;Cladorrhinum;Cladorrhinum_brunnescens	Root;Ascomycota;Sordariomycetes;Sordariales;Chaetomiaceae	overclassification	4
F1-REF	4	0	rdp	0.0	AJ842332	Root;Ascomycota;Sordariomycetes;Hypocreales;Ophiocordycipitaceae;Hirsutella;Hirsutella_minnesotensis	Root;Ascomycota;Sordariomycetes;Microascales;Microascaceae	misclassification	3
F1-REF	4	0	rdp	0.0	EU718092	Root;Basidiomycota;Agaricomycetes;Boletales;Boletaceae;Tylopilus;Tylopilus_atronicotianus	Root;Basidiomycota;Agaricomycetes;Boletales;Calostomataceae	overclassification	4
F1-REF	4	0	rdp	0.0	FR865444	Root;Glomeromycota;Glomeromycetes;Diversisporales;Acaulosporaceae;Acaulospora;Acaulospora_mellea	Root;Glomeromycota;Glomeromycetes;Diversisporales;Diversisporaceae	overclassification	4
F1-REF	4	0	rdp	0.0	AF373978	Root;Ascomycota;Dothideomycetes;Myriangiales;Elsinoaceae;Elsinoe;Elsinoe_eucalyptorum	Root;Ascomycota;Eurotiomycetes;Pyrenulales;Xanthopyreniaceae	misclassification	2
F1-REF	4	0	rdp	0.0	EU402583	Root;Basidiomycota;Agaricomycetes;Polyporales;Phanerochaetaceae;Phanerochaete;Phanerochaete_carnosa	Root;Basidiomycota;Agaricomycetes;Polyporales;Hapalopilaceae	overclassification	4
F1-REF	4	0	rdp	0.0	AY353257	Root;Basidiomycota;Pucciniomycetes;Pucciniales;Cronartiaceae;Cronartium;Cronartium_flaccidum	Root;Chytridiomycota;Chytridiomycetes;Chytridiales;Cladochytriaceae	misclassification	1
F1-REF	4	0	rdp	0.0	EF212837	Root;Ascomycota;Sordariomycetes;Diaporthales;Sydowiellaceae;Chapeckia;Chapeckia_nigrospora	Root;Ascomycota;Sordariomycetes;Diaporthales;Gnomoniaceae	overclassification	4
F1-REF	4	0	rdp	0.0	GQ981505	Root;Basidiomycota;Agaricomycetes;Gomphales;Gomphaceae;Lentaria;Lentaria_byssiseda	Root;Basidiomycota;Agaricomycetes;Phallales;Ramariaceae	misclassification	3
F1-REF	4	0	rdp	0.0	GQ981504	Root;Basidiomycota;Agaricomycetes;Russulales;Russulaceae;Russula;Russula_dryadicola	Root;Basidiomycota;Agaricomycetes;Boletales;Gastrosporiaceae	misclassification	3
F1-REF	4	0	rdp	0.0	AF009808	Root;Ascomycota;Sordariomycetes;Xylariales;Xylariaceae;Camillea;Camillea_obularia	Root;Ascomycota;Sordariomycetes;Xylariales;Clypeosphaeriaceae	overclassification	4
F1-REF	4	0	rdp	0.0	HM046875	Root;Basidiomycota;Agaricomycetes;Corticiales;Corticiaceae;Vuilleminia;Vuilleminia_coryli	Root;Basidiomycota;Agaricomycetes;Corticiales;Australovuilleminia_coccinea	overclassification	4
F1-REF	4	0	rdp	0.0	FJ624258	Root;Ascomycota;Dothideomycetes;Pleosporales;Tetraplosphaeriaceae;Polyplosphaeria;Polyplosphaeria_fusca	Root;Ascomycota;Dothideomycetes;Pleosporales;Sporormiaceae	overclassification	4
F1-REF	4	0	rdp	0.0	EF088656	Root;Basidiomycota;Agaricomycetes;Agaricales;Amanitaceae;Amanita;Amanita_pseudogemmata	Root;Basidiomycota;Agaricomycetes;Hymenochaetales;Hymenochaetaceae	misclassification	3
F1-REF	4	0	rdp	0.0	AJ748260	Root;Ascomycota;Leotiomycetes;Helotiales;Helotiaceae;Tricladium;Tricladium_angulatum	Root;Ascomycota;Dothideomycetes;Capnodiales;Antennulariellaceae	misclassification	2
F1-REF	4	0	rdp	0.0	AF364843	Root;Basidiomycota;Agaricomycetes;Russulales;Stereaceae;Stereum;Stereum_aff_gausapatum_254_285	Root;Ascomycota;Pezizomycetes;Pezizales;Discinaceae	misclassification	1
F1-REF	4	0	rdp	0.0	EU552117	Root;Ascomycota;Dothideomycetes;Pleosporales;Leptosphaeriaceae;Leptosphaeria;Leptosphaeria_maculans_brassicae_group	Root;Ascomycota;Dothideomycetes;Pleosporales;Cucurbitariaceae	overclassification	4
F1-REF	4	0	rdp	0.0	AB454319	Root;Ascomycota;Dothideomycetes;Botryosphaeriales;Botryosphaeriaceae;Phyllosticta;Phyllosticta_cryptomeriae	Root;Ascomycota;Sordariomycetes;Hypocreales;Niessliaceae	misclassification	2
F1-REF	4	0	rdp	0.0	AJ419224	Root;Basidiomycota;Agaricomycetes;Corticiales;Corticiaceae;Lindtneria;Lindtneria_trachyspora	Root;Basidiomycota;Agaricomycetes;Agaricales;Stephanosporaceae	misclassification	3
F1-REF	4	0	rdp	0.0	AF444494	Root;Basidiomycota;Agaricostilbomycetes;Agaricostilbales;Agaricostilbaceae;Bensingtonia;Bensingtonia_sakaguchii	Root;Basidiomycota;Agaricostilbomycetes;Agaricostilbales;Chionosphaeraceae	overclassification	4
F1-REF	4	0	rdp	0.0	FR750021	Root;Glomeromycota;Glomeromycetes;Diversisporales;Entrophosporaceae;Entrophospora;Entrophospora_schenckii	Root;Glomeromycota;Glomeromycetes;Archaeosporales;Archaeosporaceae	misclassification	3
F1-REF	4	0	rdp	0.0	AF484690	Root;Basidiomycota;Pucciniomycetes;Pucciniales;Pucciniaceae;Puccinia;Puccinia_pimpinellae	Root;Microsporidia;Microsporea;Microsporida;Pseudonosematidae	misclassification	1
F1-REF	4	0	rdp	0.0	GQ850202	Root;Basidiomycota;Tremellomycetes;Tremellales;Trichosporonaceae;Cryptotrichosporon;Cryptotrichosporon_anacardii	Root;Basidiomycota;Tremellomycetes;Tremellales;Tremellaceae	overclassification	4
F1-REF	4	0	rdp	0.0	DQ534455	Root;Ascomycota;Lecanoromycetes;Lecanorales;Parmeliaceae;Allocetraria;Allocetraria_stracheyi	Root;Ascomycota;Lecanoromycetes;Teloschistales;Teloschistaceae	misclassification	3
F1-REF	4	0	rdp	0.0	AY344968	Root;Basidiomycota;Ustilaginomycetes;Ustilaginales;Cintractiaceae;Cintractia;Cintractia_axicola	Root;Basidiomycota;Ustilaginomycetes;Ustilaginales;Farysiaceae	overclassification	4
F1-REF	4	0	rdp	0.0	EF561640	Root;Basidiomycota;Pucciniomycetes;Pucciniales;Pucciniaceae;Puccinia;Puccinia_smilacis	Root;Basidiomycota;Pucciniomycetes;Pucciniales;Coleosporiaceae	overclassification	4
F1-REF	4	0	rdp	0.0	AF027763	Root;Ascomycota;Dothideomycetes;Dothideales;Dothioraceae;Kabatina;Kabatina_juniperi	Root;Ascomycota;Dothideomycetes;Dothideales;Dothideaceae	overclassification	4
F1-REF	4	0	rdp	0.0	FJ462759	Root;Ascomycota;Sordariomycetes;Diaporthales;Diaporthaceae;Diaporthe;Diaporthe_helianthi	Root;Ascomycota;Sordariomycetes;Diaporthales;Valsaceae	overclassification	4
F1-REF	4	0	rdp	0.0	AY212813	Root;Ascomycota;Lecanoromycetes;Agyriales;Agyriaceae;Placopsis;Placopsis_macrophthalma	Root;Ascomycota;Lecanoromycetes;Agyriales;Trapeliaceae	overclassification	4
F1-REF	4	0	rdp	0.0	DQ917653	Root;Basidiomycota;Agaricomycetes;Agaricales;Tricholomataceae;Collybia;Collybia_cirrhata	Root;Basidiomycota;Agaricomycetes;Agaricales;Lyophyllaceae	overclassification	4
F1-REF	4	0	rdp	0.0	DQ025483	Root;Basidiomycota;Exobasidiomycetes;Entylomatales;Tilletiopsis_cremea;Tilletiopsis_cremea;Tilletiopsis_cremea	Root;Basidiomycota;Exobasidiomycetes;Entylomatales;Tilletiopsis_washingtonensis	overclassification	4
F1-REF	4	0	rdp	0.0	GQ981492	Root;Basidiomycota;Agaricomycetes;Geastrales;Geastraceae;Schenella;Schenella_pityophilus	Root;Basidiomycota;Agaricomycetes;Hysterangiales;Gallaceaceae	misclassification	3
F1-REF	4	0	rdp	0.0	DQ491504	Root;Ascomycota;Pezizomycetes;Pezizales;Pyronemataceae;Trichophaea;Trichophaea_abundans	Root;Ascomycota;Pezizomycetes;Pezizales;Ascobolaceae	overclassification	4
F1-REF	4	0	rdp	0.0	AF506430	Root;Basidiomycota;Agaricomycetes;Russulales;Stereaceae;Scytinostromella;Scytinostromella_heterogenea	Root;Basidiomycota;Agaricomycetes;Russulales;Echinodontiaceae	overclassification	4
F1-REF	4	0	rdp	0.0	DQ780453	Root;Ascomycota;Dothideomycetes;Pleosporales;Tetraplosphaeriaceae;Tetraplosphaeria;Tetraplosphaeria_sasicola	Root;Ascomycota;Dothideomycetes;Pleosporales;Corynesporascaceae	overclassification	4
F1-REF	4	0	rdp	0.0	EF155483	Root;Ascomycota;Sordariomycetes;Xylariales;Xylariaceae;Xylaria;Xylaria_apiculata	Root;Ascomycota;Sordariomycetes;Xylariales;Diatrypaceae	overclassification	4
F1-REF	4	0	rdp	0.0	EF025406	Root;Ascomycota;Sordariomycetes;Chaetosphaeriales;Chaetosphaeriaceae;Chaetosphaeria;Phialophora_phaeophora	Root;Ascomycota;Eurotiomycetes;Chaetothyriales;Herpotrichiellaceae	misclassification	2
F1-REF	4	0	rdp	0.0	AF335455	Root;Ascomycota;Pezizomycetes;Pezizales;Tuberaceae;Tuber;Tuber_uncinatum	Root;Ascomycota;Pezizomycetes;Pezizales;Helvellaceae	overclassification	4
F1-REF	4	0	rdp	0.0	HQ888732	Root;Blastocladiomycota;Blastocladiomycetes;Blastocladiales;Blastocladiaceae;Blastocladiella;Blastocladiella_britannica	Root;Blastocladiomycota;Blastocladiomycetes;Blastocladiales;Catenariaceae	overclassification	4
F1-REF	4	0	rdp	0.0	HE586734	Root;Basidiomycota;Agaricomycetes;Polyporales;Meripilaceae;Antrodia;Antrodia_juniperina	Root;Basidiomycota;Agaricomycetes;Polyporales;Podoscyphaceae	overclassification	4
F1-REF	4	0	rdp	0.0	DQ149848	Root;Basidiomycota;Agaricomycetes;Russulales;Russulaceae;Lactarius;Lactarius_obscuratus	Root;Basidiomycota;Agaricomycetes;Agaricales;Hydnangiaceae	misclassification	3
F1-REF	4	0	rdp	0.0	EU718109	Root;Basidiomycota;Agaricomycetes;Boletales;Boletaceae;Boletinellus;Boletinellus_merulioides	Root;Basidiomycota;Agaricomycetes;Boletales;Boletinellaceae	overclassification	4