JF715197	p__Ascomycota;c__Saccharomycetes;o__Saccharomycetales	0.80	10
New.CleanUp.ReferenceOTU34	Unassigned	1.00	2
New.CleanUp.ReferenceOTU185	Unassigned	1.00	3
New.CleanUp.ReferenceOTU184	p__Ascomycota;c__Saccharomycetes;o__Saccharomycetales;f__Dipodascaceae	1.00	4
New.CleanUp.ReferenceOTU180	p__Ascomycota;c__Saccharomycetes;o__Saccharomycetales;f__Dipodascaceae	0.80	10
New.CleanUp.ReferenceOTU78	Unassigned	1.00	10
New.CleanUp.ReferenceOTU136	p__Ascomycota;c__Saccharomycetes;o__Saccharomycetales;f__Dipodascaceae	0.88	8
New.CleanUp.ReferenceOTU138	p__Ascomycota;c__Saccharomycetes;o__Saccharomycetales;f__Incertae_sedis;g__Candida;s__Candida_catenulata	1.00	2
New.ReferenceOTU1	Unassigned	1.00	10
New.ReferenceOTU2	Unassigned	1.00	10
New.ReferenceOTU3	p__Ascomycota;c__Saccharomycetes;o__Saccharomycetales;f__Saccharomycetaceae	0.78	9
New.ReferenceOTU4	p__Ascomycota;c__Saccharomycetes;o__Saccharomycetales;f__Dipodascaceae	0.90	10
New.ReferenceOTU5	Unassigned	1.00	10
New.ReferenceOTU6	p__Ascomycota;c__Saccharomycetes;o__Saccharomycetales;f__Saccharomycetaceae;g__Zygosaccharomyces;s__Zygosaccharomyces_pseudorouxii	1.00	1
New.ReferenceOTU7	p__Ascomycota;c__Saccharomycetes;o__Saccharomycetales	0.78	9
GU370744	Unassigned	1.00	4
New.CleanUp.ReferenceOTU25	Unassigned	1.00	10
JF439501	Unassigned	1.00	10
New.CleanUp.ReferenceOTU191	p__Ascomycota;c__Saccharomycetes;o__Saccharomycetales;f__Dipodascaceae;g__Galactomyces;s__Galactomyces_geotrichum	0.75	8
New.CleanUp.ReferenceOTU105	Unassigned	1.00	10
New.CleanUp.ReferenceOTU104	Unassigned	1.00	4
New.CleanUp.ReferenceOTU107	Unassigned	1.00	10
New.CleanUp.ReferenceOTU106	Unassigned	1.00	6
JF449887	Unassigned	1.00	10
New.CleanUp.ReferenceOTU109	Unassigned	1.00	10
New.CleanUp.ReferenceOTU95	Unassigned	1.00	1
FJ466715	Unassigned	1.00	10
JN905480	Unassigned	1.00	10
GQ229082	p__Ascomycota;c__Eurotiomycetes;o__Eurotiales;f__Trichocomaceae	0.80	10
New.CleanUp.ReferenceOTU15	p__Ascomycota;c__Saccharomycetes;o__Saccharomycetales;f__Dipodascaceae;g__Galactomyces;s__Galactomyces_geotrichum	0.83	6
New.CleanUp.ReferenceOTU16	Unassigned	1.00	4
AB236002	Unassigned	1.00	10
HQ589260	p__Ascomycota;c__Saccharomycetes;o__Saccharomycetales	0.80	10
JF907594	p__Ascomycota;c__Saccharomycetes;o__Saccharomycetales;f__Dipodascaceae;g__Galactomyces;s__Galactomyces_geotrichum	0.88	8
DQ681335	Unassigned	1.00	10
New.CleanUp.ReferenceOTU142	Unassigned	1.00	10
New.CleanUp.ReferenceOTU90	p__unidentified;c__unidentified;o__unidentified;f__unidentified;g__unidentified	0.83	6
EF199746	Unassigned	1.00	4
New.CleanUp.ReferenceOTU110	Unassigned	1.00	10
New.CleanUp.ReferenceOTU111	Unassigned	1.00	10
New.CleanUp.ReferenceOTU94	Unassigned	1.00	2
New.CleanUp.ReferenceOTU117	p__Ascomycota;c__Saccharomycetes;o__Saccharomycetales;f__Dipodascaceae	0.80	10
EU490021	Unassigned	1.00	10
FJ196614	Unassigned	1.00	10
FR799498	p__Ascomycota;c__Eurotiomycetes;o__Eurotiales;f__Trichocomaceae;g__Penicillium	0.80	10
HM037662	Unassigned	1.00	10
New.CleanUp.ReferenceOTU44	p__Ascomycota;c__Dothideomycetes;o__unidentified;f__unidentified;g__unidentified;s__Dothideomycetes_sp_11351	1.00	1
FM875842	Unassigned	1.00	10
New.CleanUp.ReferenceOTU169	Unassigned	1.00	8
New.CleanUp.ReferenceOTU83	Unassigned	1.00	10
New.CleanUp.ReferenceOTU162	Unassigned	1.00	3
New.CleanUp.ReferenceOTU81	p__Ascomycota;c__Arthoniomycetes;o__Arthoniales;f__Roccellaceae;g__Plectocarpon;s__Plectocarpon_lichenum	1.00	1
EU551202	p__Ascomycota;c__Eurotiomycetes;o__Eurotiales;f__Trichocomaceae;g__Penicillium	0.80	10
New.CleanUp.ReferenceOTU6	Unassigned	1.00	10
GU934594	p__Ascomycota;c__Eurotiomycetes;o__Eurotiales;f__Trichocomaceae;g__Penicillium	0.80	10
New.CleanUp.ReferenceOTU5	Unassigned	1.00	2
New.CleanUp.ReferenceOTU2	Unassigned	1.00	10
EF397557	Unassigned	1.00	10
HQ827787	p__Ascomycota	0.80	10
New.CleanUp.ReferenceOTU9	Unassigned	1.00	1
AM410602	Unassigned	1.00	10
New.CleanUp.ReferenceOTU72	p__Ascomycota;c__Dothideomycetes;o__unidentified;f__unidentified;g__unidentified;s__Dothideomycetes_sp_11351	1.00	1
GQ458026	p__Ascomycota	0.90	10
New.CleanUp.ReferenceOTU71	Unassigned	1.00	3
New.CleanUp.ReferenceOTU179	Unassigned	1.00	10
New.CleanUp.ReferenceOTU174	Unassigned	1.00	10
New.CleanUp.ReferenceOTU175	p__Ascomycota;c__Saccharomycetes;o__Saccharomycetales	0.80	10
New.CleanUp.ReferenceOTU176	Unassigned	1.00	2
New.CleanUp.ReferenceOTU170	Unassigned	1.00	2
DQ683114	Unassigned	1.00	10
GU566244	Unassigned	1.00	10
JF720033	p__Ascomycota;c__Saccharomycetes;o__Saccharomycetales	0.80	10
New.CleanUp.ReferenceOTU61	Unassigned	1.00	2
New.CleanUp.ReferenceOTU60	Unassigned	1.00	6
New.CleanUp.ReferenceOTU62	Unassigned	1.00	3
New.CleanUp.ReferenceOTU145	Unassigned	1.00	10
FM177661	p__Ascomycota;c__Saccharomycetes;o__Saccharomycetales	0.80	10
GQ999201	p__Ascomycota;c__Eurotiomycetes;o__Eurotiales;f__Trichocomaceae;g__Penicillium	0.80	10
New.CleanUp.ReferenceOTU54	Unassigned	1.00	10
GQ376077	p__Ascomycota;c__Saccharomycetes;o__Saccharomycetales;f__Saccharomycetaceae;g__Kluyveromyces	0.83	6
New.CleanUp.ReferenceOTU51	Unassigned	1.00	10
New.CleanUp.ReferenceOTU150	Unassigned	1.00	1
HM069364	p__Ascomycota	0.80	10
JN905595	Unassigned	1.00	10
New.CleanUp.ReferenceOTU58	Unassigned	1.00	4
New.CleanUp.ReferenceOTU48	p__Ascomycota;c__Saccharomycetes;o__Saccharomycetales;f__Incertae_sedis;g__Candida;s__Candida_catenulata	1.00	2
New.CleanUp.ReferenceOTU43	Unassigned	1.00	2
New.CleanUp.ReferenceOTU40	p__Ascomycota	0.80	10
GU054037	Unassigned	1.00	10
HQ115737	Unassigned	1.00	9
New.CleanUp.ReferenceOTU123	p__Ascomycota;c__Saccharomycetes;o__Saccharomycetales;f__Incertae_sedis;g__Candida;s__Candida_catenulata	1.00	2
New.CleanUp.ReferenceOTU124	Unassigned	1.00	6
New.CleanUp.ReferenceOTU82	p__Ascomycota;c__unidentified;o__unidentified;f__unidentified;g__unidentified;s__Pezizomycotina_sp_11290	1.00	1
FJ777353	Unassigned	1.00	10
