AB213454	Unassigned	1.00	1
DQ411529	Unassigned	1.00	1
AF385213	Root;Ascomycota;Sordariomycetes;Hypocreales;Clavicipitaceae;Neotyphodium;Neotyphodium_coenophialum	1.00	1
AY943057	Root;Ascomycota;Dothideomycetes;Pleosporales;Sporormiaceae;Westerdykella;Westerdykella_purpurea	1.00	1
FJ596839	Unassigned	1.00	1
EU669202	Unassigned	1.00	1
HQ108033	Unassigned	1.00	1
AF205647	Root;Basidiomycota;Agaricomycetes;Boletales;Gomphidiaceae;Chroogomphus;Chroogomphus_rutilus	1.00	1
GQ919274	Root;Ascomycota;Lecanoromycetes;Lecanorales;Parmeliaceae;Remototrachyna_kingii;Remototrachyna_kingii	1.00	1
EU707898	Root;Ascomycota;Dothideomycetes;Capnodiales;Teratosphaeriaceae;Teratosphaeriaceae;Teratosphaeriaceae	1.00	1
DQ384578	Root;Basidiomycota;Agaricomycetes;Boletales;Boletaceae;Boletus;Boletus_mirabilis	1.00	1
HQ693875	Root;Basidiomycota;Agaricomycetes;Boletales;Boletaceae;Leccinum;Leccinum_crocipodium	1.00	1
AY558633	Unassigned	1.00	1
HQ693878	Root;Basidiomycota;Agaricomycetes;Boletales;Boletaceae;Leccinum;Leccinum_crocipodium	1.00	1
EF524038	Unassigned	1.00	1
HM005144	Root;Basidiomycota;Agaricomycetes;Agaricales;Physalacriaceae;Paraxerula_americana;Paraxerula_americana	1.00	1
EF191243	Root;Ascomycota;Leotiomycetes;Rhytismatales;Rhytismataceae;Hypoderma;Hypoderma_rubi	1.00	1
AY789280	Root;Ascomycota;Leotiomycetes;Helotiales;Hyaloscyphaceae;Incrucipulum;Lachnum_ciliare	1.00	1
AJ296348	Unassigned	1.00	1
FJ467362	Root;Basidiomycota;Agaricomycetes;Polyporales;Polyporaceae;Fomes;Fomes_fomentarius	1.00	1
FJ169667	Root;Ascomycota;Leotiomycetes;Helotiales;Sclerotiniaceae;Monilinia;Monilinia_fructicola	1.00	1
AF138836	Unassigned	1.00	1
AY571056	Unassigned	1.00	1
AB080512	Unassigned	1.00	1
GU300790	Root;Ascomycota;Lecanoromycetes;Lecanorales;Parmeliaceae;Bryoria;Bryoria_trichodes	1.00	1
FJ645263	Root;Ascomycota;Eurotiomycetes;Verrucariales;Verrucariaceae;Thelidium;Thelidium_zwackhii	1.00	1
GQ913350	Root;Basidiomycota;Agaricomycetes;Agaricales;Physalacriaceae;Hymenopellis_orientalis;Hymenopellis_orientalis	1.00	1
AF237729	Unassigned	1.00	1
DQ001293	Root;Ascomycota;Lecanoromycetes;Peltigerales;Nephromataceae;Nephroma;Nephroma_tropicum	1.00	1
EF029184	Root;Ascomycota;Leotiomycetes;Helotiales;Vibrisseaceae;Phialocephala;Phialocephala_fusca	1.00	1
EF029187	Root;Ascomycota;Sordariomycetes;Phyllachorales;Phyllachoraceae;Colletotrichum;Colletotrichum_capsici	1.00	1
DQ001294	Unassigned	1.00	1
AJ005367	Root;Ascomycota;Eurotiomycetes;Onygenales;Onygenaceae;Aphanoascus;Aphanoascus_punsolae	1.00	1
GU590932	Unassigned	1.00	1
AJ866977	Root;Basidiomycota;Tremellomycetes;Filobasidiales;Filobasidiaceae;Cryptococcus;Cryptococcus_aquaticus	1.00	1
AF373978	Unassigned	1.00	1
EU860055	Root;Ascomycota;Sordariomycetes;Hypocreales;Nectriaceae;Nectria;Nectria_lugdunensis	1.00	1
EU589152	Root;Ascomycota;Sordariomycetes;Hypocreales;Ophiocordycipitaceae;Ophiocordyceps;Ophiocordyceps_sobolifera	1.00	1
HQ533034	Unassigned	1.00	1
AY739108	Unassigned	1.00	1
FJ614640	Root;Ascomycota;Sordariomycetes;Xylariales;Hyponectriaceae;Microdochium;Microdochium_bolleyi	1.00	1
FJ175161	Root;Ascomycota;Sordariomycetes;Sordariales;Lasiosphaeriaceae;Podospora;Podospora_austroamericana	1.00	1
EU597299	Root;Ascomycota;Sordariomycetes;Hypocreales;Nectriaceae;Nectria;Nectria_diminuta	1.00	1
GQ456166	Unassigned	1.00	1
AF394525	Unassigned	1.00	1
FJ588711	Unassigned	1.00	1
EU520097	Root;Ascomycota;Dothideomycetes;Pleosporales;Pleosporaceae;Alternaria;Alternaria_alternata	1.00	1
DQ631933	Root;Ascomycota;Sordariomycetes;Xylariales;Xylariaceae;Annulohypoxylon;Annulohypoxylon_multiforme	1.00	1
AB097450	Unassigned	1.00	1
JF499842	Root;Ascomycota;Dothideomycetes;Capnodiales;Teratosphaeriaceae;Catenulostroma;Catenulostroma_eucalyptorum	1.00	1
JF419899	Root;Ascomycota;Dothideomycetes;Pleosporales;Lindgomycetaceae;Lindgomyces_breviappendiculatus;Lindgomyces_breviappendiculatus	1.00	1
EF469157	Root;Ascomycota;Eurotiomycetes;Verrucariales;Verrucariaceae;Verrucaria;Verrucaria_lecideoides	1.00	1
FJ000402	Root;Ascomycota;Leotiomycetes;Helotiales;Helotiaceae;Varicosporium;Varicosporium_delicatum	1.00	1
EF469155	Root;Ascomycota;Eurotiomycetes;Verrucariales;Verrucariaceae;Verrucaria;Verrucaria_lecideoides	1.00	1
FJ899626	Root;Basidiomycota;Agaricomycetes;Agaricales;Psathyrellaceae;Psathyrella;Psathyrella_pyrotricha	1.00	1
JN182869	Unassigned	1.00	1
GU247155	Unassigned	1.00	1
EU639582	Unassigned	1.00	1
DQ328168	Unassigned	1.00	1
FJ380871	Root;Ascomycota;Dothideomycetes;Pleosporales;Pleosporaceae;Alternaria;Alternaria_bokurai	1.00	1
EF026116	Root;Ascomycota;Sordariomycetes;Diaporthales;Cryphonectriaceae;Holocryphia;Holocryphia_eucalypti	1.00	1
AM399021	Root;Ascomycota;Sordariomycetes;Xylariales;Diatrypaceae;Diatrypella;Diatrypella_pulvinata	1.00	1
DQ006946	Root;Ascomycota;Sordariomycetes;Xylariales;Diatrypaceae;Diatrypella;Diatrypella_quercina	1.00	1
DQ354545	Root;Basidiomycota;Pucciniomycetes;Pucciniales;Pucciniaceae;Puccinia;Puccinia_smilacis	1.00	1
GU199447	Unassigned	1.00	1
GU214624	Root;Ascomycota;Dothideomycetes;Capnodiales;Mycosphaerellaceae;Phaeophleospora_concentrica;Phaeophleospora_concentrica	1.00	1
DQ983814	Unassigned	1.00	1
AB607172	Root;Basidiomycota;Agaricomycetes;Agaricales;Marasmiaceae;Xerula;Xerula_radicata	1.00	1
AY986499	Unassigned	1.00	1
EU118622	Unassigned	1.00	1
U57492	Root;Ascomycota;Leotiomycetes;Helotiales;Helotiaceae;Pezizella;Pezizella_chrysostigma	1.00	1
EF192226	Root;Ascomycota;Saccharomycetes;Saccharomycetales;Pichiaceae;Pichia;Pichia_castillae	1.00	1
AF274081	Unassigned	1.00	1
DQ323918	Unassigned	1.00	1
EU681350	Root;Ascomycota;Lecanoromycetes;Teloschistales;Teloschistaceae;Caloplaca;Caloplaca_trachyphylla	1.00	1
AF079701	Unassigned	1.00	1
HQ540524	Root;Ascomycota;Leotiomycetes;Thelebolales;Thelebolaceae;Antarctomyces;Antarctomyces_psychrotrophicus	1.00	1
AJ508681	Unassigned	1.00	1
GQ253100	Root;Ascomycota;Lecanoromycetes;Umbilicariales;Umbilicariaceae;Umbilicaria;Umbilicaria_calvescens	1.00	1
FJ903327	Unassigned	1.00	1
FJ810171	Unassigned	1.00	1
EF596819	Unassigned	1.00	1
AJ972459	Unassigned	1.00	1
GQ292749	Root;Ascomycota;Dothideomycetes;Pleosporales;Corynesporascaceae;Corynespora;Corynespora_smithii	1.00	1
FM878021	Root;Basidiomycota;Agaricomycetes;Agaricales;Psathyrellaceae;Psathyrella;Psathyrella_candolleana	1.00	1
AF071340	Root;Ascomycota;Dothideomycetes;Pleosporales;Pleosporaceae;Curvularia;Curvularia_oryzae	1.00	1
AF357601	Root;Basidiomycota;Agaricomycetes;Hymenochaetales;Hymenochaetaceae;Fomitiporia;Fomitiporia_mediterranea	1.00	1
AB221419	Root;Basidiomycota;Pucciniomycetes;Pucciniales;Pucciniastraceae;Melampsoridium;Melampsoridium_betulinum	1.00	1
AY586560	Unassigned	1.00	1
EU367452	Unassigned	1.00	1
JF681960	Root;Ascomycota;Sordariomycetes;Diaporthales;Valsaceae;Sillia;Sillia_ferruginea	1.00	1
AB015696	Unassigned	1.00	1
AB546939	Root;Ascomycota;Leotiomycetes;Helotiales;Dermateaceae;Neofabraea;Neofabraea_alba	1.00	1
EU402595	Unassigned	1.00	1
EU484271	Unassigned	1.00	1
AB199583	Root;Ascomycota;Dothideomycetes;Pleosporales;Pleosporaceae;Drechslera;Drechslera_nobleae	1.00	1
DQ872370	Root;Ascomycota;Sordariomycetes;Hypocreales;Hypocreaceae;Hypomyces;Hypomyces_khaoyaiensis	1.00	1
DQ875351	Root;Basidiomycota;Ustilaginomycetes;Urocystidales;Urocystidaceae;Melanustilospora;Melanustilospora_ari	1.00	1
AF486129	Root;Ascomycota;Leotiomycetes;Helotiales;Dermateaceae;Neofabraea;Neofabraea_alba	1.00	1
AF079679	Root;Basidiomycota;Agaricomycetes;Agaricales;Agaricaceae;Mycetarotes_parallelus_symbiont_OC7;Mycetarotes_parallelus_symbiont_OC7	1.00	1
AY228347	Root;Basidiomycota;Agaricomycetes;Agaricales;Bolbitiaceae;Hebeloma;Hebeloma_truncatum	1.00	1
AY239342	Root;Basidiomycota;Agaricomycetes;Russulales;Russulaceae;Russula;Russula_dryadicola	1.00	1
HQ222013	Root;Basidiomycota;Agaricomycetes;Agaricales;Cortinariaceae;Phaeomarasmius;Phaeomarasmius_proximans	1.00	1
HE649950	Unassigned	1.00	1
GU053568	Unassigned	1.00	1
JF692201	Unassigned	1.00	1
FJ914669	Root;Ascomycota;Sordariomycetes;Microascales;Microascaceae;Microascus;Microascus_trigonosporus	1.00	1
EU075541	Root;Ascomycota;Lecanoromycetes;Lecanorales;Parmeliaceae;Flavocetraria;Flavocetraria_cucullata	1.00	1
EF513771	Root;Ascomycota;Eurotiomycetes;Chaetothyriales;Herpotrichiellaceae;Cladophialophora;Cladophialophora_devriesii	1.00	1
FR865444	Root;Glomeromycota;Glomeromycetes;Diversisporales;Diversisporaceae;Diversispora;Diversispora_spurca	1.00	1
FJ596801	Unassigned	1.00	1
DQ534466	Root;Ascomycota;Lecanoromycetes;Lecanorales;Parmeliaceae;Parmelia;Parmelia_crambidiocarpa	1.00	1
FJ919809	Root;Ascomycota;Lecanoromycetes;Acarosporales;Acarosporaceae;Pleopsidium;Pleopsidium_chlorophanum	1.00	1
EU834222	Root;Ascomycota;Pezizomycetes;Pezizales;Sarcosomataceae;Strumella;Strumella_coryneoidea	1.00	1
FJ599809	Root;Ascomycota;Orbiliomycetes;Orbiliales;Orbiliaceae;Geniculifera;Geniculifera_cystosporia	1.00	1
EF536348	Unassigned	1.00	1
AF079676	Root;Basidiomycota;Agaricomycetes;Agaricales;Agaricaceae;Mycetophylax_conformis_symbiont_G26;Mycetophylax_conformis_symbiont_G26	1.00	1
FJ378883	Root;Ascomycota;Leotiomycetes;Erysiphales;Erysiphaceae;Erysiphe;Erysiphe_pisi	1.00	1
EU008632	Unassigned	1.00	1
AF325646	Root;Basidiomycota;Agaricomycetes;Agaricales;Bolbitiaceae;Anamika;Anamika_indica	1.00	1
AF079678	Root;Basidiomycota;Agaricomycetes;Agaricales;Agaricaceae;Leucocoprinus;Leucocoprinus_cretaceus	1.00	1
FJ827714	Unassigned	1.00	1
UDB000647	Unassigned	1.00	1
AB267641	Root;Ascomycota;Leotiomycetes;Helotiales;Rutstroemiaceae;Scleromitrula;Scleromitrula_shiraiana	1.00	1
HM244773	Unassigned	1.00	1
AF506428	Unassigned	1.00	1
AF506426	Root;Basidiomycota;Agaricomycetes;Russulales;Gloeocystidiellaceae;Gloeocystidiellum;Gloeocystidiellum_clavuligerum	1.00	1
JF263493	Root;Basidiomycota;Pucciniomycetes;Pucciniales;Pucciniaceae;Puccinia;Puccinia_popowiae	1.00	1
HM480490	Root;Ascomycota;Dothideomycetes;Capnodiales;Capnodiaceae;Capnodium;Capnodium_coffeae	1.00	1
GU233322	Root;Basidiomycota;Agaricomycetes;Agaricales;Cortinariaceae;Dermocybe_largofulgens;Dermocybe_largofulgens	1.00	1
DQ402184	Unassigned	1.00	1
AB278194	Unassigned	1.00	1
EU266082	Unassigned	1.00	1
EU784394	Unassigned	1.00	1
EU266089	Root;Ascomycota;Lecanoromycetes;Lecanorales;Parmeliaceae;Xanthoparmelia;Xanthoparmelia_chlorochroa	1.00	1
FJ005092	Root;Ascomycota;Sordariomycetes;Hypocreales;Clavicipitaceae;Cordyceps;Cordyceps_cylindrica	1.00	1
JF908722	Root;Ascomycota;Pezizomycetes;Pezizales;Pyronemataceae;Ramsbottomia;Ramsbottomia_asperior	1.00	1
AF454429	Unassigned	1.00	1
Z81447	Root;Ascomycota;Leotiomycetes;Helotiales;Sclerotiniaceae;Ciboria;Ciboria_americana	1.00	1
EU552101	Root;Ascomycota;Sordariomycetes;Xylariales;Xylariaceae;Emarcea;Emarcea_castanopsidicola	1.00	1
EU784192	Unassigned	1.00	1
DQ491500	Root;Ascomycota;Pezizomycetes;Pezizales;Pyronemataceae;Pseudaleuria;Pseudaleuria_quinaultiana	1.00	1
AF429267	Unassigned	1.00	1
FR750134	Root;Glomeromycota;Glomeromycetes;Diversisporales;Gigasporaceae;Scutellospora;Scutellospora_verrucosa	1.00	1
AF506389	Root;Basidiomycota;Agaricomycetes;Russulales;Gloeocystidiellaceae;Gloeocystidiellum;Gloeocystidiellum_clavuligerum	1.00	1
DQ534046	Root;Ascomycota;Sordariomycetes;Xylariales;Amphisphaeriaceae;Truncatella;Truncatella_angustata	1.00	1
FJ380941	Root;Ascomycota;Orbiliomycetes;Orbiliales;Orbiliaceae;Geniculifera;Geniculifera_cystosporia	1.00	1
EU343826	Root;Ascomycota;Saccharomycetes;Saccharomycetales;Pichiaceae;Pichia;Pichia_castillae	1.00	1
EF091828	Unassigned	1.00	1
DQ118419	Root;Basidiomycota;Agaricomycetes;Russulales;Peniophoraceae;Peniophora;Peniophora_cinerea	1.00	1
DQ404393	Root;Basidiomycota;Agaricomycetes;Agaricales;Marasmiaceae;Marasmius;Marasmius_oreades	1.00	1
EU846253	Root;Basidiomycota;Agaricomycetes;Thelephorales;Thelephoraceae;Pseudotomentella;Pseudotomentella_tristis	1.00	1
EU846252	Root;Basidiomycota;Agaricomycetes;Agaricales;Entolomataceae;Entoloma;Entoloma_dichroum	1.00	1
AY997074	Unassigned	1.00	1
AF506383	Unassigned	1.00	1
AJ131787	Unassigned	1.00	1
AB566287	Root;Ascomycota;Eurotiomycetes;Onygenales;Gymnoascaceae;Gymnoascus;Gymnoascus_aurantiacus	1.00	1
EU846259	Root;Basidiomycota;Agaricomycetes;Russulales;Albatrellaceae;Scutiger;Albatrellus_pes-caprae	1.00	1
FJ839633	Root;Ascomycota;Dothideomycetes;Capnodiales;Mycosphaerellaceae;Periconiella;Periconiella_velutina	1.00	1
AY004783	Root;Ascomycota;Dothideomycetes;Pleosporales;Pleosporaceae;Drechslera;Drechslera_poae	1.00	1
AF506484	Unassigned	1.00	1
GQ852764	Root;Ascomycota;Dothideomycetes;Capnodiales;Mycosphaerellaceae;Phaeophleospora;Phaeophleospora_atkinsonii	1.00	1
AF410472	Root;Basidiomycota;Tremellomycetes;Filobasidiales;Filobasidiaceae;Cryptococcus;Cryptococcus_cylindricus	1.00	1
AF079695	Root;Basidiomycota;Agaricomycetes;Agaricales;Agaricaceae;Cyphomyrmex_rimosus_symbiont_G9;Cyphomyrmex_rimosus_symbiont_G9	1.00	1
EU075198	Unassigned	1.00	1
GQ461906	Root;Ascomycota;Eurotiomycetes;Eurotiales;Trichocomaceae;Aspergillus;Aspergillus_fumigatiaffinis	1.00	1
GU062240	Root;Ascomycota;Dothideomycetes;Capnodiales;Mycosphaerellaceae;Septoria;Septoria_passerinii	1.00	1
AJ133397	Unassigned	1.00	1
DQ915483	Unassigned	1.00	1
EU622846	Unassigned	1.00	1
GU590925	Unassigned	1.00	1
AF404123	Root;Ascomycota;Lecanoromycetes;Lecanorales;Parmeliaceae;Arctocetraria;Arctocetraria_nigricascens	1.00	1
FJ603607	Unassigned	1.00	1
AY514636	Unassigned	1.00	1
EU784223	Unassigned	1.00	1
HM005073	Root;Basidiomycota;Agaricomycetes;Agaricales;Marasmiaceae;Xerula;Xerula_radicata	1.00	1
FJ871107	Root;Ascomycota;Lecanoromycetes;Lecanorales;Ramalinaceae;Ramalina;Ramalina_sinensis	1.00	1
EF605270	Root;Ascomycota;Lecanoromycetes;Peltigerales;Lobariaceae;Pseudocyphellaria;Pseudocyphellaria_multifida	1.00	1
JN638251	Unassigned	1.00	1
JN710548	Root;Basidiomycota;Agaricomycetes;Polyporales;Steccherinaceae;Junghuhnia;Junghuhnia_autumnale	1.00	1
DQ238743	Root;Basidiomycota;Microbotryomycetes;Microbotryales;Microbotryaceae;Sphacelotheca;Sphacelotheca_polygoni_persicariae	1.00	1
AF054860	Root;Ascomycota;Sordariomycetes;Hypocreales;Hypocreaceae;Hypomyces;Hypomyces_chrysospermus	1.00	1
EF051060	Root;Basidiomycota;Agaricomycetes;Agaricales;Cortinariaceae;Phaeomarasmius;Phaeomarasmius_proximans	1.00	1
FJ493249	Unassigned	1.00	1
AY349115	Unassigned	1.00	1
DQ383642	Root;Ascomycota;Lecanoromycetes;Lecanorales;Parmeliaceae;Usnea;Usnea_longissima	1.00	1
FJ167356	Unassigned	1.00	1
DQ826538	Unassigned	1.00	1
FJ481033	Root;Basidiomycota;Agaricomycetes;Agaricales;Lycoperdaceae;Handkea;Handkea_subcretacea	1.00	1
AF210682	Root;Ascomycota;Sordariomycetes;Hypocreales;Ophiocordycipitaceae;Ophiocordyceps;Ophiocordyceps_sobolifera	1.00	1
AB190380	Root;Ascomycota;Eurotiomycetes;Chaetothyriales;Chaetothyriaceae;Cyphellophora;Cyphellophora_eucalypti	1.00	1
EU199178	Root;Ascomycota;Sordariomycetes;Diaporthales;Gnomoniaceae;Plagiostoma;Plagiostoma_geranii	1.00	1
FJ769426	Root;Ascomycota;Saccharomycetes;Saccharomycetales;Trichomonascaceae;Trichomonascus;Trichomonascus_ciferrii	1.00	1
GQ500107	Unassigned	1.00	1
AB237824	Unassigned	1.00	1
EU014072	Unassigned	1.00	1
FJ605260	Root;Ascomycota;Dothideomycetes;Pleosporales;Phaeosphaeriaceae;Phaeosphaeria;Phaeosphaeria_avenaria_f._sp._triticae	1.00	1
AB257586	Unassigned	1.00	1
AJ302421	Root;Ascomycota;Sordariomycetes;Xylariales;Diatrypaceae;Diatrypella;Diatrypella_favacea	1.00	1
DQ097357	Unassigned	1.00	1
JF509174	Root;Ascomycota;Eurotiomycetes;Verrucariales;Verrucariaceae;Verrucaria;Verrucaria_sublobulata	1.00	1
DQ182505	Unassigned	1.00	1
DQ144619	Root;Basidiomycota;Agaricomycetes;Polyporales;Phanerochaetaceae;Ceraceomyces;Ceraceomyces_borealis	1.00	1
EF445991	Root;Ascomycota;Orbiliomycetes;Orbiliales;Orbiliaceae;Geniculifera;Geniculifera_cystosporia	1.00	1
HM436631	Unassigned	1.00	1
FJ464594	Unassigned	1.00	1
DQ144612	Unassigned	1.00	1
DQ144610	Unassigned	1.00	1
AY571031	Unassigned	1.00	1
AY745994	Unassigned	1.00	1
AF479670	Root;Basidiomycota;Agaricomycetes;Polyporales;Phanerochaetaceae;Australohydnum;Australohydnum_dregeanum	1.00	1
AY571036	Unassigned	1.00	1
AF192317	Root;Ascomycota;Sordariomycetes;Diaporthales;Valsaceae;Valsa;Valsa_brevispora	1.00	1
AF444320	Root;Basidiomycota;Tremellomycetes;Tremellales;Sirobasidiaceae;Sirobasidium;Sirobasidium_magnum	1.00	1
DQ328113	Root;Basidiomycota;Agaricomycetes;Agaricales;Cortinariaceae;Dermocybe_leptospermorum;Dermocybe_leptospermorum	1.00	1
GQ996574	Root;Ascomycota;Sordariomycetes;Sordariales;Chaetomiaceae;Corynascus;Corynascus_verrucosus	1.00	1
EF026120	Root;Ascomycota;Sordariomycetes;Xylariales;Xylariaceae;Xylaria;Xylaria_intracolorata	1.00	1
EU343869	Root;Ascomycota;Saccharomycetes;Saccharomycetales;Pichiaceae;Pichia;Pichia_nakazawae_var_nakazawae	1.00	1
EF026124	Root;Ascomycota;Sordariomycetes;Xylariales;Xylariaceae;Nemania;Nemania_illita	1.00	1
AY621003	Root;Ascomycota;Leotiomycetes;Helotiales;Dermateaceae;Cryptosporiopsis;Cryptosporiopsis_actinidiae	1.00	1
AF141157	Root;Ascomycota;Leotiomycetes;Helotiales;Dermateaceae;Cryptosporiopsis;Cryptosporiopsis_diversispora	1.00	1
AM419063	Root;Ascomycota;Sordariomycetes;Hypocreales;Nectriaceae;Nectria;Nectria_lugdunensis	1.00	1
DQ849302	Unassigned	1.00	1
FJ904669	Unassigned	1.00	1
EU552156	Unassigned	1.00	1
AB246766	Unassigned	1.00	1
GQ355959	Unassigned	1.00	1
GQ355958	Root;Basidiomycota;Agaricomycetes;Polyporales;Fomitopsidaceae;Postia;Oligoporus_balsameus	1.00	1
AF391038	Root;Basidiomycota;Agaricomycetes;Agaricales;Agaricaceae;Cystolepiota;Cystolepiota_bucknallii	1.00	1
FJ897712	Root;Ascomycota;Eurotiomycetes;Onygenales;Arthrodermataceae;Arthroderma;Arthroderma_benhamiae	1.00	1
EU266501	Unassigned	1.00	1
AF059285	Unassigned	1.00	1
DQ192175	Unassigned	1.00	1
EF394865	Root;Ascomycota;Dothideomycetes;Capnodiales;Mycosphaerellaceae;Septoria;Septoria_lycopicola	1.00	1
GQ981510	Unassigned	1.00	1
EF685093	Root;Basidiomycota;Agaricomycetes;Agaricales;Agaricaceae;Echinoderma;Lepiota_acutesquamosa	1.00	1
AF243398	Root;Ascomycota;Dothideomycetes;Botryosphaeriales;Botryosphaeriaceae;Phaeobotryon;Phaeobotryon_mamane	1.00	1
AF115760	Root;Ascomycota;Lecanoromycetes;Lecanorales;Parmeliaceae;Flavocetraria;Flavocetraria_cucullata	1.00	1
GQ981513	Unassigned	1.00	1
EU006541	Root;Ascomycota;Eurotiomycetes;Verrucariales;Verrucariaceae;Verrucaria;Verrucula_granulosaria	1.00	1
JN710575	Unassigned	1.00	1
AF383968	Root;Ascomycota;Dothideomycetes;Pleosporales;Lophiostomataceae;Lophiostoma;Lophiostoma_macrostomum	1.00	1
HM488760	Unassigned	1.00	1
EU846262	Unassigned	1.00	1
AY618666	Root;Basidiomycota;Agaricomycetes;Russulales;Stereaceae;Stereum;Stereum_sanguinolentum	1.00	1
GU324760	Unassigned	1.00	1
GU324761	Root;Ascomycota;Sordariomycetes;Xylariales;Xylariaceae;Nemania;Nemania_primolutea	1.00	1
GU222273	Root;Basidiomycota;Agaricomycetes;Agaricales;Cortinariaceae;Cortinarius;Cortinarius_alboroseus	1.00	1
GU324765	Unassigned	1.00	1
JF440974	Unassigned	1.00	1
DQ322097	Unassigned	1.00	1
HM208605	Unassigned	1.00	1
GU322433	Unassigned	1.00	1
JQ044421	Root;Ascomycota;Sordariomycetes;Xylariales;Amphisphaeriaceae;Phlogicylindrium;Phlogicylindrium_eucalypti	1.00	1
DQ200929	Unassigned	1.00	1
HM577230	Root;Ascomycota;Lecanoromycetes;Lecideales;Lecideaceae;Lecidea;Lecidea_pullata	1.00	1
AF483616	Unassigned	1.00	1
GU062297	Root;Ascomycota;Sordariomycetes;Diaporthales;Gnomoniaceae;Apiognomonia;Discula_quercina	1.00	1
JQ711898	Unassigned	1.00	1
GQ428317	Root;Ascomycota;Sordariomycetes;Xylariales;Xylariaceae;Annulohypoxylon;Annulohypoxylon	1.00	1
JQ711893	Root;Ascomycota;Sordariomycetes;Chaetosphaeriales;Chaetosphaeriaceae;Chloridium;Chloridium_paucisporum	1.00	1
AY174089	Unassigned	1.00	1
FJ411105	Root;Basidiomycota;Agaricomycetes;Polyporales;Ganodermataceae;Ganoderma;Ganoderma_resinaceum	1.00	1
GU184106	Unassigned	1.00	1
EU164801	Root;Ascomycota;Sordariomycetes;Hypocreales;Nectriaceae;Nectria;Nectria_mariannaeae	1.00	1
FJ479635	Root;Ascomycota;Eurotiomycetes;Verrucariales;Verrucariaceae;Verrucaria;Verrucaria_lecideoides	1.00	1
AY359887	Root;Ascomycota;Dothideomycetes;Pleosporales;Pleosporaceae;Nimbya;Nimbya_caricis	1.00	1
UDB003358	Unassigned	1.00	1
EU181455	Unassigned	1.00	1
EU784254	Unassigned	1.00	1
EU327195	Unassigned	1.00	1
EU833649	Root;Basidiomycota;Agaricomycetes;Agaricales;Lycoperdaceae;Bovista;Lycoperdon_pusillum	1.00	1
JF419893	Root;Ascomycota;Dothideomycetes;Pleosporales;Lindgomycetaceae;Lindgomyces_rotundatus;Lindgomyces_rotundatus	1.00	1
AJ237626	Unassigned	1.00	1
AF009815	Root;Ascomycota;Sordariomycetes;Xylariales;Amphisphaeriaceae;Truncatella;Truncatella_angustata	1.00	1
AF009816	Root;Ascomycota;Sordariomycetes;Xylariales;Amphisphaeriaceae;Discostroma;Discostroma_fuscellum	1.00	1
AF009811	Root;Ascomycota;Dothideomycetes;Pleosporales;Didymosphaeriaceae;Roussoella;Roussoella_hysterioides	1.00	1
EU819412	Root;Ascomycota;Leotiomycetes;Helotiales;Geoglossaceae;Microglossum;Microglossum_rufum	1.00	1
AF516601	Root;Basidiomycota;Agaricomycetes;Gloeophyllales;Gloeophyllaceae;Mycobonia;Mycobonia_flava	1.00	1
FJ827725	Unassigned	1.00	1
AF052558	Root;Basidiomycota;Agaricomycetes;Atheliales;Atheliaceae;Leptosporomyces;Leptosporomyces_raunkiaeri	1.00	1
HM536095	Root;Basidiomycota;Agaricomycetes;Polyporales;Polyporaceae;Neolentinus;Neolentinus_adhaerens	1.00	1
JF430078	Root;Basidiomycota;Agaricomycetes;Polyporales;Meripilaceae;Grifola;Grifola_sordulenta	1.00	1
HQ604750	Root;Basidiomycota;Agaricomycetes;Agaricales;Strophariaceae;Hypholoma;Hypholoma_myosotis	1.00	1
AF491557	Unassigned	1.00	1
AB022421	Unassigned	1.00	1
FJ906815	Unassigned	1.00	1
FJ884179	Root;Ascomycota;Eurotiomycetes;Eurotiales;Trichocomaceae;Penicillium;Penicillium_glabrum	1.00	1
GU067734	Root;Basidiomycota;Agaricomycetes;Polyporales;Polyporaceae;Pycnoporus;Pycnoporus_sanguineus	1.00	1
EU434855	Root;Ascomycota;Leotiomycetes;Helotiales;Vibrisseaceae;Phialocephala;Phialocephala_fortinii	1.00	1
HQ533010	Root;Basidiomycota;Agaricomycetes;Agaricales;Strophariaceae;Pholiota;Pholiota_populnea	1.00	1
GQ231749	Root;Ascomycota;Pezizomycetes;Pezizales;Pezizaceae;Tirmania;Tirmania_nivea	1.00	1
DQ836786	Unassigned	1.00	1
JN207313	Root;Ascomycota;Dothideomycetes;Pleosporales;Pleosporaceae;Curvularia;Curvularia_affinis	1.00	1
AF433147	Root;Ascomycota;Leotiomycetes;Rhytismatales;Cudoniaceae;Spathularia;Spathularia_flavida	1.00	1
AY212987	Root;Basidiomycota;Microbotryomycetes;Leucosporidiales;Leucosporidiaceae;Leucosporidiella;Leucosporidiella_fragaria	1.00	1
AY456376	Unassigned	1.00	1
DQ521585	Unassigned	1.00	1
EU272483	Root;Ascomycota;Dothideomycetes;Pleosporales;Venturiaceae;Rhizosphaera;Rhizosphaera_kobayashii	1.00	1
EF530926	Unassigned	1.00	1
GQ303268	Root;Ascomycota;Dothideomycetes;Capnodiales;Capnodiaceae;Polychaeton;Polychaeton_citri	1.00	1
DQ426537	Root;Ascomycota;Dothideomycetes;Pleosporales;Montagnulaceae;Paraconiothyrium;Paraconiothyrium_sporulosum	1.00	1
EU708338	Unassigned	1.00	1
EF411226	Root;Ascomycota;Sordariomycetes;Hypocreales;Clavicipitaceae;Beauveria;Beauveria_bassiana	1.00	1
EF411225	Root;Ascomycota;Sordariomycetes;Hypocreales;Clavicipitaceae;Cordyceps;Cordyceps_spegazzinii	1.00	1
DQ517417	Unassigned	1.00	1
FJ411082	Root;Basidiomycota;Agaricomycetes;Polyporales;Polyporaceae;Abundisporus;Abundisporus_violaceus	1.00	1
AY313953	Unassigned	1.00	1
EU118645	Root;Basidiomycota;Agaricomycetes;Polyporales;Phanerochaetaceae;Ceraceomyces;Ceraceomyces_borealis	1.00	1
DQ873635	Root;Basidiomycota;Agaricomycetes;Thelephorales;Thelephoraceae;Tomentella;Tomentella_radiosa	1.00	1
GU318390	Unassigned	1.00	1
AF325599	Root;Basidiomycota;Agaricomycetes;Agaricales;Cortinariaceae;Cortinarius;Cortinarius_paradoxus	1.00	1
AF539471	Unassigned	1.00	1
U21820	Root;Ascomycota;Leotiomycetes;Helotiales;Hyaloscyphaceae;Pseudaegerita;Pseudaegerita_viridis	1.00	1
FJ596760	Unassigned	1.00	1
FJ596763	Unassigned	1.00	1
U85317	Unassigned	1.00	1
AF410819	Root;Ascomycota;Lecanoromycetes;Lecanorales;Parmeliaceae;Bryoria;Bryoria_trichodes	1.00	1
AF357043	Root;Basidiomycota;Agaricomycetes;Agaricales;Lyophyllaceae;Lyophyllum;Lyophyllum_sykosporum	1.00	1
EF457901	Unassigned	1.00	1
AF387653	Root;Ascomycota;Pezizomycetes;Pezizales;Pyronemataceae;Geopora;Geopora_cooperi_f_cooperi	1.00	1
EU673327	Root;Ascomycota;Dothideomycetes;Botryosphaeriales;Botryosphaeriaceae;Botryosphaeria;Botryosphaeria_stevensii	1.00	1
JF908597	Unassigned	1.00	1
AJ878737	Unassigned	1.00	1
GQ253451	Unassigned	1.00	1
U89375	Root;Ascomycota;Sordariomycetes;Hypocreales;Clavicipitaceae;Atkinsonella;Atkinsonella_hypoxylon	1.00	1
AF506379	Root;Basidiomycota;Agaricomycetes;Agaricales;Strophariaceae;Pholiota;Pholiota_flammans	1.00	1
U57668	Root;Ascomycota;Sordariomycetes;Hypocreales;Ophiocordycipitaceae;Chaunopycnis;Chaunopycnis_pustulata	1.00	1
AF186015	Unassigned	1.00	1
FJ195752	Unassigned	1.00	1
FJ596917	Root;Basidiomycota;Agaricomycetes;Agaricales;Hygrophoraceae;Hygrocybe;Hygrocybe_ingrata	1.00	1
EF197088	Root;Ascomycota;Sordariomycetes;Sordariales;Lasiosphaeriaceae;Podospora;Podospora_longicaudata	1.00	1
JQ029765	Unassigned	1.00	1
DQ530224	Root;Ascomycota;Dothideomycetes;Capnodiales;Teratosphaeriaceae;Colletogloeopsis;Colletogloeopsis_dimorpha	1.00	1
AF394046	Unassigned	1.00	1
U66448	Root;Basidiomycota;Agaricomycetes;Agaricales;Tricholomataceae;Arrhenia;Arrhenia_acerosa	1.00	1
FJ478111	Root;Basidiomycota;Dacrymycetes;Dacrymycetales;Dacrymycetaceae;Dacryopinax;Dacryopinax_spathularia	1.00	1
AF138813	Unassigned	1.00	1
FJ150707	Unassigned	1.00	1
DQ137887	Unassigned	1.00	1
EU266107	Unassigned	1.00	1
GQ913372	Root;Basidiomycota;Agaricomycetes;Agaricales;Marasmiaceae;Xerula;Xerula_furfuracea	1.00	1
AJ537405	Root;Basidiomycota;Agaricomycetes;Polyporales;Ganodermataceae;Ganoderma;Ganoderma_cupreum	1.00	1
AF444634	Unassigned	1.00	1
JN943381	Root;Ascomycota;Sordariomycetes;Microascales;Halosphaeriaceae;Sigmoidea;Sigmoidea_marina	1.00	1
DQ394383	Root;Ascomycota;Lecanoromycetes;Lecanorales;Parmeliaceae;Melanelia;Melanelia_hepatizon	1.00	1
EF421110	Unassigned	1.00	1
GQ379719	Unassigned	1.00	1
AM292048	Root;Ascomycota;Sordariomycetes;Sordariales;Lasiosphaeriaceae;Podospora;Podospora_miniglutinans	1.00	1
AY367562	Root;Basidiomycota;Agaricomycetes;Agaricales;Tricholomataceae;Apterostigma_pilosum_cp1_fungal_symbiont_pv412;Apterostigma_pilosum_cp1_fungal_symbiont_pv412	1.00	1
AY795869	Unassigned	1.00	1
FJ481021	Root;Basidiomycota;Agaricomycetes;Corticiales;Australovuilleminia_coccinea;Australovuilleminia_coccinea;Australovuilleminia_coccinea	1.00	1
D84381	Unassigned	1.00	1
EU700364	Root;Ascomycota;Dothideomycetes;Capnodiales;Mycosphaerellaceae;Phaeoramularia;Phaeoramularia_saururi	1.00	1
JN009720	Root;Ascomycota;Lecanoromycetes;Lecanorales;Parmeliaceae;Melanelia;Melanelia_hepatizon	1.00	1
AF383956	Unassigned	1.00	1
FJ919668	Root;Ascomycota;Dothideomycetes;Botryosphaeriales;Botryosphaeriaceae;Diplodia;Diplodia_pseudoseriata	1.00	1
HQ650635	Root;Ascomycota;Lecanoromycetes;Baeomycetales;Baeomycetaceae;Baeomyces;Baeomyces_rufus	1.00	1
DQ144620	Root;Basidiomycota;Agaricomycetes;Polyporales;Phanerochaetaceae;Ceraceomyces;Ceraceomyces_borealis	1.00	1
FJ389946	Root;Ascomycota;Eurotiomycetes;Eurotiales;Trichocomaceae;Hamigera;Hamigera_insecticola	1.00	1
HQ650633	Unassigned	1.00	1
DQ257357	Root;Ascomycota;Leotiomycetes;Helotiales;Helotiaceae;Tricladium;Tricladium_angulatum	1.00	1
AB304155	Unassigned	1.00	1
AY571027	Root;Basidiomycota;Agaricomycetes;Agaricales;Marasmiaceae;Marasmius;Marasmius_cremeus	1.00	1
EU784438	Root;Basidiomycota;Agaricomycetes;Agaricales;Strophariaceae;Stropharia;Stropharia_semiglobata	1.00	1
JF692195	Root;Basidiomycota;Agaricomycetes;Polyporales;Polyporaceae;Grammothele;Grammothele_fuligo	1.00	1
FJ357314	Root;Ascomycota;Dothideomycetes;Pleosporales;Pleosporaceae;Ulocladium;Ulocladium_alternariae	1.00	1
AF506402	Root;Basidiomycota;Agaricomycetes;Russulales;Stereaceae;Laxitextum;Laxitextum_bicolor	1.00	1
EF600969	Root;Ascomycota;Sordariomycetes;Xylariales;Amphisphaeriaceae;Discostroma;Discostroma_fuscellum	1.00	1
AJ292415	Unassigned	1.00	1
DQ873592	Root;Basidiomycota;Agaricomycetes;Thelephorales;Thelephoraceae;Tomentella;Tomentella_radiosa	1.00	1
GU014817	Unassigned	1.00	1
AF485072	Unassigned	1.00	1
UDB001534	Root;Basidiomycota;Agaricomycetes;Gomphales;Gomphaceae;Ramariopsis;Ramariopsis_fusiformis	1.00	1
EF669990	Root;Ascomycota;Eurotiomycetes;Eurotiales;Trichocomaceae;Aspergillus;Aspergillus_clavatus	1.00	1
Z37071	Root;Basidiomycota;Agaricomycetes;Polyporales;Ganodermataceae;Ganoderma;Ganoderma_weberianum	1.00	1
UDB001486	Root;Basidiomycota;Agaricomycetes;Agaricales;Tricholomataceae;Leucopaxillus;Leucopaxillus_nauseosodulcis	1.00	1
FJ231440	Unassigned	1.00	1
EF585533	Root;Ascomycota;Dothideomycetes;Botryosphaeriales;Botryosphaeriaceae;Endomelanconiopsis;Endomelanconiopsis_microspora	1.00	1
JF821182	Unassigned	1.00	1
EF051727	Root;Ascomycota;Sordariomycetes;Hypocreales;Clavicipitaceae;Metarhizium;Metarhizium_anisopliae	1.00	1
GQ922520	Root;Ascomycota;Sordariomycetes;Sordariales;Lasiosphaeriaceae;Podospora;Podospora_setosa	1.00	1
GQ922522	Root;Ascomycota;Sordariomycetes;Sordariales;Lasiosphaeriaceae;Fimetariella;Fimetariella_rabenhorstii	1.00	1
AB524791	Root;Ascomycota;Dothideomycetes;Pleosporales;Tetraplosphaeriaceae;Quadricrura;Quadricrura_bicornis	1.00	1
U57407	Unassigned	1.00	1
AY781267	Unassigned	1.00	1
GQ981503	Unassigned	1.00	1
FJ435146	Unassigned	1.00	1
GQ913395	Root;Basidiomycota;Agaricomycetes;Agaricales;Physalacriaceae;Hymenopellis_orientalis;Hymenopellis_orientalis	1.00	1
EF512479	Root;Ascomycota;Sordariomycetes;Diaporthales;Gnomoniaceae;Apiognomonia;Discula_quercina	1.00	1
GQ465045	Unassigned	1.00	1
EF441995	Unassigned	1.00	1
EF026144	Root;Ascomycota;Sordariomycetes;Xylariales;Xylariaceae;Annulohypoxylon;Annulohypoxylon	1.00	1
AB454319	Root;Ascomycota;Dothideomycetes;Botryosphaeriales;Botryosphaeriaceae;Phyllosticta;Phyllosticta_cryptomeriae	1.00	1
JN710567	Unassigned	1.00	1
AF364843	Unassigned	1.00	1
AF444555	Root;Basidiomycota;Microbotryomycetes;Heterogastridiales;Heterogastridiaceae;Heterogastridium;Heterogastridium_pycnidioideum	1.00	1
HQ637300	Root;Ascomycota;Sordariomycetes;Xylariales;Amphisphaeriaceae;Sarcostroma;Sarcostroma_bisetulatum	1.00	1
AF038354	Root;Ascomycota;Eurotiomycetes;Onygenales;Ajellomycetaceae;Emmonsia;Emmonsia_pasteuriana	1.00	1
DQ534568	Unassigned	1.00	1
EU420068	Root;Basidiomycota;Agaricomycetes;Agaricales;Lepista_sordida/Armillaria_mellea_fusant;Lepista_sordida/Armillaria_mellea_fusant;Lepista_sordida/Armillaria_mellea_fusant	1.00	1
JF908018	Unassigned	1.00	1
AY230867	Unassigned	1.00	1
GQ241279	Root;Ascomycota;Dothideomycetes;Pleosporales;Pleosporaceae;Curvularia;Curvularia_oryzae	1.00	1
AF027763	Root;Ascomycota;Dothideomycetes;Dothideales;Dothioraceae;Kabatina;Kabatina_juniperi	1.00	1
EU118608	Root;Basidiomycota;Agaricomycetes;Russulales;Albatrellaceae;Albatrellus;Albatrellus_flettii	1.00	1
AF116177	Root;Ascomycota;Lecanoromycetes;Lecanorales;Parmeliaceae;Flavocetraria;Flavocetraria_cucullata	1.00	1
AB298704	Root;Ascomycota;Sordariomycetes;Ophiostomatales;Ophiostomataceae;Ceratocystiopsis;Ceratocystiopsis_collifera	1.00	1
AM774155	Root;Ascomycota;Sordariomycetes;Microascales;Microascaceae;Doratomyces;Doratomyces_verrucisporus	1.00	1
GU184114	Root;Ascomycota;Lecanoromycetes;Acarosporales;Acarosporaceae;Pleopsidium;Pleopsidium_chlorophanum	1.00	1
EU669331	Root;Basidiomycota;Agaricomycetes;Agaricales;Strophariaceae;Stropharia;Stropharia_coronilla	1.00	1
AY194526	Unassigned	1.00	1
EU047935	Root;Basidiomycota;Agaricomycetes;Agaricales;Marasmiaceae;Marasmius;Marasmius_leveilleanus	1.00	1
AF444483	Root;Basidiomycota;Tremellomycetes;Filobasidiales;Filobasidiaceae;Cryptococcus;Cryptococcus_podzolicus	1.00	1
EF577058	Root;Basidiomycota;Agaricomycetes;Polyporales;Hapalopilaceae;Spongipellis;Spongipellis_pachyodon	1.00	1
FJ462747	Root;Basidiomycota;Agaricomycetes;Polyporales;Polyporaceae;Polyporus;Polyporus_arcularius	1.00	1
GQ411521	Unassigned	1.00	1
FJ426395	Root;Basidiomycota;Agaricomycetes;Auriculariales;Auriculariaceae;Auricularia;Auricularia_polytricha	1.00	1
HQ888730	Unassigned	1.00	1
DQ149848	Root;Basidiomycota;Agaricomycetes;Agaricales;Hydnangiaceae;Hydnangium;Hydnangium_carneum	1.00	1
JF417488	Root;Ascomycota;Eurotiomycetes;Eurotiales;Thermoascaceae;Thermoascus;Thermoascus_crustaceus	1.00	1
JF770455	Root;Ascomycota;Dothideomycetes;Capnodiales;Mycosphaerellaceae;Cercospora;Cercospora_beticola	1.00	1
EU551205	Root;Ascomycota;Sordariomycetes;Sordariales;Sordariaceae;Sordaria;Sordaria_alcina	1.00	1
DQ784689	Root;Ascomycota;Dothideomycetes;Capnodiales;Teratosphaeriaceae;Hortaea;Hortaea_acidophila	1.00	1
FJ824769	Root;Ascomycota;Dothideomycetes;Botryosphaeriales;Botryosphaeriaceae;Botryosphaeria;Botryosphaeria_dothidea	1.00	1
FJ839620	Root;Ascomycota;Leotiomycetes;Helotiales;Hyaloscyphaceae;Incrucipulum;Incrucipulum_longispineum	1.00	1
AY916467	Root;Ascomycota;Dothideomycetes;Pleosporales;Tubeufiaceae;Chlamydotubeufia_khunkornensis;Chlamydotubeufia_khunkornensis	1.00	1
EU853479	Root;Ascomycota;Dothideomycetes;Capnodiales;Mycosphaerellaceae;Mycovellosiella;Mycovellosiella_passalorioides	1.00	1
EF194147	Unassigned	1.00	1
AY212990	Unassigned	1.00	1
GQ354271	Root;Basidiomycota;Agaricomycetes;Polyporales;Polyporaceae;Neolentinus;Neolentinus_adhaerens	1.00	1
HQ650607	Root;Ascomycota;Lecanoromycetes;Lecanorales;Parmeliaceae;Usnea;Usnea_patagonica	1.00	1
FJ940902	Root;Ascomycota;Sordariomycetes;Hypocreales;Nectriaceae;Haematonectria;Fusarium_solani	1.00	1
EU497950	Root;Ascomycota;Eurotiomycetes;Eurotiales;Trichocomaceae;Penicillium;Penicillium_islandicum	1.00	1
AF203472	Root;Ascomycota;Leotiomycetes;Rhytismatales;Rhytismataceae;Tryblidiopsis;Tryblidiopsis_pinastri	1.00	1
EU030360	Root;Ascomycota;Eurotiomycetes;Eurotiales;Trichocomaceae;Penicillium;Penicillium_spinulosum	1.00	1
AY452499	Unassigned	1.00	1
HM244759	Unassigned	1.00	1
JQ347275	Root;Ascomycota;Sordariomycetes;Hypocreales;Nectriaceae;Calonectria;Calonectria_asiatica	1.00	1
AB065429	Root;Ascomycota;Sordariomycetes;Hypocreales;Clavicipitaceae;Pochonia;Pochonia_suchlasporia	1.00	1
AB488487	Root;Ascomycota;Dothideomycetes;Capnodiales;Mycosphaerellaceae;Cladosporium;Cladosporium_musae	1.00	1
AY999116	Root;Ascomycota;Sordariomycetes;Sordariales;Lasiosphaeriaceae;Podospora;Podospora_glutinans	1.00	1
FJ411095	Root;Basidiomycota;Agaricomycetes;Polyporales;Polyporaceae;Perenniporia;Perenniporia_fraxinea	1.00	1
EU477860	Unassigned	1.00	1
HM997129	Root;Ascomycota;Dothideomycetes;Pleosporales;Pleosporaceae;Alternaria;Alternaria_longissima	1.00	1
GU222301	Root;Basidiomycota;Agaricomycetes;Boletales;Boletaceae;Leccinum;Leccinum_talamancae	1.00	1
JN003222	Unassigned	1.00	1
GU187524	Unassigned	1.00	1
AJ421007	Unassigned	1.00	1
AF228650	Unassigned	1.00	1
DQ486698	Unassigned	1.00	1
AY292453	Root;Basidiomycota;Pucciniomycetes;Pachnocybales;Pachnocybaceae;Pachnocybe;Pachnocybe_ferruginea	1.00	1
EU557365	Unassigned	1.00	1
HQ650699	Unassigned	1.00	1
AF422977	Root;Ascomycota;Sordariomycetes;Hypocreales;Nectriaceae;Septofusidium;Septofusidium_herbarum	1.00	1
AF422979	Unassigned	1.00	1
AF178423	Root;Ascomycota;Sordariomycetes;Hypocreales;Nectriaceae;Nectria;Nectria_lugdunensis	1.00	1
EU118663	Unassigned	1.00	1
EF532830	Root;Basidiomycota;Tremellomycetes;Filobasidiales;Filobasidiaceae;Cryptococcus;Cryptococcus_silvicola	1.00	1
AF272907	Root;Basidiomycota;Agaricomycetes;Thelephorales;Thelephoraceae;Tomentella;Tomentella	1.00	1
U66011	Root;Ascomycota;Pezizomycetes;Pezizales;Sarcoscyphaceae;Phillipsia;Phillipsia_chinensis	1.00	1
U66016	Root;Ascomycota;Pezizomycetes;Pezizales;Sarcoscyphaceae;Phillipsia;Phillipsia_carnicolor	1.00	1
AF444408	Unassigned	1.00	1
JF681958	Unassigned	1.00	1
EU427035	Unassigned	1.00	1
AF068922	Root;Basidiomycota;Agaricomycetes;Polyporales;Fomitopsidaceae;Fomitopsis;Fomitopsis_pinicola	1.00	1
EF080868	Unassigned	1.00	1
EU834287	Unassigned	1.00	1
GQ856143	Unassigned	1.00	1
AB036894	Root;Basidiomycota;Agaricomycetes;Agaricales;Tricholomataceae;Melanoleuca;Melanoleuca_subsejuncta	1.00	1
DQ836182	Root;Ascomycota;Sordariomycetes;Hypocreales;Clavicipitaceae;Metarhizium;Metarhizium_flavoviride	1.00	1
EU825953	Unassigned	1.00	1
DQ490640	Unassigned	1.00	1
AY621777	Root;Basidiomycota;Agaricomycetes;Russulales;Albatrellaceae;Scutiger;Albatrellus_pes-caprae	1.00	1
JN943949	Root;Basidiomycota;Agaricomycetes;Agaricales;Bolbitiaceae;Naucoria;Naucoria_escharoides	1.00	1
DQ875346	Unassigned	1.00	1
DQ875345	Root;Basidiomycota;Ustilaginomycetes;Ustilaginales;Ustilaginaceae;Schizonella;Schizonella_isolepidis	1.00	1
DQ875342	Unassigned	1.00	1
FJ416301	Root;Ascomycota;Sordariomycetes;Xylariales;Xylariaceae;Xylaria;Xylaria_venosula	1.00	1
EU553494	Unassigned	1.00	1
AF126877	Root;Basidiomycota;Agaricomycetes;Polyporales;Steccherinaceae;Junghuhnia;Junghuhnia_luteoalba	1.00	1
DQ534474	Root;Ascomycota;Lecanoromycetes;Baeomycetales;Baeomycetaceae;Baeomyces;Baeomyces_rufus	1.00	1
AB300502	Unassigned	1.00	1
AJ419913	Unassigned	1.00	1
AJ289626	Unassigned	1.00	1
AB254189	Root;Ascomycota;Leotiomycetes;Helotiales;Sclerotiniaceae;Sclerotinia;Sclerotinia_sclerotiorum	1.00	1
EU266115	Root;Ascomycota;Lecanoromycetes;Lecanorales;Cladoniaceae;Cladonia;Cladonia_chlorophaea	1.00	1
EU118665	Root;Basidiomycota;Agaricomycetes;Polyporales;Phanerochaetaceae;Phanerochaete;Phanerochaete_rimosa	1.00	1
FJ887922	Unassigned	1.00	1
AY838271	Root;Basidiomycota;Agaricomycetes;Atheliales;Atheliaceae;Atheliaceae;Atheliaceae	1.00	1
HQ897817	Root;Ascomycota;Sordariomycetes;Hypocreales;Clavicipitaceae;Cordyceps;Cordyceps_tuberculata	1.00	1
EU573703	Root;Ascomycota;Sordariomycetes;Sordariales;Lasiosphaeriaceae;Podospora;Podospora_ampullacea	1.00	1
AY558743	Unassigned	1.00	1
AF309610	Root;Ascomycota;Dothideomycetes;Capnodiales;Mycosphaerellaceae;Cercospora;Cercospora_cryptomeriicola	1.00	1
EF212837	Root;Ascomycota;Sordariomycetes;Diaporthales;Valsaceae;Sillia;Sillia_ferruginea	1.00	1
EF029226	Unassigned	1.00	1
FJ481040	Unassigned	1.00	1
EU863218	Unassigned	1.00	1
EU266078	Root;Ascomycota;Lecanoromycetes;Lecanorales;Ramalinaceae;Ramalina;Ramalina_lacera	1.00	1
FJ481045	Root;Basidiomycota;Agaricomycetes;Agaricales;Marasmiaceae;Anthracophyllum;Anthracophyllum_lateritium	1.00	1
HQ441573	Unassigned	1.00	1
AJ133433	Unassigned	1.00	1
GQ303293	Root;Ascomycota;Dothideomycetes;Dothideales;Dothioraceae;Sydowia;Sydowia_eucalypti	1.00	1
AF352318	Unassigned	1.00	1
AY317137	Root;Basidiomycota;Agaricomycetes;Agaricales;Marasmiaceae;Marasmius;Marasmius_purpureobrunneolus	1.00	1
AB516668	Root;Ascomycota;Leotiomycetes;Helotiales;Sclerotiniaceae;Sclerotinia;Sclerotinia_sclerotiorum	1.00	1
DQ073396	Unassigned	1.00	1
JF908711	Root;Ascomycota;Leotiomycetes;Helotiales;Sclerotiniaceae;Sclerotinia;Sclerotinia_sclerotiorum	1.00	1
EU784185	Unassigned	1.00	1
HM191746	Unassigned	1.00	1
AM292858	Unassigned	1.00	1
JF894109	Root;Basidiomycota;Agaricomycetes;Polyporales;Ganodermataceae;Ganoderma;Ganoderma_lucidum	1.00	1
FJ708934	Unassigned	1.00	1
AJ586573	Unassigned	1.00	1
AB294737	Root;Ascomycota;Sordariomycetes;Ophiostomatales;Ophiostomataceae;Ceratocystiopsis;Ceratocystiopsis_collifera	1.00	1
EF174448	Root;Basidiomycota;Agaricomycetes;Agaricales;Marasmiaceae;Oudemansiella;Oudemansiella_canarii	1.00	1
AB105353	Root;Basidiomycota;Tremellomycetes;Filobasidiales;Filobasidiaceae;Cryptococcus;Cryptococcus_curvatus	1.00	1
EU697272	Root;Basidiomycota;Agaricomycetes;Boletales;Boletaceae;Boletus;Boletus_calopus	1.00	1
DQ917653	Unassigned	1.00	1
EF158023	Root;Ascomycota;Sordariomycetes;Hypocreales;Nectriaceae;Haematonectria;Fusarium_solani	1.00	1
U56041	Root;Basidiomycota;Agaricomycetes;Agaricales;Cortinariaceae;Cortinarius;Cortinarius_idahoensis	1.00	1
EU707822	Root;Ascomycota;Lecanoromycetes;Lecanorales;Parmeliaceae;Cavernularia;Cavernularia_lophyrea	1.00	1
FJ478136	Root;Ascomycota;Sordariomycetes;Hypocreales;Nectriaceae;Haematonectria;Fusarium_solani	1.00	1
GQ981490	Root;Basidiomycota;Agaricomycetes;Boletales;Boletaceae;Boletus;Xerocomus_badius	1.00	1
JN712502	Root;Ascomycota;Dothideomycetes;Capnodiales;Teratosphaeriaceae;Teratosphaeriaceae;Teratosphaeriaceae	1.00	1
DQ661031	Root;Basidiomycota;Tremellomycetes;Cystofilobasidiales;Cystofilobasidiaceae;Phaffia;Phaffia_rhodozyma	1.00	1
FJ496660	Unassigned	1.00	1
AY755347	Unassigned	1.00	1
JN165019	Root;Basidiomycota;Agaricomycetes;Polyporales;Meripilaceae;Grifola;Grifola_sordulenta	1.00	1
DQ887774	Root;Ascomycota;Dothideomycetes;Pleosporales;Venturiaceae;Fusicladium;Fusicladium_eriobotryae	1.00	1
EF190282	Unassigned	1.00	1
AB481285	Root;Ascomycota;Leotiomycetes;Helotiales;Hyaloscyphaceae;Solenopezia;Solenopezia_solenia	1.00	1
