GQ241289	Root;Ascomycota;Sordariomycetes;Calosphaeriales;Pleurostomataceae;Pleurostomophora;Pleurostomophora_repens	1.00	1
AB301606	Root;Basidiomycota;Agaricomycetes;Agaricales;Lyophyllaceae;Lyophyllum;Lyophyllum_sykosporum	1.00	1
AJ716305	Root;Basidiomycota;Agaricomycetes;Cantharellales;Ceratobasidiaceae;Ceratobasidium;Ceratobasidium_noxium	1.00	1
JN009708	Root;Ascomycota;Lecanoromycetes;Lecanorales;Ramalinaceae;Tephromela;Tephromela_armeniaca	1.00	1
AM882939	Unassigned	1.00	1
FJ010207	Root;Basidiomycota;Agaricomycetes;Polyporales;Phanerochaetaceae;Phanerochaete;Phanerochaete_chrysosporium	1.00	1
AF090875	Unassigned	1.00	1
GU968423	Root;Ascomycota;Sordariomycetes;Hypocreales;Nectriaceae;Nectria;Nectria_rigidiuscula	1.00	1
AF284447	Root;Ascomycota;Lecanoromycetes;Umbilicariales;Umbilicariaceae;Lasallia;Lasallia_pennsylvanica	1.00	1
AY313293	Unassigned	1.00	1
HM005141	Root;Basidiomycota;Agaricomycetes;Agaricales;Physalacriaceae;Paraxerula_hongoi;Paraxerula_hongoi	1.00	1
GQ355335	Root;Ascomycota;Dothideomycetes;Capnodiales;Mycosphaerellaceae;Mycosphaerella;Mycosphaerella_tumulosa	1.00	1
DQ497616	Root;Ascomycota;Taphrinomycetes;Taphrinales;Taphrinaceae;Lalaria;Lalaria_veronirambellii	1.00	1
AY854082	Unassigned	1.00	1
HM060327	Unassigned	1.00	1
EU819439	Unassigned	1.00	1
AF546077	Unassigned	1.00	1
GQ913359	Root;Basidiomycota;Agaricomycetes;Agaricales;Physalacriaceae;Hymenopellis_colensoi;Hymenopellis_colensoi	1.00	1
GQ981508	Unassigned	1.00	1
FJ645261	Root;Ascomycota;Eurotiomycetes;Verrucariales;Verrucariaceae;Verrucaria;Verrucaria_marmorea	1.00	1
HQ604773	Unassigned	1.00	1
DQ911605	Root;Basidiomycota;Agaricomycetes;Polyporales;Polyporaceae;Oligoporus;Postia_sericeomollis	1.00	1
EF989122	Unassigned	1.00	1
JF263466	Unassigned	1.00	1
AJ292464	Root;Ascomycota;Sordariomycetes;Hypocreales;Cordycipitaceae;Lecanicillium;Lecanicillium_araneicola	1.00	1
AF129853	Root;Ascomycota;Eurotiomycetes;Onygenales;Gymnoascaceae;Gymnoascus;Gymnoascus_armeniacus	1.00	1
AY603496	Root;Ascomycota;Sordariomycetes;Xylariales;Xylariaceae;Anthostomella;Anthostomella_proteae	1.00	1
FJ839634	Root;Ascomycota;Dothideomycetes;Capnodiales;Mycosphaerellaceae;Verrucisporota_proteacearum;Verrucisporota_proteacearum	1.00	1
DQ974733	Unassigned	1.00	1
FJ010336	Root;Ascomycota;Dothideomycetes;Myriangiales;Elsinoaceae;Sphaceloma;Sphaceloma_freyliniae	1.00	1
DQ846890	Unassigned	1.00	1
AF042422	Root;Basidiomycota;Tremellomycetes;Filobasidiales;Filobasidiaceae;Cryptococcus;Cryptococcus_laurentii	1.00	1
HQ533037	Unassigned	1.00	1
EU557359	Root;Ascomycota;Sordariomycetes;Microascales;Halosphaeriaceae;Corollospora;Corollospora_angusta	1.00	1
FJ483845	Unassigned	1.00	1
GQ981500	Root;Basidiomycota;Agaricomycetes;Hysterangiales;Phallogastraceae;Protubera;Protubera_canescens	1.00	1
AY447025	Unassigned	1.00	1
FJ871064	Root;Ascomycota;Lecanoromycetes;Lecanorales;Ramalinaceae;Ramalina;Ramalina_sinensis	1.00	1
AF284388	Root;Ascomycota;Dothideomycetes;Capnodiales;Mycosphaerellaceae;Mycosphaerella;Mycosphaerella_berberidis	1.00	1
AF506466	Root;Basidiomycota;Agaricomycetes;Russulales;Lachnocladiaceae;Asterostroma;Asterostroma_cervicolor	1.00	1
EU552152	Unassigned	1.00	1
EU030177	Root;Basidiomycota;Agaricomycetes;Polyporales;Polyporaceae;Megasporoporia;Megasporoporia_cavernulosa	1.00	1
GU234149	Unassigned	1.00	1
JN182863	Root;Basidiomycota;Agaricomycetes;Cantharellales;Ceratobasidiaceae;Thanatephorus;Thanatephorus_cucumeris	1.00	1
DQ241471	Root;Basidiomycota;Agaricomycetes;Agaricales;Agaricaceae;Leucoagaricus;Leucoagaricus_gongylophorus	1.00	1
JF419894	Unassigned	1.00	1
EU041814	Unassigned	1.00	1
EF568065	Unassigned	1.00	1
AY130309	Unassigned	1.00	1
EU343817	Unassigned	1.00	1
AY943974	Unassigned	1.00	1
EU938675	Root;Ascomycota;Leotiomycetes;Helotiales;Helotiaceae;Rhizoscyphus;Rhizoscyphus_ericae	1.00	1
DQ144618	Root;Basidiomycota;Agaricomycetes;Polyporales;Steccherinaceae;Steccherinum;Steccherinum_robustius	1.00	1
AF141637	Root;Basidiomycota;Agaricomycetes;Russulales;Gloeocystidiellaceae;Gloeocystidiellum;Gloeocystidiellum_formosanum	1.00	1
GU187508	Unassigned	1.00	1
GU214627	Root;Ascomycota;Dothideomycetes;Capnodiales;Teratosphaeriaceae;Teratosphaeria;Teratosphaeria_jonkershoekensis	1.00	1
GU994546	Root;Ascomycota;Lecanoromycetes;Teloschistales;Teloschistaceae;Xanthoria;Xanthoria_stenophylla	1.00	1
AY569028	Unassigned	1.00	1
EF026118	Root;Ascomycota;Sordariomycetes;Xylariales;Xylariaceae;Xylaria;Xylaria_phyllocharis	1.00	1
FJ266490	Root;Ascomycota;Dothideomycetes;Pleosporales;Pleosporaceae;Alternaria;Alternaria_simsimi	1.00	1
EU118620	Root;Basidiomycota;Agaricomycetes;Russulales;Echinodontiaceae;Echinodontium;Echinodontium_tinctorium	1.00	1
U57493	Root;Ascomycota;Leotiomycetes;Helotiales;Phacidiaceae;Allantophomopsis;Allantophomopsis_lycopodina	1.00	1
AF274086	Unassigned	1.00	1
DQ849319	Root;Ascomycota;Lecanoromycetes;Teloschistales;Physciaceae;Amandinea;Rinodina_cacuminum	1.00	1
EF373565	Root;Ascomycota;Lecanoromycetes;Lecanorales;Parmeliaceae;Tuckermannopsis;Tuckermannopsis_americana	1.00	1
U57494	Root;Ascomycota;Leotiomycetes;Helotiales;Dermateaceae;Dermea;Dermea_prunastri	1.00	1
EF121861	Root;Ascomycota;Sordariomycetes;Hypocreales;Nectriaceae;Nectria;Cosmospora_episphaeria	1.00	1
DQ681328	Root;Ascomycota;Eurotiomycetes;Eurotiales;Trichocomaceae;Paecilomyces;Paecilomyces_cateniannulatus	1.00	1
AY445662	Root;Ascomycota;Eurotiomycetes;Onygenales;Ajellomycetaceae;Ajellomyces;Ajellomyces_dermatitidis	1.00	1
EF010926	Unassigned	1.00	1
UDB011365	Root;Basidiomycota;Agaricomycetes;Russulales;Russulaceae;Gymnomyces;Gymnomyces_monticola	1.00	1
AJ305236	Unassigned	1.00	1
HM992502	Unassigned	1.00	1
AY387657	Unassigned	1.00	1
AF357062	Root;Basidiomycota;Agaricomycetes;Agaricales;Cortinariaceae;Cortinarius;Cortinarius_caninus	1.00	1
EF026147	Root;Ascomycota;Sordariomycetes;Diaporthales;Schizoparmaceae;Pilidiella;Pilidiella_eucalyptorum	1.00	1
U66009	Unassigned	1.00	1
GQ981488	Root;Basidiomycota;Agaricomycetes;Agaricales;Lycoperdaceae;Vascellum;Vascellum_pratense	1.00	1
AF444530	Root;Basidiomycota;Microbotryomycetes;Leucosporidiales;Leucosporidiaceae;Leucosporidium;Leucosporidium_golubevii	1.00	1
EU982643	Unassigned	1.00	1
GQ888697	Root;Ascomycota;Pezizomycetes;Pezizales;Pezizaceae;Peziza;Peziza_badia	1.00	1
EU707900	Root;Ascomycota;Dothideomycetes;Capnodiales;Mycosphaerellaceae;Phaeothecoidea;Phaeothecoidea_proteae	1.00	1
DQ322080	Root;Ascomycota;Sordariomycetes;Xylariales;Xylariaceae;Biscogniauxia;Biscogniauxia_atropunctata	1.00	1
AF201713	Root;Ascomycota;Sordariomycetes;Xylariales;Xylariaceae;Anthostomella;Anthostomella_proteae	1.00	1
GQ141550	Root;Basidiomycota;Agaricomycetes;Agaricales;Agaricaceae;Lepiota;Lepiota_cristata	1.00	1
GU322447	Root;Ascomycota;Sordariomycetes;Xylariales;Xylariaceae;Xylaria;Xylaria_ianthinovelutina	1.00	1
JN865205	Root;Ascomycota;Dothideomycetes;Pleosporales;Tubeufiaceae;Acanthostigma;Acanthostigma_scopulum	1.00	1
FJ900601	Root;Ascomycota;Dothideomycetes;Botryosphaeriales;Botryosphaeriaceae;Botryosphaeria;Lasiodiplodia_theobromae	1.00	1
FJ664875	Unassigned	1.00	1
AY789408	Root;Ascomycota;Leotiomycetes;Helotiales;Rutstroemiaceae;Lambertella;Lambertella_pruni	1.00	1
AY789363	Unassigned	1.00	1
HM107422	Root;Ascomycota;Dothideomycetes;Capnodiales;Mycosphaerellaceae;Mycosphaerella;Mycosphaerella_pinodes	1.00	1
EU263920	Unassigned	1.00	1
AJ302460	Root;Ascomycota;Sordariomycetes;Xylariales;Diatrypaceae;Diatrype;Diatrype_oregonensis	1.00	1
DQ875353	Root;Basidiomycota;Ustilaginomycetes;Ustilaginales;Ustilaginaceae;Schizonella;Schizonella_melanogramma	1.00	1
DQ875355	Root;Basidiomycota;Ustilaginomycetes;Urocystidales;Urocystidaceae;Melanustilospora;Melanustilospora_ari	1.00	1
EF114691	Root;Ascomycota;Orbiliomycetes;Orbiliales;Orbiliaceae;Helicoon_fuscosporum;Helicoon_fuscosporum	1.00	1
EU520134	Root;Basidiomycota;Agaricomycetes;Agaricales;Coprinaceae;Coprinus;Coprinus_silvaticus	1.00	1
AF395309	Root;Basidiomycota;Tremellomycetes;Tremellales;Exidiaceae;Sebacina;Sebacina_calcea	1.00	1
AB274813	Root;Ascomycota;Sordariomycetes;Xylariales;Xylariaceae;Xylaria;Xylaria_cornu_damae	1.00	1
GU300085	Root;Ascomycota;Sordariomycetes;Xylariales;Xylariaceae;Xylaria;Xylaria_venosula	1.00	1
DQ534463	Root;Ascomycota;Lecanoromycetes;Lecanorales;Cladoniaceae;Gymnoderma;Gymnoderma_coccocarpum	1.00	1
EU784261	Root;Basidiomycota;Agaricomycetes;Russulales;Hericiaceae;Hericium;Hericium_coralloides	1.00	1
DQ534467	Unassigned	1.00	1
DQ389663	Root;Basidiomycota;Agaricomycetes;Russulales;Albatrellaceae;Albatrellus;Albatrellus_pes_caprae	1.00	1
AF472626	Root;Basidiomycota;Tremellomycetes;Filobasidiales;Filobasidiaceae;Cryptococcus;Cryptococcus_anemochorus	1.00	1
U57089	Root;Ascomycota;Leotiomycetes;Helotiales;Helotiaceae;Tricladium;Tricladium_angulatum	1.00	1
AY789285	Root;Ascomycota;Leotiomycetes;Helotiales;Helotiaceae;Neocudoniella;Neocudoniella_radicella	1.00	1
FJ654654	Root;Ascomycota;Leotiomycetes;Helotiales;Dermateaceae;Cryptosporiopsis;Cryptosporiopsis_actinidiae	1.00	1
AF009805	Root;Ascomycota;Sordariomycetes;Xylariales;Amphisphaeriaceae;Bartalinia;Bartalinia_robillardoides	1.00	1
AJ748260	Root;Ascomycota;Leotiomycetes;Helotiales;Helotiaceae;Tricladium;Tricladium_angulatum	1.00	1
AF079673	Root;Basidiomycota;Agaricomycetes;Agaricales;Agaricaceae;Cyphomyrmex_longiscapus_symbiont_S36;Cyphomyrmex_longiscapus_symbiont_S36	1.00	1
HQ650710	Unassigned	1.00	1
UDB008299	Root;Basidiomycota;Agaricomycetes;Atheliales;Atheliaceae;Amphinema;Amphinema	1.00	1
AF117353	Root;Ascomycota;Pezizomycetes;Pezizales;Sarcoscyphaceae;Nanoscypha;Nanoscypha_striatispora	1.00	1
FJ827713	Unassigned	1.00	1
U51967	Unassigned	1.00	1
AB329690	Root;Ascomycota;Leotiomycetes;Erysiphales;Erysiphaceae;Golovinomyces;Golovinomyces_orontii	1.00	1
EU837210	Unassigned	1.00	1
GU479307	Root;Basidiomycota;Agaricomycetes;Agaricales;Bolbitiaceae;Hebeloma;Hebeloma_crustuliniforme	1.00	1
AF432179	Root;Ascomycota;Sordariomycetes;Xylariales;Xylariaceae;Xylaria;Xylaria_ianthinovelutina	1.00	1
AF484694	Unassigned	1.00	1
AY571054	Unassigned	1.00	1
U56036	Root;Basidiomycota;Agaricomycetes;Agaricales;Cortinariaceae;Cortinarius;Dermocybe_sanguinea	1.00	1
JN673050	Root;Ascomycota;Sordariomycetes;Sordariales;Lasiosphaeriaceae;Cercophora;Cercophora_sulphurella	1.00	1
EU266086	Root;Ascomycota;Lecanoromycetes;Teloschistales;Physciaceae;Heterodermia;Heterodermia_isidiophora	1.00	1
EU118647	Root;Basidiomycota;Homobasidiomycetes;Corticiales;Corticiaceae;Gloeopeniophorella;Gloeopeniophorella_convolvens	1.00	1
FJ754318	Unassigned	1.00	1
UDB011613	Unassigned	1.00	1
AY372676	Root;Ascomycota;Dothideomycetes;Pleosporales;Pleosporaceae;Alternaria;Alternaria_dauci	1.00	1
AY571058	Unassigned	1.00	1
GU222286	Root;Basidiomycota;Agaricomycetes;Agaricales;Cortinariaceae;Cortinarius;Cortinarius_alienatus	1.00	1
AB554112	Root;Ascomycota;Pezizomycetes;Pezizales;Sarcosomataceae;Strumella;Strumella_griseola	1.00	1
AJ229076	Unassigned	1.00	1
AF227513	Root;Ascomycota;Lecanoromycetes;Lecanorales;Parmeliaceae;Arctocetraria;Arctocetraria_nigricascens	1.00	1
AF352321	Unassigned	1.00	1
GQ890325	Root;Basidiomycota;Agaricomycetes;Agaricales;Cortinariaceae;Cortinarius;Cortinarius_acutovelatus	1.00	1
AY347389	Root;Ascomycota;Leotiomycetes;Helotiales;Vibrisseaceae;Acephala;Acephala_applanata	1.00	1
U04203	Root;Ascomycota;Dothideomycetes;Pleosporales;Corynesporascaceae;Corynespora;Corynespora_olivacea	1.00	1
EF561640	Root;Basidiomycota;Pucciniomycetes;Pucciniales;Phakopsoraceae;Phakopsora;Phakopsora_pachyrhizi	1.00	1
EU551192	Root;Ascomycota;Sordariomycetes;Hypocreales;Nectriaceae;Nectria;Nectria_lugdunensis	1.00	1
GU594161	Unassigned	1.00	1
JF737031	Root;Ascomycota;Leotiomycetes;Helotiales;Sclerotiniaceae;Mitrula;Mitrula_elegans	1.00	1
U92307	Root;Ascomycota;Leotiomycetes;Helotiales;Helotiaceae;Hymenoscyphus;Hymenoscyphus_tamaricis	1.00	1
U92306	Root;Ascomycota;Leotiomycetes;Rhytismatales;Rhytismataceae;Lirula;Lirula_macrospora	1.00	1
AB524812	Root;Ascomycota;Dothideomycetes;Pleosporales;Tetraplosphaeriaceae;Quadricrura;Quadricrura_bicornis	1.00	1
AY886544	Root;Ascomycota;Leotiomycetes;Helotiales;Dermateaceae;Cryptosporiopsis;Cryptosporiopsis_actinidiae	1.00	1
FM206478	Unassigned	1.00	1
AF482845	Root;Basidiomycota;Agaricomycetes;Agaricales;Agaricaceae;Chlorophyllum;Chlorophyllum_agaricoides	1.00	1
EF121859	Root;Ascomycota;Sordariomycetes;Hypocreales;Nectriaceae;Mariannaea;Mariannaea_elegans	1.00	1
EF155499	Root;Basidiomycota;Agaricomycetes;Polyporales;Polyporaceae;Trametes;Trametes_elegans	1.00	1
EU715604	Root;Ascomycota;Sordariomycetes;Sordariales;Chaetomiaceae;Chaetomium;Chaetomium_luteum	1.00	1
AY725469	Root;Ascomycota;Sordariomycetes;Calosphaeriales;Pleurostomataceae;Pleurostomophora;Pleurostomophora_repens	1.00	1
DQ323922	Root;Basidiomycota;Pucciniomycetes;Pucciniales;Pucciniaceae;Uromyces;Uromyces_striatus	1.00	1
EU287816	Unassigned	1.00	1
AF410474	Root;Basidiomycota;Tremellomycetes;Filobasidiales;Filobasidiaceae;Cryptococcus;Cryptococcus_curvatus	1.00	1
DQ888741	Root;Ascomycota;Sordariomycetes;Hypocreales;Hypocreaceae;Hypocrea;Hypocrea_viridescens	1.00	1
EU266083	Root;Ascomycota;Lecanoromycetes;Lecanorales;Parmeliaceae;Karoowia;Karoowia_perspersa	1.00	1
EU673336	Root;Ascomycota;Dothideomycetes;Botryosphaeriales;Botryosphaeriaceae;Neodeightonia;Neodeightonia_phoenicum	1.00	1
GQ340443	Unassigned	1.00	1
DQ885897	Root;Ascomycota;Dothideomycetes;Pleosporales;Montagnulaceae;Paraconiothyrium;Paraconiothyrium_cyclothyrioides	1.00	1
DQ873655	Unassigned	1.00	1
JN009716	Root;Ascomycota;Lecanoromycetes;Lecanorales;Parmeliaceae;Melanelia;Melanelia_hepatizon	1.00	1
EU784176	Unassigned	1.00	1
FJ596791	Root;Basidiomycota;Agaricomycetes;Agaricales;Clavariaceae;Clavulinopsis;Clavulinopsis_helvola	1.00	1
U57991	Root;Ascomycota;Leotiomycetes;Helotiales;Hyaloscyphaceae;Trichopeziza;Trichopeziza_mollissima	1.00	1
U57990	Root;Ascomycota;Leotiomycetes;Helotiales;Hyaloscyphaceae;Lachnellula;Lachnellula_pulverulenta	1.00	1
FJ798603	Root;Ascomycota;Dothideomycetes;Pleosporales;Montagnulaceae;Paraconiothyrium;Paraconiothyrium_cyclothyrioides	1.00	1
AF444461	Root;Basidiomycota;Tremellomycetes;Tremellales;Cuniculitremaceae;Kockovaella;Kockovaella_schimae	1.00	1
AB509921	Unassigned	1.00	1
AY364089	Unassigned	1.00	1
AB481234	Root;Ascomycota;Leotiomycetes;Helotiales;Hyaloscyphaceae;Lachnellula;Lachnellula_suecica	1.00	1
AY513570	Root;Basidiomycota;Agaricomycetes;Polyporales;Polyporaceae;Pseudofavolus;Pseudofavolus_cucullatus	1.00	1
AJ006682	Root;Basidiomycota;Agaricomycetes;Polyporales;Boreostereaceae;Veluticeps;Veluticeps_fimbriata	1.00	1
GU233321	Root;Basidiomycota;Agaricomycetes;Agaricales;Cortinariaceae;Dermocybe_austronanceiensis;Dermocybe_austronanceiensis	1.00	1
EU035401	Unassigned	1.00	1
FJ871105	Root;Ascomycota;Lecanoromycetes;Lecanorales;Ramalinaceae;Ramalina;Ramalina_complanata	1.00	1
DQ923538	Root;Ascomycota;Sordariomycetes;Xylariales;Amphisphaeriaceae;Seiridium;Seiridium_ceratosporum	1.00	1
U57351	Root;Basidiomycota;Pucciniomycetes;Pucciniales;Pucciniaceae;Uromyces;Uromyces_scutellatus	1.00	1
U66450	Unassigned	1.00	1
JN710549	Root;Basidiomycota;Agaricomycetes;Polyporales;Steccherinaceae;Antrodiella;Antrodiella_semisupina	1.00	1
AY129346	Root;Basidiomycota;Agaricomycetes;Agaricales;Cortinariaceae;Gymnopilus;Gymnopilus_junonius	1.00	1
AF043512	Unassigned	1.00	1
AY789077	Root;Basidiomycota;Agaricostilbomycetes;Agaricostilbales;Agaricostilbaceae;Sterigmatomyces;Sterigmatomyces_elviae	1.00	1
GQ154594	Unassigned	1.00	1
AY571048	Unassigned	1.00	1
UDB011376	Unassigned	1.00	1
AF003989	Root;Ascomycota;Sordariomycetes;Hypocreales;Clavicipitaceae;Balansia;Balansia_claviceps	1.00	1
FJ839606	Unassigned	1.00	1
EF183540	Root;Basidiomycota;Agaricomycetes;Boletales;Boletaceae;Boletus;Xerocomus_chrysenteron	1.00	1
EU254860	Root;Ascomycota;Sordariomycetes;Diaporthales;Gnomoniaceae;Plagiostoma;Plagiostoma_geranii	1.00	1
DQ516524	Unassigned	1.00	1
EF639862	Root;Ascomycota;Sordariomycetes;Microascales;Microascaceae;Graphium;Graphium_indicum	1.00	1
AF444593	Root;Basidiomycota;Microbotryomycetes;Microbotryales;Microbotryaceae;Liroa;Liroa_emodensis	1.00	1
AF319423	Root;Basidiomycota;Agaricomycetes;Agaricales;Amanitaceae;Amanita;Amanita_taiepa	1.00	1
EU249469	Root;Ascomycota;Eurotiomycetes;Verrucariales;Verrucariaceae;Verrucaria;Verrucaria_anziana	1.00	1
DQ631943	Unassigned	1.00	1
AF222849	Root;Ascomycota;Dothideomycetes;Capnodiales;Mycosphaerellaceae;Pseudocercospora;Pseudocercospora_cornicola	1.00	1
EU784376	Root;Basidiomycota;Agaricomycetes;Geastrales;Geastraceae;Geastrum;Geastrum_fimbriatum	1.00	1
DQ097355	Unassigned	1.00	1
EU551211	Unassigned	1.00	1
HQ650625	Unassigned	1.00	1
EF445992	Unassigned	1.00	1
AF072224	Root;Ascomycota;Lecanoromycetes;Lecanorales;Parmeliaceae;Tuckermanella;Tuckermanella_fendleri	1.00	1
AY219389	Root;Basidiomycota;Agaricomycetes;Polyporales;Meruliaceae;Phlebia;Phlebia_unica	1.00	1
HM016895	Unassigned	1.00	1
GU187533	Unassigned	1.00	1
AF226661	Root;Ascomycota;Lecanoromycetes;Lecanorales;Parmeliaceae;Cetraria;Cetraria_islandica	1.00	1
GU980122	Root;Basidiomycota;Agaricomycetes;Agaricales;Physalacriaceae;Ponticulomyces_orientalis;Ponticulomyces_orientalis	1.00	1
EF667965	Root;Basidiomycota;Ustilaginomycetes;Urocystidales;Urocystidaceae;Melanustilospora;Melanustilospora_ari	1.00	1
AY909004	Root;Ascomycota;Sordariomycetes;Xylariales;Xylariaceae;Xylaria;Xylaria_enteroleuca	1.00	1
GQ996575	Root;Ascomycota;Sordariomycetes;Sordariales;Sordariaceae;Gelasinospora;Gelasinospora_reticulata	1.00	1
GQ927289	Unassigned	1.00	1
AY527406	Unassigned	1.00	1
DQ354557	Root;Basidiomycota;Pucciniomycetes;Pucciniales;Pucciniaceae;Gymnosporangium;Gymnosporangium_clavipes	1.00	1
EF634420	Root;Ascomycota;Eurotiomycetes;Eurotiales;Trichocomaceae;Eupenicillium;Eupenicillium_brefeldianum	1.00	1
FJ869341	Root;Basidiomycota;Agaricomycetes;Russulales;Auriscalpiaceae;Artomyces;Artomyces_cristatus	1.00	1
AY534118	Root;Basidiomycota;Agaricomycetes;Agaricales;Physalacriaceae;Mucidula;Mucidula_mucida_var_asiatica	1.00	1
AY534119	Root;Basidiomycota;Agaricomycetes;Agaricales;Physalacriaceae;Ponticulomyces_orientalis;Ponticulomyces_orientalis	1.00	1
EF029241	Unassigned	1.00	1
DQ873601	Unassigned	1.00	1
AF297745	Root;Ascomycota;Lecanoromycetes;Lecanorales;Parmeliaceae;Nodobryoria;Nodobryoria_abbreviata	1.00	1
FJ168599	Root;Basidiomycota;Agaricomycetes;Agaricales;Hydnangiaceae;Laccaria;Laccaria_glabripes	1.00	1
EU681363	Unassigned	1.00	1
EU118639	Unassigned	1.00	1
EF535663	Root;Ascomycota;Dothideomycetes;Capnodiales;Mycosphaerellaceae;Mycosphaerella;Mycosphaerella_berberidis	1.00	1
AF079715	Root;Basidiomycota;Agaricomycetes;Agaricales;Agaricaceae;Cyphomyrmex_longiscapus_symbiont_S36;Cyphomyrmex_longiscapus_symbiont_S36	1.00	1
EU669214	Unassigned	1.00	1
AF454576	Unassigned	1.00	1
AJ244244	Root;Ascomycota;Dothideomycetes;Dothideales;Dothideaceae;Dothidea;Dothidea_hippophaeos	1.00	1
JN899400	Root;Ascomycota;Eurotiomycetes;Eurotiales;Trichocomaceae;Talaromyces;Talaromyces_purpureus	1.00	1
GU248327	Root;Basidiomycota;Agaricomycetes;Agaricales;Pleurotaceae;Pleurotus;Pleurotus_ostreatus	1.00	1
JN161161	Unassigned	1.00	1
DQ536499	Unassigned	1.00	1
GU594152	Unassigned	1.00	1
AY046159	Unassigned	1.00	1
DQ243803	Root;Ascomycota;Sordariomycetes;Diaporthales;Valsaceae;Cytospora;Cytospora_terebinthi	1.00	1
AY176453	Unassigned	1.00	1
AF301420	Unassigned	1.00	1
HQ287329	Unassigned	1.00	1
AF438599	Root;Basidiomycota;Agaricomycetes;Agaricales;Entolomataceae;Entoloma;Entoloma_sinuatum	1.00	1
FM163194	Unassigned	1.00	1
AF335457	Unassigned	1.00	1
JF440977	Root;Ascomycota;Sordariomycetes;Xylariales;Amphisphaeriaceae;Phlogicylindrium;Phlogicylindrium_eucalypti	1.00	1
EU402586	Unassigned	1.00	1
DQ200924	Unassigned	1.00	1
EU402583	Unassigned	1.00	1
JN049866	Root;Ascomycota;Sordariomycetes;Hypocreales;Bionectriaceae;Hydropisphaera;Hydropisphaera_bambusicola	1.00	1
FJ598616	Unassigned	1.00	1
JF300129	Unassigned	1.00	1
GU384881	Root;Ascomycota;Lecanoromycetes;Lecanorales;Parmeliaceae;Melanelia;Melanelia_tominii	1.00	1
EU010258	Root;Ascomycota;Eurotiomycetes;Verrucariales;Verrucariaceae;Verrucaria;Verrucaria_funckii	1.00	1
FJ624258	Root;Ascomycota;Dothideomycetes;Pleosporales;Sporormiaceae;Pycnidiophora;Pycnidiophora_aurantiaca	1.00	1
HM626661	Root;Ascomycota;Sordariomycetes;Hypocreales;Nectriaceae;Gibberella;Fusarium_lateritium	1.00	1
AF396864	Root;Ascomycota;Pezizomycetes;Pezizales;Pezizaceae;Ulurua_nonparaphysata;Ulurua_nonparaphysata	1.00	1
EF595847	Root;Basidiomycota;Agaricomycetes;Agaricales;Flammulina_velutipes/Pleurotus_ostreatus_fusant;Flammulina_velutipes/Pleurotus_ostreatus_fusant;Flammulina_velutipes/Pleurotus_ostreatus_fusant	1.00	1
GU291277	Unassigned	1.00	1
GU291276	Root;Basidiomycota;Microbotryomycetes;Heterogastridiales;Heterogastridiaceae;Hyalopycnis;Hyalopycnis_blepharistoma	1.00	1
AY004807	Root;Ascomycota;Dothideomycetes;Pleosporales;Pleosporaceae;Pyrenophora;Drechslera_dictyoides	1.00	1
AF444494	Root;Basidiomycota;Agaricostilbomycetes;Agaricostilbales;Chionosphaeraceae;Stilbum;Stilbum_vulgare	1.00	1
FJ596889	Unassigned	1.00	1
EU075542	Root;Ascomycota;Lecanoromycetes;Lecanorales;Lecanoraceae;Pyrrhospora;Pyrrhospora_petraeoides	1.00	1
JQ408227	Root;Basidiomycota;Agaricomycetes;Gomphales;Gomphaceae;Ramaria;Ramaria_myceliosa	1.00	1
EU034667	Root;Ascomycota;Lecanoromycetes;Lecanorales;Parmeliaceae;Melanelia;Melanelia_tominii	1.00	1
HQ661383	Unassigned	1.00	1
AY583329	Unassigned	1.00	1
FN423704	Root;Glomeromycota;Glomeromycetes;Diversisporales;Gigasporaceae;Racocetra;Racocetra_fulgida	1.00	1
AJ307021	Root;Ascomycota;Dothideomycetes;Capnodiales;Mycosphaerellaceae;Mycosphaerella;Mycosphaerella_elongata	1.00	1
EU819413	Root;Basidiomycota;Agaricomycetes;Agaricales;Tricholomataceae;Tricholoma;Tricholoma_scalpturatum	1.00	1
HM215520	Unassigned	1.00	1
AF009812	Root;Ascomycota;Dothideomycetes;Pleosporales;Didymosphaeriaceae;Cytoplea;Cytoplea_hysterioides	1.00	1
HQ650705	Unassigned	1.00	1
GQ231733	Unassigned	1.00	1
GQ140240	Unassigned	1.00	1
FJ752738	Root;Ascomycota;Dothideomycetes;Botryosphaeriales;Botryosphaeriaceae;Botryosphaeria;Neofusicoccum_australe	1.00	1
DQ104734	Unassigned	1.00	1
GU391420	Unassigned	1.00	1
UDB000985	Unassigned	1.00	1
GQ389623	Root;Basidiomycota;Agaricomycetes;Boletales;Melanogastraceae;Melanogaster;Melanogaster_intermedius	1.00	1
L78297	Root;Ascomycota;Sordariomycetes;Hypocreales;Clavicipitaceae;Epichloe;Epichloe_festucae	1.00	1
AF444670	Root;Basidiomycota;Tremellomycetes;Filobasidiales;Filobasidiaceae;Cryptococcus;Cryptococcus_cellulolyticus	1.00	1
DQ865101	Root;Ascomycota;Dothideomycetes;Pleosporales;Pleosporaceae;Alternaria;Alternaria_mimicula	1.00	1
AY854067	Unassigned	1.00	1
AF309613	Root;Ascomycota;Dothideomycetes;Capnodiales;Mycosphaerellaceae;Passalora;Passalora_loranthi	1.00	1
GU966521	Root;Ascomycota;Sordariomycetes;Sordariales;Lasiosphaeriaceae;Strattonia;Strattonia_insignis	1.00	1
EF029205	Root;Ascomycota;Dothideomycetes;Pleosporales;Venturiaceae;Venturia;Venturia_tremulae	1.00	1
AF274079	Unassigned	1.00	1
HQ533011	Unassigned	1.00	1
EU266090	Root;Ascomycota;Lecanoromycetes;Lecanorales;Parmeliaceae;Bryoria;Bryoria_trichodes	1.00	1
U56046	Root;Basidiomycota;Agaricomycetes;Agaricales;Cortinariaceae;Cortinarius;Cortinarius_sanguineus	1.00	1
EF447370	Root;Ascomycota;Sordariomycetes;Diaporthales;Valsaceae;Cytospora;Cytospora_terebinthi	1.00	1
U56044	Root;Basidiomycota;Agaricomycetes;Agaricales;Cortinariaceae;Cortinarius;Cortinarius_semisanguineus	1.00	1
GQ231742	Root;Ascomycota;Pezizomycetes;Pezizales;Pezizaceae;Ulurua_nonparaphysata;Ulurua_nonparaphysata	1.00	1
DQ491515	Root;Ascomycota;Dothideomycetes;Capnodiales;Capnodiaceae;Polychaeton;Polychaeton_citri	1.00	1
JN849459	Root;Basidiomycota;Microbotryomycetes;Microbotryales;Ustilentylomataceae;Bauerago;Bauerago_vuyckii	1.00	1
EU552137	Unassigned	1.00	1
AY729939	Root;Ascomycota;Leotiomycetes;Leotiales;Leotiaceae;Alatospora;Alatospora_acuminata	1.00	1
Z81436	Root;Ascomycota;Leotiomycetes;Helotiales;Sclerotiniaceae;Botryotinia;Botryotinia_calthae	1.00	1
AF517903	Root;Ascomycota;Lecanoromycetes;Lecanorales;Stereocaulaceae;Lepraria;Lepraria_pacifica	1.00	1
EU885304	Unassigned	1.00	1
FM955446	Root;Ascomycota;Sordariomycetes;Sordariales;Chaetomiaceae;Chaetomium;Chaetomium_globosum	1.00	1
FJ770400	Unassigned	1.00	1
EF591927	Unassigned	1.00	1
FJ639141	Unassigned	1.00	1
EU255033	Root;Ascomycota;Sordariomycetes;Diaporthales;Valsaceae;Diplodina;Diplodina_acerina	1.00	1
FJ608588	Root;Basidiomycota;Agaricomycetes;Polyporales;Fomitopsidaceae;Piptoporus;Piptoporus_betulinus	1.00	1
EU144054	Root;Ascomycota;Dothideomycetes;Botryosphaeriales;Botryosphaeriaceae;Botryosphaeria;Botryosphaeria_viticola	1.00	1
AY367590	Root;Basidiomycota;Agaricomycetes;Agaricales;Tricholomataceae;Apterostigma_pilosum_cp1_fungal_symbiont_g32;Apterostigma_pilosum_cp1_fungal_symbiont_g32	1.00	1
EU913701	Unassigned	1.00	1
EU715633	Unassigned	1.00	1
FJ770392	Unassigned	1.00	1
AF038321	Root;Ascomycota;Eurotiomycetes;Onygenales;Ajellomycetaceae;Ajellomyces;Ajellomyces_dermatitidis	1.00	1
UDB000448	Root;Basidiomycota;Agaricomycetes;Boletales;Boletaceae;Boletus;Boletus_chrysenteron	1.00	1
DQ200923	Root;Basidiomycota;Agaricomycetes;Russulales;Stereaceae;Stereum;Stereum_hirsutum	1.00	1
AJ390377	Unassigned	1.00	1
JN235947	Root;Basidiomycota;Agaricomycetes;Russulales;Russulaceae;Lactarius;Lactarius_olympianus	1.00	1
AF079725	Root;Basidiomycota;Agaricomycetes;Agaricales;Agaricaceae;Cyphomyrmex_longiscapus_symbiont_S36;Cyphomyrmex_longiscapus_symbiont_S36	1.00	1
FJ869184	Unassigned	1.00	1
AF079721	Root;Basidiomycota;Agaricomycetes;Agaricales;Agaricaceae;Cyphomyrmex_costatus_symbiont_S92;Cyphomyrmex_costatus_symbiont_S92	1.00	1
EU041780	Root;Ascomycota;Dothideomycetes;Capnodiales;Mycosphaerellaceae;Mycosphaerella;Mycosphaerella_irregulari	1.00	1
AF079682	Unassigned	1.00	1
AF079684	Unassigned	1.00	1
DQ273854	Root;Ascomycota;Lecanoromycetes;Lecanorales;Parmeliaceae;Melanelia;Melanelia_tominii	1.00	1
AF141194	Root;Ascomycota;Leotiomycetes;Helotiales;Dermateaceae;Cryptosporiopsis;Cryptosporiopsis_radicicola	1.00	1
AB252471	Unassigned	1.00	1
DQ873647	Unassigned	1.00	1
GQ340430	Root;Ascomycota;Saccharomycetes;Saccharomycetales;Saccharomycetaceae;Debaryomyces;Debaryomyces_hansenii	1.00	1
DQ904246	Root;Basidiomycota;Tremellomycetes;Cystofilobasidiales;Cystofilobasidiaceae;Xanthophyllomyces;Xanthophyllomyces_dendrorhous	1.00	1
AF506441	Root;Basidiomycota;Agaricomycetes;Agaricales;Strophariaceae;Stropharia;Stropharia_semiglobata	1.00	1
EU069498	Unassigned	1.00	1
FJ596788	Root;Basidiomycota;Agaricomycetes;Phallales;Ramariaceae;Kavinia;Kavinia_alboviridis	1.00	1
AF097755	Unassigned	1.00	1
DQ318208	Root;Ascomycota;Sordariomycetes;Microascales;Microascaceae;Cephalotrichum;Doratomyces_microsporus	1.00	1
GQ249887	Unassigned	1.00	1
DQ980019	Root;Ascomycota;Lecanoromycetes;Lecanorales;Parmeliaceae;Nephromopsis;Nephromopsis_pallescens	1.00	1
EF197080	Unassigned	1.00	1
GU222323	Root;Basidiomycota;Agaricomycetes;Russulales;Stereaceae;Boidinia;Boidinia_furfuracea	1.00	1
EF432245	Root;Ascomycota;Dothideomycetes;Pleosporales;Pleosporaceae;Chalastospora;Chalastospora_gossypii	1.00	1
DQ191249	Unassigned	1.00	1
FJ426985	Root;Ascomycota;Dothideomycetes;Pleosporales;Leptosphaeriaceae;Leptosphaeria;Leptosphaeria_microscopica	1.00	1
EU879155	Root;Ascomycota;Sordariomycetes;Ophiostomatales;Ophiostomataceae;Grosmannia;Grosmannia_huntii	1.00	1
GU222329	Unassigned	1.00	1
U66444	Unassigned	1.00	1
EU526001	Unassigned	1.00	1
EU266100	Root;Ascomycota;Lecanoromycetes;Teloschistales;Physciaceae;Rinodina;Rinodina_alba	1.00	1
EU266103	Root;Ascomycota;Lecanoromycetes;Lecanorales;Parmeliaceae;Melanelia;Melanelia_sorediella	1.00	1
GQ913370	Root;Basidiomycota;Agaricomycetes;Agaricales;Physalacriaceae;Hymenopellis_orientalis;Hymenopellis_orientalis	1.00	1
EU697242	Unassigned	1.00	1
FJ172292	Unassigned	1.00	1
DQ394386	Root;Ascomycota;Lecanoromycetes;Lecanorales;Parmeliaceae;Tuckermannopsis;Tuckermannopsis_americana	1.00	1
AF195603	Root;Basidiomycota;Agaricomycetes;Russulales;Bondarzewiaceae;Gloeodontia;Gloeodontia_pyramidata	1.00	1
EU623638	Root;Basidiomycota;Agaricomycetes;Agaricales;Marasmiaceae;Clitocybula;Clitocybula_aff_lacerata_GRSM77072	1.00	1
JN194154	Root;Glomeromycota;Glomeromycetes;Glomerales;Glomeraceae;Glomus;Glomus_mosseae	1.00	1
GU246248	Unassigned	1.00	1
GU138756	Root;Ascomycota;Leotiomycetes;Rhytismatales;Rhytismataceae;Coccomyces;Coccomyces_dentatus	1.00	1
EF535657	Root;Ascomycota;Dothideomycetes;Pleosporales;Phaeosphaeriaceae;Eudarluca;Eudarluca_caricis	1.00	1
DQ534480	Root;Ascomycota;Lecanoromycetes;Lecanorales;Parmeliaceae;Bryoria;Bryoria_trichodes	1.00	1
FR668015	Root;Ascomycota;Sordariomycetes;Hypocreales;Clavicipitaceae;Cordyceps;Cordyceps_cylindrica	1.00	1
DQ867113	Unassigned	1.00	1
AF383953	Unassigned	1.00	1
AY789410	Unassigned	1.00	1
AF250801	Unassigned	1.00	1
AF310102	Root;Basidiomycota;Agaricomycetes;Polyporales;Polyporaceae;Daedaleopsis;Daedaleopsis_flavida	1.00	1
AF332117	Root;Ascomycota;Lecanoromycetes;Lecideales;Lecideaceae;Lecidea;Lecidea_confluens	1.00	1
AY929324	Root;Ascomycota;Sordariomycetes;Xylariales;Amphisphaeriaceae;Truncatella;Truncatella_helichrysi	1.00	1
U33070	Unassigned	1.00	1
FJ357319	Root;Ascomycota;Dothideomycetes;Pleosporales;Pleosporaceae;Brachycladium;Brachycladium_papaveris	1.00	1
GU187528	Root;Basidiomycota;Agaricomycetes;Atheliales;Atheliaceae;Piloderma;Piloderma_lanatum	1.00	1
AY571028	Unassigned	1.00	1
FJ375254	Unassigned	1.00	1
EU199187	Root;Ascomycota;Sordariomycetes;Diaporthales;Gnomoniaceae;Plagiostoma;Plagiostoma_rhododendri	1.00	1
DQ873660	Unassigned	1.00	1
FJ481051	Root;Ascomycota;Sordariomycetes;Hypocreales;Nectriaceae;Mariannaea;Mariannaea_elegans	1.00	1
AF128440	Root;Ascomycota;Leotiomycetes;Helotiales;Hyaloscyphaceae;Incrucipulum;Incrucipulum_radiatum	1.00	1
AF289074	Unassigned	1.00	1
EF512465	Root;Ascomycota;Sordariomycetes;Diaporthales;Valsaceae;Ophiognomonia;Ophiognomonia_clavigignenti_juglandacearum	1.00	1
AB214899	Unassigned	1.00	1
AB361033	Root;Ascomycota;Sordariomycetes;Microascales;Halosphaeriaceae;Corollospora;Corollospora_anglusa	1.00	1
AF141367	Root;Ascomycota;Lecanoromycetes;Lecanorales;Parmeliaceae;Hypogymnia;Hypogymnia_duplicata	1.00	1
GQ165705	Unassigned	1.00	1
HQ650642	Unassigned	1.00	1
EU339370	Root;Ascomycota;Sordariomycetes;Xylariales;Xylariaceae;Xylaria;Xylaria_curta	1.00	1
U57405	Root;Ascomycota;Sordariomycetes;Hypocreales;Clavicipitaceae;Balansia;Balansia_pilulaeformis	1.00	1
AF540514	Unassigned	1.00	1
AY353257	Unassigned	1.00	1
GQ981502	Unassigned	1.00	1
HM583842	Root;Basidiomycota;Agaricomycetes;Polyporales;Polyporaceae;Oligoporus;Postia_sericeomollis	1.00	1
EU681281	Unassigned	1.00	1
GQ376103	Root;Ascomycota;Dothideomycetes;Pleosporales;Pleosporaceae;Chalastospora;Chalastospora_gossypii	1.00	1
EU681286	Root;Ascomycota;Lecanoromycetes;Teloschistales;Teloschistaceae;Caloplaca;Caloplaca_juniperina	1.00	1
JN712455	Root;Ascomycota;Dothideomycetes;Pleosporales;Leptosphaeriaceae;Peyronellaea;Peyronellaea_glomerata	1.00	1
EF535688	Root;Ascomycota;Dothideomycetes;Pleosporales;Phaeosphaeriaceae;Eudarluca;Eudarluca_caricis	1.00	1
EU006532	Root;Ascomycota;Eurotiomycetes;Verrucariales;Verrucariaceae;Verrucula;Verrucula_helvetica	1.00	1
AF444418	Root;Basidiomycota;Tremellomycetes;Cystofilobasidiales;Cystofilobasidiaceae;Mrakia;Mrakia_robertii	1.00	1
FJ596891	Root;Basidiomycota;Agaricomycetes;Agaricales;Marasmiaceae;Omphalotus;Omphalotus_japonicus	1.00	1
EU652349	Unassigned	1.00	1
AF116180	Root;Ascomycota;Lecanoromycetes;Lecanorales;Parmeliaceae;Nephromopsis;Nephromopsis_komarovii	1.00	1
GQ411511	Root;Basidiomycota;Agaricomycetes;Polyporales;Meruliaceae;Phlebia;Phlebia_livida	1.00	1
FN985101	Unassigned	1.00	1
AJ419225	Root;Basidiomycota;Agaricomycetes;Agaricales;Stephanosporaceae;Stephanospora;Stephanospora_caroticolor	1.00	1
JF300135	Unassigned	1.00	1
EF409766	Root;Basidiomycota;Agaricomycetes;Agaricales;Pleurotaceae;Hohenbuehelia;Hohenbuehelia_sp._RGT_010810/02	1.00	1
FJ969801	Unassigned	1.00	1
GQ241277	Root;Ascomycota;Dothideomycetes;Botryosphaeriales;Botryosphaeriaceae;Macrophomina;Macrophomina_phaseolina	1.00	1
AF291274	Root;Basidiomycota;Tremellomycetes;Tremellales;Exidiaceae;Sebacina;Sebacina_calcea	1.00	1
GQ241278	Root;Ascomycota;Dothideomycetes;Capnodiales;Mycosphaerellaceae;Mycosphaerella;Ascochyta_pinodes	1.00	1
AF454086	Unassigned	1.00	1
EU118606	Root;Basidiomycota;Agaricomycetes;Russulales;Stereaceae;Boidinia;Boidinia_propinqua	1.00	1
DQ135999	Root;Ascomycota;Sordariomycetes;Hypocreales;Niessliaceae;Melanopsamma;Melanopsamma_pomiformis	1.00	1
FJ914680	Root;Ascomycota;Sordariomycetes;Microascales;Microascaceae;Cephalotrichum;Doratomyces_microsporus	1.00	1
AY367606	Root;Basidiomycota;Agaricomycetes;Agaricales;Tricholomataceae;Apterostigma_manni_fungal_symbiont_s86;Apterostigma_manni_fungal_symbiont_s86	1.00	1
AB067724	Root;Basidiomycota;Agaricomycetes;Agaricales;Lycoperdaceae;Lycoperdon;Lycoperdon_ericaeum	1.00	1
EF190271	Unassigned	1.00	1
EF190273	Unassigned	1.00	1
AB361654	Root;Ascomycota;Eurotiomycetes;Onygenales;Onygenaceae;Amauroascus;Amauroascus_mutatus	1.00	1
AY124095	Root;Ascomycota;Lecanoromycetes;Peltigerales;Lobariaceae;Dendriscocaulon;Dendriscocaulon_dendroides	1.00	1
AF335455	Unassigned	1.00	1
EU517510	Unassigned	1.00	1
FJ948133	Root;Ascomycota;Sordariomycetes;Hypocreales;Nectriaceae;Nectria;Nectria_haematococca	1.00	1
DQ826736	Root;Ascomycota;Eurotiomycetes;Verrucariales;Verrucariaceae;Verrucaria;Verrucaria_andesiatica	1.00	1
UDB011125	Unassigned	1.00	1
JN819278	Unassigned	1.00	1
GU233363	Unassigned	1.00	1
AY558598	Root;Basidiomycota;Agaricomycetes;Hymenochaetales;Hymenochaetaceae;Hymenochaete;Hymenochaete_corrugata	1.00	1
EU833654	Root;Basidiomycota;Agaricomycetes;Agaricales;Agaricaceae;Arachnion;Arachnion_album	1.00	1
EU833653	Root;Basidiomycota;Agaricomycetes;Agaricales;Agaricaceae;Holocotylon;Holocotylon_brandegeeanum	1.00	1
AF325667	Unassigned	1.00	1
FJ827732	Unassigned	1.00	1
EF447406	Root;Ascomycota;Sordariomycetes;Diaporthales;Valsaceae;Cytospora;Cytospora_atrocirrhata	1.00	1
AY558791	Root;Basidiomycota;Agaricomycetes;Russulales;Albatrellaceae;Leucophleps;Leucophleps_spinispora	1.00	1
AY558793	Unassigned	1.00	1
AF444664	Unassigned	1.00	1
AF166504	Unassigned	1.00	1
GU553328	Root;Ascomycota;Sordariomycetes;Coniochaetales;Coniochaetaceae;Lecythophora;Phialophora_lignicola	1.00	1
EU669386	Unassigned	1.00	1
AF506449	Root;Basidiomycota;Agaricomycetes;Russulales;Auriscalpiaceae;Artomyces;Artomyces_pyxidatus	1.00	1
JN942174	Unassigned	1.00	1
FJ441028	Root;Basidiomycota;Agaricomycetes;Agaricales;Lycoperdaceae;Lycoperdon;Lycoperdon_molle	1.00	1
X78754	Root;Basidiomycota;Agaricomycetes;Polyporales;Polyporaceae;Abundisporus;Abundisporus_sclerosetosus	1.00	1
GU219471	Root;Ascomycota;Sordariomycetes;Hypocreales;Bionectriaceae;Nectriopsis;Nectriopsis_exigua	1.00	1
AB453031	Unassigned	1.00	1
EF494044	Unassigned	1.00	1
DQ974688	Unassigned	1.00	1
DQ482007	Root;Basidiomycota;Agaricomycetes;Thelephorales;Thelephoraceae;Thelephora;Thelephora_sublilacina	1.00	1
AF433152	Root;Ascomycota;Leotiomycetes;Rhytismatales;Cudoniaceae;Cudonia;Cudonia_sichuanensis	1.00	1
HQ650601	Unassigned	1.00	1
AM749919	Root;Ascomycota;Sordariomycetes;Xylariales;Xylariaceae;Daldinia;Daldinia_petriniae	1.00	1
HM051080	Unassigned	1.00	1
FJ946484	Root;Ascomycota;Sordariomycetes;Microascales;Microascaceae;Graphium;Graphium_dubautiae	1.00	1
GQ411522	Unassigned	1.00	1
UDB000691	Root;Basidiomycota;Agaricomycetes;Russulales;Albatrellaceae;Leucophleps;Leucophleps_spinispora	1.00	1
GQ397996	Root;Basidiomycota;Agaricomycetes;Agaricales;Entolomataceae;Entoloma;Entoloma_chalybaeum_var_lazulinum	1.00	1
EF530937	Root;Basidiomycota;Agaricomycetes;Agaricales;Entolomataceae;Entoloma;Entoloma_turci	1.00	1
EU041821	Root;Ascomycota;Dothideomycetes;Capnodiales;Mycosphaerellaceae;Pseudocercospora;Pseudocercospora_nogalesii	1.00	1
GQ280665	Root;Ascomycota;Sordariomycetes;Hypocreales;Nectriaceae;Cylindrocladium;Cylindrocladium_hawksworthii	1.00	1
DQ525490	Root;Ascomycota;Lecanoromycetes;Acarosporales;Acarosporaceae;Acarospora;Acarospora_fulvoviridula	1.00	1
GQ303277	Root;Ascomycota;Dothideomycetes;Capnodiales;Capnodiaceae;Polychaeton;Polychaeton_citri	1.00	1
AB104725	Unassigned	1.00	1
AY604526	Root;Ascomycota;Dothideomycetes;Dothideales;Dothioraceae;Kabatina;Kabatina_juniperi	1.00	1
AB378667	Root;Ascomycota;Sordariomycetes;Hypocreales;Ophiocordycipitaceae;Hirsutella;Hirsutella_rhossiliensis	1.00	1
AY367583	Root;Basidiomycota;Agaricomycetes;Agaricales;Tricholomataceae;Apterostigma_pilosum_cp1_fungal_symbiont_g32;Apterostigma_pilosum_cp1_fungal_symbiont_g32	1.00	1
EU918698	Root;Basidiomycota;Agaricomycetes;Agaricales;Amanitaceae;Amanita;Amanita_tenuifolia	1.00	1
GU214634	Root;Ascomycota;Dothideomycetes;Capnodiales;Teratosphaeriaceae;Teratosphaeria;Teratosphaeria_knoxdaviesii	1.00	1
JQ723149	Unassigned	1.00	1
L07135	Root;Ascomycota;Sordariomycetes;Hypocreales;Clavicipitaceae;Epichloe;Epichloe_elymi	1.00	1
GU994552	Root;Ascomycota;Lecanoromycetes;Lecanorales;Parmeliaceae;Vulpicida;Vulpicida_juniperina	1.00	1
EU118659	Root;Basidiomycota;Agaricomycetes;Polyporales;Xenasmataceae;Xenasmatella;Xenasmatella_aff_ardosiaca_KHL_12928	1.00	1
UDB011023	Unassigned	1.00	1
JF908754	Unassigned	1.00	1
HM036645	Unassigned	1.00	1
U10409	Unassigned	1.00	1
AF410820	Root;Ascomycota;Lecanoromycetes;Lecanorales;Parmeliaceae;Hypogymnia;Hypogymnia_pulverata	1.00	1
AY936537	Unassigned	1.00	1
DQ812914	Root;Basidiomycota;Agaricomycetes;Auriculariales;Auriculariaceae;Auricularia;Auricularia_polytricha	1.00	1
AF101814	Unassigned	1.00	1
AY789290	Root;Ascomycota;Leotiomycetes;Helotiales;Hyaloscyphaceae;Lachnum;Lachnum_clandestinum	1.00	1
DQ789093	Unassigned	1.00	1
AB508118	Root;Ascomycota;Leotiomycetes;Helotiales;Hyaloscyphaceae;Trichopeziza;Trichopeziza_mollissima	1.00	1
UDB011387	Unassigned	1.00	1
JF681959	Root;Ascomycota;Sordariomycetes;Diaporthales;Valsaceae;Winterella;Winterella_aurantiaca	1.00	1
FR686568	Unassigned	1.00	1
JF908572	Root;Ascomycota;Leotiomycetes;Helotiales;Hyaloscyphaceae;Cistella;Cistella_acuum	1.00	1
EU367445	Root;Ascomycota;Sordariomycetes;Calosphaeriales;Calosphaeriaceae;Jattaea;Jattaea_prunicola	1.00	1
DQ404381	Unassigned	1.00	1
GQ169328	Root;Ascomycota;Sordariomycetes;Hypocreales;Hypocreaceae;Hypocrea;Hypocrea_lactea	1.00	1
AB546949	Root;Ascomycota;Sordariomycetes;Hypocreales;Clavicipitaceae;Elaphocordyceps;Elaphocordyceps_ophioglossoides	1.00	1
FJ534886	Root;Basidiomycota;Tremellomycetes;Tremellales;Tremellaceae;Filobasidiella;Filobasidiella_neoformans	1.00	1
GU233324	Root;Basidiomycota;Agaricomycetes;Agaricales;Cortinariaceae;Cortinarius;Cortinarius_alienatus	1.00	1
DQ681201	Root;Basidiomycota;Agaricomycetes;Polyporales;Steccherinaceae;Steccherinum;Steccherinum_robustius	1.00	1
FJ534871	Root;Basidiomycota;Tremellomycetes;Filobasidiales;Filobasidiaceae;Cryptococcus;Cryptococcus_bestiolae	1.00	1
EU517513	Root;Basidiomycota;Agaricomycetes;Agaricales;Mycenaceae;Panellus;Panellus_stypticus	1.00	1
EF452729	Root;Ascomycota;Dothideomycetes;Pleosporales;Phaeosphaeriaceae;Sclerostagonospora;Sclerostagonospora_opuntiae	1.00	1
EU266591	Root;Ascomycota;Sordariomycetes;Hypocreales;Clavicipitaceae;Cordyceps;Cordyceps_chlamydosporia	1.00	1
AJ247516	Root;Ascomycota;Lecanoromycetes;Lecideales;Lecideaceae;Lecidea;Biatora_meiocarpa	1.00	1
DQ875343	Unassigned	1.00	1
JF974086	Unassigned	1.00	1
AY720710	Unassigned	1.00	1
EU784373	Root;Ascomycota;Leotiomycetes;Helotiales;Geoglossaceae;Thuemenidium;Thuemenidium_atropurpureum	1.00	1
EU856062	Root;Ascomycota;Dothideomycetes;Botryosphaeriales;Botryosphaeriaceae;Botryosphaeria;Botryosphaeria_lutea	1.00	1
FN821965	Root;Ascomycota;Sordariomycetes;Xylariales;Xylariaceae;Daldinia;Daldinia_petriniae	1.00	1
EF011655	Root;Ascomycota;Dothideomycetes;Capnodiales;Teratosphaeriaceae;Teratosphaeria;Teratosphaeria_molleriana	1.00	1
DQ534479	Root;Ascomycota;Lecanoromycetes;Agyriales;Trapeliaceae;Orceolina;Orceolina_kerguelensis	1.00	1
GU138749	Root;Ascomycota;Leotiomycetes;Rhytismatales;Rhytismataceae;Coccomyces;Coccomyces_australis	1.00	1
GU067663	Unassigned	1.00	1
EU700370	Root;Ascomycota;Dothideomycetes;Dothideales;Dothideaceae;Dothidea;Dothidea_insculpta	1.00	1
DQ403804	Root;Basidiomycota;Agaricomycetes;Russulales;Russulaceae;Lactarius;Lactarius_clarkeae	1.00	1
AJ419916	Unassigned	1.00	1
GQ254806	Unassigned	1.00	1
EF447422	Root;Ascomycota;Eurotiomycetes;Eurotiales;Trichocomaceae;Aspergillus;Aspergillus_flavus	1.00	1
AY672918	Root;Basidiomycota;Agaricomycetes;Russulales;Echinodontiaceae;Echinodontium;Echinodontium_tinctorium	1.00	1
JF922043	Root;Ascomycota;Eurotiomycetes;Eurotiales;Thermoascaceae;Thermoascus;Thermoascus_crustaceus	1.00	1
AJ842332	Root;Ascomycota;Sordariomycetes;Microascales;Microascaceae;Graphium;Graphium_indicum	1.00	1
AF229484	Root;Ascomycota;Dothideomycetes;Pleosporales;Pleosporaceae;Embellisia;Embellisia_didymospora	1.00	1
AH009861	Root;Basidiomycota;Agaricomycetes;Boletales;Gomphidiaceae;Gomphidius;Gomphidius_glutinosus	1.00	1
AY509551	Unassigned	1.00	1
AY509553	Root;Basidiomycota;Tremellomycetes;Tremellales;Exidiaceae;Heterochaete;Heterochaete_shearii	1.00	1
AF322654	Unassigned	1.00	1
HQ897810	Root;Ascomycota;Sordariomycetes;Hypocreales;Nectriaceae;Nectria;Cosmospora_episphaeria	1.00	1
AY461834	Root;Basidiomycota;Agaricomycetes;Agaricales;Coprinaceae;Coprinus;Coprinus_maysoidisporus	1.00	1
AJ518879	Unassigned	1.00	1
EU266079	Root;Ascomycota;Lecanoromycetes;Teloschistales;Teloschistaceae;Caloplaca;Caloplaca_juniperina	1.00	1
EF029222	Unassigned	1.00	1
DQ384594	Root;Basidiomycota;Agaricomycetes;Polyporales;Polyporaceae;Oligoporus;Oligoporus_rennyi	1.00	1
GQ303296	Root;Ascomycota;Dothideomycetes;Dothideales;Dothioraceae;Aureobasidium;Aureobasidium_pullulans	1.00	1
GU234107	Unassigned	1.00	1
EU784186	Unassigned	1.00	1
AB481284	Root;Ascomycota;Leotiomycetes;Helotiales;Hyaloscyphaceae;Trichopezizella;Trichopezizella_otanii	1.00	1
HQ650655	Unassigned	1.00	1
EU784181	Unassigned	1.00	1
GU136212	Unassigned	1.00	1
EU352771	Unassigned	1.00	1
JF495036	Root;Basidiomycota;Agaricomycetes;Agaricales;Agaricaceae;Chlorophyllum;Chlorophyllum_agaricoides	1.00	1
AJ627583	Root;Basidiomycota;Agaricomycetes;Polyporales;Ganodermataceae;Ganoderma;Ganoderma_lucidum	1.00	1
GU187546	Unassigned	1.00	1
AB524806	Root;Ascomycota;Dothideomycetes;Pleosporales;Tetraplosphaeriaceae;Pseudotetraploa;Pseudotetraploa_curviappendiculata	1.00	1
AJ877221	Root;Ascomycota;Eurotiomycetes;Onygenales;Onygenaceae;Chrysosporium;Chrysosporium_vespertilium	1.00	1
GQ981492	Unassigned	1.00	1
HM359013	Unassigned	1.00	1
AF482857	Unassigned	1.00	1
EF535692	Root;Ascomycota;Dothideomycetes;Capnodiales;Mycosphaerellaceae;Mycosphaerella;Mycosphaerella_buckinghamiae	1.00	1
EF636923	Unassigned	1.00	1
GQ981494	Unassigned	1.00	1
AF395684	Unassigned	1.00	1
EU681316	Root;Ascomycota;Lecanoromycetes;Teloschistales;Teloschistaceae;Xanthoria;Xanthoria_inflata	1.00	1
EF025406	Unassigned	1.00	1
FJ493187	Root;Ascomycota;Dothideomycetes;Capnodiales;Mycosphaerellaceae;Brunneosphaerella;Brunneosphaerella_protearum	1.00	1
JN165015	Root;Basidiomycota;Agaricomycetes;Polyporales;Polyporaceae;Trametes;Trametes_elegans	1.00	1
FJ766487	Unassigned	1.00	1
